36784,0.00,0,139.95,1
130176,0.00,0,55.12,2
170524,101.12,1,55.12,2
223536,101.12,1,55.14,3
316912,101.12,1,55.13,4
410320,101.12,1,55.11,5
487304,54.44,2,55.11,5
503688,54.44,2,55.14,6
597052,54.44,2,55.14,7
690440,54.44,2,55.12,8
783820,54.44,2,55.13,9
803984,54.45,3,55.13,9
877180,54.45,3,55.14,10
970556,54.45,3,55.13,11
1063948,54.45,3,55.12,12
1120732,54.44,4,55.12,12
1157304,54.44,4,55.14,13
1250664,54.44,4,55.14,14
1344060,54.44,4,55.12,15
1437460,54.44,5,55.15,16
1530764,54.44,5,55.14,17
1624140,54.44,5,55.13,18
1717516,54.44,5,55.13,19
1754092,54.46,6,55.13,19
1810844,54.46,6,55.16,20
1904204,54.46,6,55.14,21
1997584,54.46,6,55.13,22
2070784,54.45,7,55.13,22
2090928,54.45,7,55.15,23
2184260,54.45,7,55.16,24
2277640,54.45,7,55.13,25
2370984,54.45,7,55.15,26
2387408,54.46,8,55.15,26
2464328,54.46,8,55.15,27
2557676,54.46,8,55.15,28
2651036,54.46,8,55.14,29
2704032,54.46,9,55.14,29
2744368,54.46,9,55.16,30
2837700,54.46,9,55.16,31
2931064,54.46,9,55.14,32
3020676,54.46,10,55.14,32
3024396,54.46,10,55.16,33
3117724,54.46,10,55.16,34
3211068,54.46,10,55.15,35
3304420,54.46,10,55.15,36
3337224,54.48,11,55.15,36
3397736,54.48,11,55.17,37
3491068,54.48,11,55.16,38
3584412,54.48,11,55.15,39
3653832,54.46,12,55.15,39
3677728,54.46,12,55.17,40
3771040,54.46,12,55.17,41
3864388,54.46,12,55.15,42
3957716,54.46,12,55.16,43
3970380,54.48,13,55.16,43
4051020,54.48,13,55.17,44
4144348,54.48,13,55.16,45
4237680,54.48,13,55.16,46
4286908,54.48,14,55.16,46
4330980,54.48,14,55.18,47
4424300,54.48,14,55.17,48
4517632,54.48,14,55.16,49
4603448,54.48,15,55.16,49
4610944,54.48,15,55.17,50
4704244,54.48,15,55.18,51
4797572,54.48,15,55.16,52
4890888,54.48,15,55.17,53
4919932,54.49,16,55.17,53
4984168,54.49,16,55.19,54
5077472,54.49,16,55.17,55
5170804,54.49,16,55.16,56
5236436,54.48,17,55.16,56
5264088,54.48,17,55.19,57
5357372,54.48,17,55.19,58
5450704,54.48,17,55.16,59
5543988,54.48,17,55.19,60
5552884,54.49,18,55.19,60
5637268,54.49,18,55.19,61
5730572,54.49,18,55.17,62
5823868,54.49,18,55.18,63
5869304,54.50,19,55.18,63
5917152,54.50,19,55.19,64
6010432,54.50,19,55.19,65
6103748,54.50,19,55.17,66
6185780,54.49,20,55.17,66
6197000,54.49,20,55.21,67
6290280,54.49,20,55.19,68
6383580,54.49,20,55.18,69
6476860,54.49,20,55.19,70
6502116,54.51,21,55.19,70
6570108,54.51,21,55.21,71
6663392,54.51,21,55.19,72
6756676,54.51,21,55.19,73
6818540,54.50,22,55.19,73
6849940,54.50,22,55.20,74
6943192,54.50,22,55.21,75
7036492,54.50,22,55.18,76
7129756,54.50,22,55.20,77
7134892,54.51,23,55.20,77
7223004,54.51,23,55.21,78
7316268,54.51,23,55.20,79
7409540,54.51,23,55.19,80
7451208,54.52,24,55.19,80
7502776,54.52,24,55.21,81
7596048,54.52,24,55.19,82
7689320,54.52,24,55.19,83
7767552,54.51,25,55.19,83
7782552,54.51,25,55.22,84
7875788,54.51,25,55.21,85
7969060,54.51,25,55.19,86
8062308,54.51,25,55.21,87
8083820,54.52,26,55.21,87
8155544,54.52,26,55.21,88
8248792,54.52,26,55.21,89
8342048,54.52,26,55.20,90
8400104,54.52,27,55.20,90
8435280,54.52,27,55.22,91
8528512,54.52,27,55.22,92
8621764,54.52,27,55.21,93
8715000,54.52,27,55.21,94
8716384,54.52,28,55.21,94
8808220,54.52,28,55.22,95
8901456,54.52,28,55.21,96
8994692,54.52,28,55.21,97
9032592,54.53,29,55.21,97
9087896,54.53,29,55.23,98
9181132,54.53,29,55.21,99
9274372,54.53,29,55.21,100
9348832,54.53,30,55.21,100
9367576,54.53,30,55.23,101
9460784,54.53,30,55.23,102
9554020,54.53,30,55.21,103
9647244,54.53,30,55.22,104
9664972,54.55,31,55.22,104
9740432,54.55,31,55.24,105
9833652,54.55,31,55.22,106
9926872,54.55,31,55.22,107
9981144,54.54,32,55.22,107
10020064,54.54,32,55.24,108
10113268,54.54,32,55.23,109
10206504,54.54,32,55.21,110
10297324,54.54,33,55.21,110
10299692,54.54,33,55.24,111
10392884,54.54,33,55.24,112
10486092,54.54,33,55.23,113
10579296,54.54,33,55.23,114
10613416,54.55,34,55.23,114
10672468,54.55,34,55.25,115
10765660,54.55,34,55.24,116
10858868,54.55,34,55.23,117
10929556,54.55,35,55.23,117
10952048,54.55,35,55.25,118
11045220,54.55,35,55.25,119
11138444,54.55,35,55.22,120
11231612,54.55,35,55.26,121
11245612,54.56,36,55.26,121
11324780,54.56,36,55.26,122
11417968,54.56,36,55.24,123
11511156,54.56,36,55.24,124
11561656,54.56,37,55.24,124
11604308,54.56,37,55.26,125
11697480,54.56,37,55.25,126
11790684,54.56,37,55.23,127
11877732,54.56,38,55.23,127
11883836,54.56,38,55.26,128
11976988,54.56,38,55.26,129
12070172,54.56,38,55.25,130
12163340,54.56,38,55.26,131
12193712,54.57,39,55.26,131
12256496,54.57,39,55.26,132
12349652,54.57,39,55.26,133
12442824,54.57,39,55.25,134
12509736,54.57,40,55.25,134
12535976,54.57,40,55.26,135
12629116,54.57,40,55.27,136
12722296,54.57,40,55.25,137
12815436,54.57,40,55.27,138
12825688,54.58,41,55.27,138
12908576,54.58,41,55.27,139
13001736,54.58,41,55.26,140
13094884,54.58,41,55.27,141
13141624,54.58,42,55.27,141
13188008,54.58,42,55.28,142
13281144,54.58,42,55.27,143
13374312,54.58,42,55.26,144
13457580,54.58,43,55.26,144
13467432,54.58,43,55.28,145
13560556,54.58,43,55.28,146
13653692,54.58,43,55.27,147
13746832,54.58,43,55.27,148
13773432,54.60,44,55.27,148
13839936,54.60,44,55.29,149
13933072,54.60,44,55.27,150
14026212,54.60,44,55.27,151
14089332,54.59,45,55.27,151
14119320,54.59,45,55.29,152
14212420,54.59,45,55.30,153
14305576,54.59,45,55.26,154
14398680,54.59,45,55.29,155
14405200,54.59,46,55.29,155
14491788,54.59,46,55.29,156
14584908,54.59,46,55.28,157
14678028,54.59,46,55.28,158
14720984,54.61,47,55.28,158
14771116,54.61,47,55.30,159
14864220,54.61,47,55.29,160
14957356,54.61,47,55.27,161
15036844,54.59,48,55.27,161
15050444,54.59,48,55.30,162
15143536,54.59,48,55.30,163
15236640,54.59,48,55.29,164
15329744,54.59,48,55.29,165
15352572,54.62,49,55.29,165
15422812,54.62,49,55.31,166
15515912,54.62,49,55.30,167
15609032,54.62,49,55.28,168
15668376,54.60,50,55.28,168
15702088,54.60,50,55.32,169
15795180,54.60,50,55.30,170
15888284,54.60,50,55.29,171
15981372,54.60,50,55.30,172
15984108,54.62,51,55.30,172
16074428,54.62,51,55.32,173
16167516,54.62,51,55.30,174
16260620,54.62,51,55.29,175
16299820,54.62,52,55.29,175
16353676,54.62,52,55.32,176
16446748,54.62,52,55.31,177
16539840,54.62,52,55.30,178
16615548,54.62,53,55.30,178
16632900,54.62,53,55.32,179
16725956,54.62,53,55.32,180
16819032,54.62,53,55.31,181
16912112,54.62,53,55.31,182
16931188,54.63,54,55.31,182
17005156,54.63,54,55.33,183
17098216,54.63,54,55.32,184
17191296,54.63,54,55.31,185
17246832,54.63,55,55.31,185
17284320,54.63,55,55.34,186
17377384,54.63,55,55.32,187
17470448,54.63,55,55.32,188
17562496,54.63,56,55.32,188
17563492,54.63,56,55.33,189
17656532,54.63,56,55.33,190
17749588,54.63,56,55.32,191
17842644,54.63,56,55.32,192
17878068,54.64,57,55.32,192
17935668,54.64,57,55.34,193
18028708,54.64,57,55.33,194
18121752,54.64,57,55.33,195
18193676,54.64,58,55.33,195
18214780,54.64,58,55.34,196
18307808,54.64,58,55.34,197
18400856,54.64,58,55.33,198
18493884,54.64,58,55.34,199
18509200,54.65,59,55.34,199
18586896,54.65,59,55.35,200
18679924,54.65,59,55.34,201
18772956,54.65,59,55.34,202
18824744,54.65,60,55.34,202
18865952,54.65,60,55.36,203
18958984,54.65,60,55.34,204
19052008,54.65,60,55.34,205
19140252,54.65,61,55.34,205
19145016,54.65,61,55.35,206
19238028,54.65,61,55.35,207
19331036,54.65,61,55.35,208
19424052,54.65,61,55.35,209
19455716,54.66,62,55.35,209
19517052,54.66,62,55.35,210
19610052,54.66,62,55.35,211
19703064,54.66,62,55.35,212
19771212,54.66,63,55.35,212
19796060,54.66,63,55.36,213
19889040,54.66,63,55.37,214
19982072,54.66,63,55.34,215
20075048,54.66,63,55.37,216
20086636,54.67,64,55.37,216
20168044,54.67,64,55.36,217
20261036,54.67,64,55.36,218
20354032,54.67,64,55.36,219
20402028,54.67,65,55.36,219
20447000,54.67,65,55.37,220
20539980,54.67,65,55.37,221
20632988,54.67,65,55.35,222
20717468,54.67,66,55.35,222
20725952,54.67,66,55.38,223
20818932,54.67,66,55.37,224
20911912,54.67,66,55.37,225
21004896,54.67,66,55.36,226
21032788,54.69,67,55.36,226
21097856,54.69,67,55.38,227
21190820,54.69,67,55.38,228
21283816,54.69,67,55.36,229
21348160,54.68,68,55.36,229
21376764,54.68,68,55.39,230
21469708,54.68,68,55.39,231
21562704,54.68,68,55.36,232
21655648,54.68,68,55.39,233
21663464,54.69,69,55.39,233
21748596,54.69,69,55.39,234
21841556,54.69,69,55.38,235
21934536,54.69,69,55.37,236
21978752,54.69,70,55.37,236
22027464,54.69,70,55.40,237
22120408,54.69,70,55.39,238
22213384,54.69,70,55.37,239
22294056,54.69,71,55.37,239
22306308,54.69,71,55.40,240
22399248,54.69,71,55.39,241
22492208,54.69,71,55.38,242
22585148,54.69,71,55.39,243
22609272,54.71,72,55.39,243
22678060,54.71,72,55.41,244
22770988,54.71,72,55.40,245
22863952,54.71,72,55.38,246
22924508,54.70,73,55.38,246
22956864,54.70,73,55.41,247
23049776,54.70,73,55.41,248
23142736,54.70,73,55.38,249
23235648,54.70,73,55.41,250
23239732,54.70,74,55.41,250
23328560,54.70,74,55.41,251
23421484,54.70,74,55.40,252
23514416,54.70,74,55.40,253
23554864,54.72,75,55.40,253
23607312,54.72,75,55.42,254
23700228,54.72,75,55.40,255
23793160,54.72,75,55.40,256
23870064,54.71,76,55.40,256
23886056,54.71,76,55.42,257
23978952,54.71,76,55.42,258
24071864,54.71,76,55.41,259
24164776,54.71,76,55.41,260
24185144,54.73,77,55.41,260
24257644,54.73,77,55.43,261
24350556,54.73,77,55.41,262
24443472,54.73,77,55.40,263
24500268,54.72,78,55.40,263
24536348,54.72,78,55.43,264
24629244,54.72,78,55.42,265
24722160,54.72,78,55.40,266
24815044,54.72,78,55.42,267
24815368,54.73,79,55.42,267
24907908,54.73,79,55.44,268
25000820,54.73,79,55.41,269
25093704,54.73,79,55.42,270
25130404,54.74,80,55.42,270
25186572,54.74,80,55.43,271
25279456,54.74,80,55.42,272
25372352,54.74,80,55.42,273
25445480,54.73,81,55.42,273
25465200,54.73,81,55.45,274
25558068,54.73,81,55.43,275
25650968,54.73,81,55.41,276
25743836,54.73,81,55.43,277
25760464,54.75,82,55.43,277
25836684,54.75,82,55.45,278
25929548,54.75,82,55.44,279
26022432,54.75,82,55.42,280
26075448,54.75,83,55.42,280
26115284,54.75,83,55.44,281
26208132,54.75,83,55.45,282
26301016,54.75,83,55.42,283
26390448,54.74,84,55.42,283
26393868,54.74,84,55.44,284
26486700,54.74,84,55.46,285
26579564,54.74,84,55.44,286
26672432,54.74,84,55.43,287
26705344,54.76,85,55.43,287
26765252,54.76,85,55.46,288
26858104,54.76,85,55.44,289
26950956,54.76,85,55.44,290
27020312,54.75,86,55.44,290
27043788,54.75,86,55.46,291
27136624,54.75,86,55.45,292
27229476,54.75,86,55.44,293
27322308,54.75,86,55.46,294
27335184,54.77,87,55.46,294
27415128,54.77,87,55.46,295
27507964,54.77,87,55.45,296
27600796,54.77,87,55.46,297
27650044,54.77,88,55.46,297
27693612,54.77,88,55.46,298
27786432,54.77,88,55.46,299
27879284,54.77,88,55.44,300
27964916,54.77,89,55.44,300
27972084,54.77,89,55.47,301
28064884,54.77,89,55.47,302
28157704,54.77,89,55.46,303
28250540,54.77,89,55.45,304
28279708,54.78,90,55.45,304
28343324,54.78,90,55.48,305
28436140,54.78,90,55.46,306
28528960,54.78,90,55.46,307
28594512,54.78,91,55.46,307
28621744,54.78,91,55.48,308
28714548,54.78,91,55.47,309
28807364,54.78,91,55.46,310
28900152,54.78,91,55.48,311
28909284,54.78,92,55.48,311
28992940,54.78,92,55.48,312
29085744,54.78,92,55.47,313
29178544,54.78,92,55.47,314
29224008,54.79,93,55.47,314
29271312,54.79,93,55.49,315
29364100,54.79,93,55.48,316
29456904,54.79,93,55.47,317
29538780,54.78,94,55.47,317
29549680,54.78,94,55.49,318
29642440,54.78,94,55.50,319
29735248,54.78,94,55.47,320
29828024,54.78,94,55.49,321
29853416,54.81,95,55.49,321
29920784,54.81,95,55.50,322
30013560,54.81,95,55.49,323
30106348,54.81,95,55.48,324
30168124,54.79,96,55.48,324
30199104,54.79,96,55.50,325
30291864,54.79,96,55.50,326
30384640,54.79,96,55.49,327
30477404,54.79,96,55.50,328
30482776,54.80,97,55.50,328
30570148,54.80,97,55.51,329
30662920,54.80,97,55.49,330
30755692,54.80,97,55.49,331
30797392,54.81,98,55.49,331
30848432,54.81,98,55.51,332
30941184,54.81,98,55.50,333
31033940,54.81,98,55.50,334
31112024,54.81,99,55.50,334
31126676,54.81,99,55.51,335
31219416,54.81,99,55.51,336
31312172,54.81,99,55.50,337
31404924,54.81,99,55.50,338
31426560,54.82,100,55.50,338
31497644,54.82,100,55.52,339
31590380,54.82,100,55.51,340
31683136,54.82,100,55.50,341
31741132,54.82,101,55.50,341
31775856,54.82,101,55.52,342
31868580,54.82,101,55.52,343
31961332,54.82,101,55.50,344
32054056,54.82,101,55.52,345
32055668,54.82,102,55.52,345
32146756,54.82,102,55.53,346
32239496,54.82,102,55.51,347
32332216,54.82,102,55.52,348
32370140,54.83,103,55.52,348
32424924,54.83,103,55.53,349
32517628,54.83,103,55.53,350
32610364,54.83,103,55.51,351
32684660,54.83,104,55.51,351
32703052,54.83,104,55.54,352
32795756,54.83,104,55.53,353
32888496,54.83,104,55.51,354
32981184,54.83,104,55.54,355
32999064,54.85,105,55.54,355
33073856,54.85,105,55.55,356
33166564,54.85,105,55.53,357
33259268,54.85,105,55.53,358
33313484,54.84,106,55.53,358
33351940,54.84,106,55.55,359
33444624,54.84,106,55.54,360
33537348,54.84,106,55.52,361
33627888,54.85,107,55.52,361
33630020,54.85,107,55.55,362
33722676,54.85,107,55.56,363
33815380,54.85,107,55.53,364
33908056,54.85,107,55.55,365
33942224,54.86,108,55.55,365
34000712,54.86,108,55.56,366
34093400,54.86,108,55.54,367
34186084,54.86,108,55.54,368
34256584,54.85,109,55.54,368
34278740,54.85,109,55.56,369
34371392,54.85,109,55.56,370
34464080,54.85,109,55.54,371
34556736,54.85,109,55.56,372
34570872,54.87,110,55.56,372
34649376,54.87,110,55.57,373
34742048,54.87,110,55.55,374
34834708,54.87,110,55.56,375
34885152,54.87,111,55.56,375
34927344,54.87,111,55.57,376
35020000,54.87,111,55.56,377
35112672,54.87,111,55.55,378
35199452,54.86,112,55.55,378
35205296,54.86,112,55.58,379
35297940,54.86,112,55.57,380
35390596,54.86,112,55.56,381
35483248,54.86,112,55.56,382
35513628,54.89,113,55.56,382
35575852,54.89,113,55.59,383
35668496,54.89,113,55.57,384
35761152,54.89,113,55.56,385
35827888,54.87,114,55.56,385
35853760,54.87,114,55.59,386
35946400,54.87,114,55.57,387
36039040,54.87,114,55.57,388
36131664,54.87,114,55.58,389
36142060,54.89,115,55.58,389
36224272,54.89,115,55.59,390
36316908,54.89,115,55.57,391
36409536,54.89,115,55.58,392
36456212,54.89,116,55.58,392
36502140,54.89,116,55.59,393
36594748,54.89,116,55.59,394
36687388,54.89,116,55.57,395
36770388,54.89,117,55.57,395
36779996,54.89,117,55.59,396
36872580,54.89,117,55.60,397
36965204,54.89,117,55.58,398
37057828,54.89,117,55.58,399
37084468,54.90,118,55.58,399
37150404,54.90,118,55.61,400
37243012,54.90,118,55.59,401
37335620,54.90,118,55.59,402
37398584,54.90,119,55.59,402
37428208,54.90,119,55.60,403
37520788,54.90,119,55.61,404
37613412,54.90,119,55.58,405
37705988,54.90,119,55.61,406
37712648,54.91,120,55.61,406
37798560,54.91,120,55.61,407
37891168,54.91,120,55.59,408
37983760,54.91,120,55.60,409
38026660,54.92,121,55.60,409
38076320,54.92,121,55.62,410
38168896,54.92,121,55.61,411
38261492,54.92,121,55.60,412
38340724,54.91,122,55.60,412
38354052,54.91,122,55.62,413
38446612,54.91,122,55.62,414
38539188,54.91,122,55.61,415
38631768,54.91,122,55.61,416
38654656,54.93,123,55.61,416
38724312,54.93,123,55.63,417
38816876,54.93,123,55.62,418
38909452,54.93,123,55.61,419
38968636,54.92,124,55.61,419
39002000,54.92,124,55.63,420
39094544,54.92,124,55.63,421
39187128,54.92,124,55.60,422
39279676,54.92,124,55.63,423
39282576,54.93,125,55.63,423
39372212,54.93,125,55.63,424
39464756,54.93,125,55.63,425
39557324,54.93,125,55.61,426
39596452,54.94,126,55.61,426
39649840,54.94,126,55.64,427
39742376,54.94,126,55.63,428
39834940,54.94,126,55.62,429
39910372,54.93,127,55.62,429
39927452,54.93,127,55.65,430
40019984,54.93,127,55.63,431
40112532,54.93,127,55.63,432
40205068,54.93,127,55.63,433
40224208,54.95,128,55.63,433
40297572,54.95,128,55.65,434
40390104,54.95,128,55.63,435
40482652,54.95,128,55.63,436
40538044,54.95,129,55.63,436
40575156,54.95,129,55.65,437
40667656,54.95,129,55.65,438
40760204,54.95,129,55.63,439
40851892,54.94,130,55.63,439
40852708,54.94,130,55.65,440
40945208,54.94,130,55.65,441
41037740,54.94,130,55.63,442
41130276,54.94,130,55.63,443
41165640,54.96,131,55.63,443
41222744,54.96,131,55.67,444
41315260,54.96,131,55.64,445
41407788,54.96,131,55.64,446
41479448,54.95,132,55.64,446
41500272,54.95,132,55.66,447
41592756,54.95,132,55.66,448
41685288,54.95,132,55.63,449
41777772,54.95,132,55.66,450
41793168,54.97,133,55.66,450
41870256,54.97,133,55.66,451
41962752,54.97,133,55.66,452
42055268,54.97,133,55.64,453
42106892,54.97,134,55.64,453
42147736,54.97,134,55.67,454
42240220,54.97,134,55.66,455
42332732,54.97,134,55.65,456
42420620,54.96,135,55.65,456
42425196,54.96,135,55.68,457
42517680,54.96,135,55.66,458
42610160,54.96,135,55.67,459
42702656,54.96,135,55.66,460
42734280,54.98,136,55.66,460
42795108,54.98,136,55.68,461
42887576,54.98,136,55.67,462
42980076,54.98,136,55.65,463
43047972,54.97,137,55.65,463
43072528,54.97,137,55.68,464
43164980,54.97,137,55.68,465
43257476,54.97,137,55.66,466
43349940,54.97,137,55.68,467
43361592,54.98,138,55.68,467
43442372,54.98,138,55.69,468
43534836,54.98,138,55.68,469
43627320,54.98,138,55.66,470
43675184,54.99,139,55.66,470
43719752,54.99,139,55.69,471
43812200,54.99,139,55.69,472
43904672,54.99,139,55.67,473
43988808,54.98,140,55.67,473
43997104,54.98,140,55.69,474
44089540,54.98,140,55.69,475
44182012,54.98,140,55.67,476
44274460,54.98,140,55.69,477
44302316,55.00,141,55.69,477
44366876,55.00,141,55.70,478
44459308,55.00,141,55.69,479
44551768,55.00,141,55.68,480
44615892,54.99,142,55.68,480
44644188,54.99,142,55.70,481
44736620,54.99,142,55.69,482
44829064,54.99,142,55.69,483
44921496,54.99,142,55.69,484
44929404,55.00,143,55.69,484
45013900,55.00,143,55.71,485
45106336,55.00,143,55.69,486
45198772,55.00,143,55.69,487
45242884,55.01,144,55.69,487
45291172,55.01,144,55.71,488
45383592,55.01,144,55.70,489
45476028,55.01,144,55.69,490
45556376,55.01,145,55.69,490
45568432,55.01,145,55.71,491
45660820,55.01,145,55.72,492
45753252,55.01,145,55.69,493
45845668,55.01,145,55.70,494
45869780,55.02,146,55.70,494
45938052,55.02,146,55.72,495
46030464,55.02,146,55.71,496
46122880,55.02,146,55.70,497
46183220,55.02,147,55.70,497
46215264,55.02,147,55.72,498
46307648,55.02,147,55.72,499
46400080,55.02,147,55.69,500
46492460,55.02,147,55.73,501
46496636,55.02,148,55.73,501
46584844,55.02,148,55.72,502
46677244,55.02,148,55.71,503
46769644,55.02,148,55.71,504
46809976,55.03,149,55.71,504
46862016,55.03,149,55.73,505
46954400,55.03,149,55.72,506
47046800,55.03,149,55.71,507
47123384,55.02,150,55.71,507
47139164,55.02,150,55.74,508
47231548,55.02,150,55.72,509
47323932,55.02,150,55.72,510
47416320,55.02,150,55.72,511
47436680,55.04,151,55.72,511
47508672,55.04,151,55.74,512
47601040,55.04,151,55.73,513
47693436,55.04,151,55.72,514
47750012,55.03,152,55.72,514
47785788,55.03,152,55.74,515
47878156,55.03,152,55.73,516
47970524,55.03,152,55.73,517
48062880,55.03,152,55.74,518
48063312,55.04,153,55.74,518
48155232,55.04,153,55.74,519
48247600,55.04,153,55.73,520
48339968,55.04,153,55.73,521
48376556,55.05,154,55.73,521
48432304,55.05,154,55.75,522
48524652,55.05,154,55.75,523
48617020,55.05,154,55.73,524
48689820,55.05,155,55.73,524
48709352,55.05,155,55.76,525
48801708,55.05,155,55.74,526
48894060,55.05,155,55.74,527
48986396,55.05,155,55.75,528
49003016,55.06,156,55.75,528
49078716,55.06,156,55.76,529
49171064,55.06,156,55.75,530
49263416,55.06,156,55.74,531
49316216,55.06,157,55.74,531
49355736,55.06,157,55.76,532
49448056,55.06,157,55.76,533
49540408,55.06,157,55.74,534
49629428,55.06,158,55.74,534
49632728,55.06,158,55.76,535
49725048,55.06,158,55.76,536
49817384,55.06,158,55.75,537
49909704,55.06,158,55.76,538
49942540,55.07,159,55.76,538
50002008,55.07,159,55.77,539
50094324,55.07,159,55.76,540
50186656,55.07,159,55.76,541
50255704,55.06,160,55.76,541
50278960,55.06,160,55.77,542
50371260,55.06,160,55.77,543
50463596,55.06,160,55.75,544
50555896,55.06,160,55.77,545
50568780,55.08,161,55.77,545
50648184,55.08,161,55.78,546
50740504,55.08,161,55.76,547
50832808,55.08,161,55.77,548
50881852,55.08,162,55.77,548
50925096,55.08,162,55.78,549
51017392,55.08,162,55.78,550
51109712,55.08,162,55.76,551
51194940,55.08,163,55.76,551
51201996,55.08,163,55.78,552
51294268,55.08,163,55.79,553
51386572,55.08,163,55.77,554
51478856,55.08,163,55.78,555
51507928,55.09,164,55.78,555
51571128,55.09,164,55.79,556
51663412,55.09,164,55.78,557
51755700,55.09,164,55.78,558
51820964,55.09,165,55.78,558
51847968,55.09,165,55.79,559
51940240,55.09,165,55.79,560
52032544,55.09,165,55.77,561
52124812,55.09,165,55.79,562
52133952,55.09,166,55.79,562
52217068,55.09,166,55.80,563
52309352,55.09,166,55.78,564
52401624,55.09,166,55.79,565
52446892,55.10,167,55.79,565
52493880,55.10,167,55.80,566
52586132,55.10,167,55.80,567
52678420,55.10,167,55.78,568
52759868,55.10,168,55.78,568
52770672,55.10,168,55.80,569
52862908,55.10,168,55.81,570
52955172,55.10,168,55.80,571
53047428,55.10,168,55.80,572
53072740,55.12,169,55.80,572
53139664,55.12,169,55.81,573
53231916,55.12,169,55.80,574
53324184,55.12,169,55.79,575
53385660,55.11,170,55.79,575
53416408,55.11,170,55.82,576
53508652,55.11,170,55.81,577
53600904,55.11,170,55.80,578
53693144,55.11,170,55.81,579
53698528,55.12,171,55.81,579
53785368,55.12,171,55.82,580
53877608,55.12,171,55.81,581
53969864,55.12,171,55.80,582
54011348,55.12,172,55.80,582
54062068,55.12,172,55.83,583
54154288,55.12,172,55.82,584
54246544,55.12,172,55.80,585
54324220,55.12,173,55.80,585
54338764,55.12,173,55.82,586
54430968,55.12,173,55.83,587
54523204,55.12,173,55.81,588
54615428,55.12,173,55.82,589
54636984,55.13,174,55.82,589
54707616,55.13,174,55.84,590
54799840,55.13,174,55.82,591
54892076,55.13,174,55.81,592
54949752,55.13,175,55.81,592
54984268,55.13,175,55.84,593
55076460,55.13,175,55.84,594
55168704,55.13,175,55.81,595
55260888,55.13,175,55.84,596
55262536,55.13,176,55.84,596
55353080,55.13,176,55.84,597
55445284,55.13,176,55.83,598
55537492,55.13,176,55.83,599
55575220,55.15,177,55.83,599
55629668,55.15,177,55.85,600
55721860,55.15,177,55.84,601
55814072,55.15,177,55.83,602
55887972,55.14,178,55.83,602
55906248,55.14,178,55.85,603
55998420,55.14,178,55.85,604
56090632,55.14,178,55.83,605
56182820,55.14,178,55.84,606
56200608,55.16,179,55.84,606
56274976,55.16,179,55.86,607
56367164,55.16,179,55.84,608
56459356,55.16,179,55.84,609
56513272,55.15,180,55.84,609
56551516,55.15,180,55.86,610
56643680,55.15,180,55.86,611
56735872,55.15,180,55.84,612
56825928,55.15,181,55.84,612
56828032,55.15,181,55.86,613
56920176,55.15,181,55.87,614
57012356,55.15,181,55.85,615
57104536,55.15,181,55.85,616
57138512,55.17,182,55.85,616
57196680,55.17,182,55.87,617
57288836,55.17,182,55.86,618
57381012,55.17,182,55.85,619
57451128,55.16,183,55.85,619
57473156,55.16,183,55.87,620
57565300,55.16,183,55.87,621
57657460,55.16,183,55.86,622
57749620,55.16,183,55.86,623
57763680,55.17,184,55.86,623
57841748,55.17,184,55.88,624
57933892,55.17,184,55.87,625
58026052,55.17,184,55.86,626
58076192,55.18,185,55.86,626
58118180,55.18,185,55.88,627
58210312,55.18,185,55.88,628
58302472,55.18,185,55.86,629
58388772,55.17,186,55.86,629
58394592,55.17,186,55.88,630
58486708,55.17,186,55.89,631
58578852,55.17,186,55.87,632
58670996,55.17,186,55.87,633
58701200,55.19,187,55.87,633
58763092,55.19,187,55.90,634
58855220,55.19,187,55.88,635
58947360,55.19,187,55.87,636
59013712,55.18,188,55.87,636
59039472,55.18,188,55.89,637
59131584,55.18,188,55.89,638
59223716,55.18,188,55.88,639
59315824,55.18,188,55.89,640
59326156,55.19,189,55.89,640
59407932,55.19,189,55.89,641
59500044,55.19,189,55.89,642
59592172,55.19,189,55.88,643
59638548,55.20,190,55.88,643
59684252,55.20,190,55.91,644
59776348,55.20,190,55.90,645
59868476,55.20,190,55.88,646
59950996,55.19,191,55.88,646
59960572,55.19,191,55.90,647
60052652,55.19,191,55.91,648
60144760,55.19,191,55.89,649
60236868,55.19,191,55.89,650
60263336,55.21,192,55.89,650
60328948,55.21,192,55.91,651
60421040,55.21,192,55.90,652
60513148,55.21,192,55.89,653
60575720,55.20,193,55.89,653
60605212,55.20,193,55.92,654
60697292,55.20,193,55.91,655
60789404,55.20,193,55.89,656
60881484,55.20,193,55.91,657
60888084,55.20,194,55.91,657
60973544,55.20,194,55.92,658
61065624,55.20,194,55.91,659
61157720,55.20,194,55.90,660
61200348,55.22,195,55.90,660
61249780,55.22,195,55.92,661
61341844,55.22,195,55.92,662
61433940,55.22,195,55.90,663
61512696,55.21,196,55.90,663
61526004,55.21,196,55.92,664
61618052,55.21,196,55.93,665
61710132,55.21,196,55.91,666
61802208,55.21,196,55.91,667
61824932,55.23,197,55.91,667
61894248,55.23,197,55.93,668
61986304,55.23,197,55.92,669
62078380,55.23,197,55.91,670
62137192,55.22,198,55.91,670
62170424,55.22,198,55.93,671
62262464,55.22,198,55.93,672
62354544,55.22,198,55.91,673
62446588,55.22,198,55.93,674
62449436,55.23,199,55.93,674
62538612,55.23,199,55.94,675
62630672,55.23,199,55.92,676
62722732,55.23,199,55.92,677
62761624,55.24,200,55.92,677
62814760,55.24,200,55.94,678
62906804,55.24,200,55.93,679
62998860,55.24,200,55.92,680
63073832,55.23,201,55.92,680
63090872,55.23,201,55.95,681
63182900,55.23,201,55.94,682
63274956,55.23,201,55.92,683
63366984,55.23,201,55.94,684
63385980,55.24,202,55.94,684
63458996,55.24,202,55.95,685
63551024,55.24,202,55.94,686
63643080,55.24,202,55.92,687
63698116,55.25,203,55.92,687
63735072,55.25,203,55.96,688
63827084,55.25,203,55.95,689
63919128,55.25,203,55.93,690
64010268,55.24,204,55.93,690
64011136,55.24,204,55.95,691
64103144,55.24,204,55.95,692
64195172,55.24,204,55.94,693
64287196,55.24,204,55.94,694
64322320,55.26,205,55.94,694
64379184,55.26,205,55.96,695
64471188,55.26,205,55.95,696
64563212,55.26,205,55.94,697
64634436,55.25,206,55.94,697
64655200,55.25,206,55.96,698
64747192,55.25,206,55.96,699
64839212,55.25,206,55.94,700
64931208,55.25,206,55.96,701
64946456,55.27,207,55.96,701
65023188,55.27,207,55.97,702
65115196,55.27,207,55.95,703
65207188,55.27,207,55.96,704
65258476,55.27,208,55.96,704
65299168,55.27,208,55.97,705
65391160,55.27,208,55.96,706
65483168,55.27,208,55.95,707
65570532,55.26,209,55.95,707
65575144,55.26,209,55.97,708
65667104,55.26,209,55.98,709
65759096,55.26,209,55.96,710
65851088,55.26,209,55.96,711
65882492,55.28,210,55.96,711
65943044,55.28,210,55.98,712
66035024,55.28,210,55.97,713
66127012,55.28,210,55.96,714
66194472,55.27,211,55.96,714
66218972,55.27,211,55.98,715
66310936,55.27,211,55.98,716
66402928,55.27,211,55.96,717
66494888,55.27,211,55.98,718
66506420,55.28,212,55.98,718
66586832,55.28,212,55.99,719
66678792,55.28,212,55.98,720
66770784,55.28,212,55.96,721
66818316,55.29,213,55.96,721
66862708,55.29,213,56.00,722
66954656,55.29,213,55.99,723
67046652,55.29,213,55.96,724
67130256,55.28,214,55.96,724
67138584,55.28,214,56.00,725
67230528,55.28,214,55.99,726
67322492,55.28,214,55.98,727
67414444,55.28,214,55.99,728
67442096,55.30,215,55.99,728
67506360,55.30,215,56.01,729
67598308,55.30,215,55.99,730
67690276,55.30,215,55.98,731
67753992,55.29,216,55.98,731
67782192,55.29,216,56.01,732
67874128,55.29,216,56.00,733
67966092,55.29,216,55.98,734
68058024,55.29,216,56.00,735
68065816,55.30,217,56.00,735
68149940,55.30,217,56.01,736
68241876,55.30,217,56.00,737
68333824,55.30,217,55.99,738
68377620,55.30,218,55.99,738
68425740,55.30,218,56.01,739
68517660,55.30,218,56.01,740
68609592,55.30,218,56.00,741
68689456,55.30,219,56.00,741
68701512,55.30,219,56.01,742
68793424,55.30,219,56.01,743
68885352,55.30,219,56.00,744
68977284,55.30,219,56.00,745
69001192,55.32,220,56.00,745
69069180,55.32,220,56.02,746
69161096,55.32,220,56.01,747
69253024,55.32,220,56.00,748
69312964,55.31,221,56.00,748
69344920,55.31,221,56.02,749
69436820,55.31,221,56.02,750
69528752,55.31,221,56.00,751
69620636,55.31,221,56.03,752
69624716,55.31,222,56.03,752
69712524,55.31,222,56.02,753
69804444,55.31,222,56.01,754
69896348,55.31,222,56.01,755
69936380,55.33,223,56.01,755
69988216,55.33,223,56.04,756
70080120,55.33,223,56.01,757
70172036,55.33,223,56.01,758
70248128,55.31,224,56.01,758
70263908,55.31,224,56.03,759
70355776,55.31,224,56.04,760
70447680,55.31,224,56.01,761
70539564,55.31,224,56.03,762
70559744,55.34,225,56.03,762
70631436,55.34,225,56.03,763
70723316,55.34,225,56.03,764
70815220,55.34,225,56.01,765
70871408,55.33,226,56.01,765
70907072,55.33,226,56.05,766
70998944,55.33,226,56.03,767
71090828,55.33,226,56.03,768
71182696,55.33,226,56.04,769
71183044,55.33,227,56.04,769
71274548,55.33,227,56.05,770
71366432,55.33,227,56.03,771
71458304,55.33,227,56.03,772
71494612,55.35,228,56.03,772
71550140,55.35,228,56.06,773
71642008,55.35,228,56.04,774
71733892,55.35,228,56.03,775
71806212,55.34,229,56.03,775
71825732,55.34,229,56.05,776
71917568,55.34,229,56.06,777
72009440,55.34,229,56.03,778
72101296,55.34,229,56.04,779
72117740,55.35,230,56.04,779
72193132,55.35,230,56.06,780
72284984,55.35,230,56.05,781
72376840,55.35,230,56.04,782
72429268,55.35,231,56.04,782
72468660,55.35,231,56.07,783
72560500,55.35,231,56.05,784
72652368,55.35,231,56.04,785
72740816,55.35,232,56.04,785
72744188,55.35,232,56.07,786
72836024,55.35,232,56.06,787
72927864,55.35,232,56.05,788
73019700,55.35,232,56.06,789
73052264,55.37,233,56.06,789
73111520,55.37,233,56.07,790
73203344,55.37,233,56.06,791
73295184,55.37,233,56.05,792
73363768,55.36,234,56.05,792
73387008,55.36,234,56.06,793
73478812,55.36,234,56.08,794
73570660,55.36,234,56.05,795
73662484,55.36,234,56.06,796
73675204,55.37,235,56.06,796
73754272,55.37,235,56.09,797
73846108,55.37,235,56.06,798
73937932,55.37,235,56.06,799
73986604,55.38,236,56.06,799
74029720,55.38,236,56.09,800
74121540,55.38,236,56.07,801
74213372,55.38,236,56.06,802
74298056,55.37,237,56.06,802
74305160,55.37,237,56.09,803
74396948,55.37,237,56.09,804
74488780,55.37,237,56.06,805
74580584,55.37,237,56.08,806
74609412,55.38,238,56.08,806
74672356,55.38,238,56.10,807
74764160,55.38,238,56.08,808
74855976,55.38,238,56.07,809
74920784,55.38,239,56.07,809
74947760,55.38,239,56.09,810
75039544,55.38,239,56.09,811
75131364,55.38,239,56.07,812
75223152,55.38,239,56.09,813
75232156,55.38,240,56.09,813
75314920,55.38,240,56.10,814
75406716,55.38,240,56.08,815
75498520,55.38,240,56.08,816
75543432,55.40,241,56.08,816
75590268,55.40,241,56.11,817
75682056,55.40,241,56.09,818
75773856,55.40,241,56.08,819
75854788,55.38,242,56.08,819
75865624,55.38,242,56.10,820
75957376,55.38,242,56.11,821
76049160,55.38,242,56.09,822
76140948,55.38,242,56.09,823
76166032,55.40,243,56.09,823
76232684,55.40,243,56.12,824
76324456,55.40,243,56.10,825
76416240,55.40,243,56.09,826
76477300,55.40,244,56.09,826
76507996,55.40,244,56.11,827
76599748,55.40,244,56.11,828
76691536,55.40,244,56.09,829
76783272,55.40,244,56.12,830
76788552,55.40,245,56.12,830
76875012,55.40,245,56.12,831
76966780,55.40,245,56.10,832
77058548,55.40,245,56.10,833
77099732,55.41,246,56.10,833
77150280,55.41,246,56.12,834
77242016,55.41,246,56.12,835
77333800,55.41,246,56.09,836
77410952,55.41,247,56.09,836
77425516,55.41,247,56.13,837
77517248,55.41,247,56.12,838
77609016,55.41,247,56.10,839
77700756,55.41,247,56.12,840
77722096,55.42,248,56.12,840
77792476,55.42,248,56.13,841
77884208,55.42,248,56.12,842
77975964,55.42,248,56.11,843
78033248,55.42,249,56.11,843
78067684,55.42,249,56.13,844
78159404,55.42,249,56.13,845
78251156,55.42,249,56.11,846
78342876,55.42,249,56.13,847
78344420,55.42,250,56.13,847
78434580,55.42,250,56.14,848
78526316,55.42,250,56.12,849
78618056,55.42,250,56.12,850
78655488,55.43,251,56.12,850
78709748,55.43,251,56.14,851
78801472,55.43,251,56.12,852
78893212,55.43,251,56.12,853
78966604,55.43,252,56.12,853
78984900,55.43,252,56.15,854
79076612,55.43,252,56.13,855
79168336,55.43,252,56.12,856
79260048,55.43,252,56.13,857
79277640,55.44,253,56.13,857
79351740,55.44,253,56.14,858
79443448,55.44,253,56.13,859
79535176,55.44,253,56.12,860
79588696,55.44,254,56.12,860
79626848,55.44,254,56.16,861
79718552,55.44,254,56.14,862
79810256,55.44,254,56.14,863
79899768,55.43,255,56.14,863
79901960,55.43,255,56.14,864
79993632,55.43,255,56.16,865
80085340,55.43,255,56.13,866
80177044,55.43,255,56.14,867
80210732,55.45,256,56.14,867
80268704,55.45,256,56.16,868
80360392,55.45,256,56.15,869
80452112,55.45,256,56.13,870
80521756,55.44,257,56.13,870
80543772,55.44,257,56.16,871
80635444,55.44,257,56.16,872
80727152,55.44,257,56.13,873
80818828,55.44,257,56.15,874
80832708,55.46,258,56.15,874
80910488,55.46,258,56.16,875
81002164,55.46,258,56.15,876
81093860,55.46,258,56.14,877
81143628,55.46,259,56.14,877
81185520,55.46,259,56.16,878
81277180,55.46,259,56.16,879
81368872,55.46,259,56.14,880
81454600,55.45,260,56.14,880
81460532,55.45,260,56.16,881
81552168,55.45,260,56.18,882
81643856,55.45,260,56.15,883
81735532,55.45,260,56.15,884
81765468,55.47,261,56.15,884
81827156,55.47,261,56.19,885
81918812,55.47,261,56.17,886
82010500,55.47,261,56.15,887
82076384,55.46,262,56.15,887
82102124,55.46,262,56.19,888
82193768,55.46,262,56.17,889
82285440,55.46,262,56.16,890
82377084,55.46,262,56.17,891
82387236,55.47,263,56.17,891
82468724,55.47,263,56.18,892
82560380,55.47,263,56.17,893
82652036,55.47,263,56.17,894
82698072,55.48,264,56.17,894
82743656,55.48,264,56.19,895
82835296,55.48,264,56.18,896
82926952,55.48,264,56.17,897
83008924,55.47,265,56.17,897
83018580,55.47,265,56.18,898
83110204,55.47,265,56.19,899
83201848,55.47,265,56.17,900
83293488,55.47,265,56.18,901
83319696,55.49,266,56.18,901
83385100,55.49,266,56.19,902
83476732,55.49,266,56.18,903
83568376,55.49,266,56.17,904
83630484,55.48,267,56.17,904
83659988,55.48,267,56.19,905
83751600,55.48,267,56.19,906
83843244,55.48,267,56.17,907
83934856,55.48,267,56.19,908
83941280,55.48,268,56.19,908
84026456,55.48,268,56.20,909
84118084,55.48,268,56.18,910
84209728,55.48,268,56.17,911
84251992,55.50,269,56.17,911
84301308,55.50,269,56.21,912
84392916,55.50,269,56.20,913
84484560,55.50,269,56.17,914
84562772,55.49,270,56.17,914
84576148,55.49,270,56.21,915
84667752,55.49,270,56.20,916
84759376,55.49,270,56.19,917
84850984,55.49,270,56.20,918
84873432,55.51,271,56.20,918
84942560,55.51,271,56.22,919
85034172,55.51,271,56.19,920
85125780,55.51,271,56.20,921
85184144,55.50,272,56.20,921
85217360,55.50,272,56.21,922
85308952,55.50,272,56.21,923
85400576,55.50,272,56.19,924
85492152,55.50,272,56.22,925
85494836,55.50,273,56.22,925
85583728,55.50,273,56.22,926
85675336,55.50,273,56.20,927
85766944,55.50,273,56.20,928
85805460,55.51,274,56.20,928
85858504,55.51,274,56.23,929
85950080,55.51,274,56.22,930
86041688,55.51,274,56.20,931
86116132,55.51,275,56.20,931
86133264,55.51,275,56.22,932
86224824,55.51,275,56.23,933
86316412,55.51,275,56.21,934
86408004,55.51,275,56.21,935
86426728,55.52,276,56.21,935
86499544,55.52,276,56.24,936
86591136,55.52,276,56.21,937
86682716,55.52,276,56.21,938
86737304,55.52,277,56.21,938
86774280,55.52,277,56.22,939
86865828,55.52,277,56.23,940
86957424,55.52,277,56.20,941
87047932,55.51,278,56.20,941
87048984,55.51,278,56.23,942
87140532,55.51,278,56.23,943
87232112,55.51,278,56.21,944
87323688,55.51,278,56.22,945
87358472,55.53,279,56.22,945
87415220,55.53,279,56.24,946
87506784,55.53,279,56.22,947
87598364,55.53,279,56.21,948
87669044,55.52,280,56.21,948
87689908,55.52,280,56.24,949
87781440,55.52,280,56.24,950
87873020,55.52,280,56.21,951
87964564,55.52,280,56.24,952
87979548,55.54,281,56.24,952
88056104,55.54,281,56.24,953
88147644,55.54,281,56.24,954
88239216,55.54,281,56.22,955
88290060,55.53,282,56.22,955
88330740,55.53,282,56.25,956
88422284,55.53,282,56.24,957
88513856,55.53,282,56.22,958
88600588,55.53,283,56.22,958
88605380,55.53,283,56.25,959
88696900,55.53,283,56.25,960
88788456,55.53,283,56.23,961
88880012,55.53,283,56.23,962
88911032,55.55,284,56.23,962
88971520,55.55,284,56.26,963
89063044,55.55,284,56.25,964
89154604,55.55,284,56.23,965
89221516,55.54,285,56.23,965
89246112,55.54,285,56.26,966
89337636,55.54,285,56.25,967
89429192,55.54,285,56.23,968
89520716,55.54,285,56.25,969
89531968,55.54,286,56.25,969
89612224,55.54,286,56.26,970
89703748,55.54,286,56.25,971
89795304,55.54,286,56.23,972
89842384,55.55,287,56.23,972
89886800,55.55,287,56.26,973
89978324,55.55,287,56.25,974
90069880,55.55,287,56.23,975
90152868,55.54,288,56.23,975
90161388,55.54,288,56.26,976
90252896,55.54,288,56.26,977
90344424,55.54,288,56.25,978
90435964,55.54,288,56.24,979
90463248,55.56,289,56.24,979
90527456,55.56,289,56.27,980
90618980,55.56,289,56.25,981
90710536,55.56,289,56.23,982
90773704,55.54,290,56.23,982
90802028,55.54,290,56.27,983
90893556,55.54,290,56.25,984
90985104,55.54,290,56.23,985
91076616,55.54,290,56.25,986
91084132,55.55,291,56.25,986
91168120,55.55,291,56.26,987
91259664,55.55,291,56.24,988
91351192,55.55,291,56.25,989
91394544,55.55,292,56.25,989
91442700,55.55,292,56.26,990
91534224,55.55,292,56.25,991
91625764,55.55,292,56.24,992
91705020,55.54,293,56.24,992
91717288,55.54,293,56.25,993
91808796,55.54,293,56.26,994
91900336,55.54,293,56.24,995
91991864,55.54,293,56.25,996
92015416,55.55,294,56.25,996
92083376,55.55,294,56.25,997
92174884,55.55,294,56.26,998
92266444,55.55,294,56.23,999
92325860,55.55,295,56.23,999
92357940,55.55,295,56.26,1000
92449472,55.55,295,56.24,1001
92541020,55.55,295,56.23,1002
92632536,55.55,295,56.25,1003
92636328,55.54,296,56.25,1003
92724052,55.54,296,56.25,1004
92815580,55.54,296,56.25,1005
92907124,55.54,296,56.24,1006
92946728,55.55,297,56.24,1006
92998636,55.55,297,56.25,1007
93090148,55.55,297,56.25,1008
93181704,55.55,297,56.23,1009
93257208,55.54,298,56.23,1009
93273216,55.54,298,56.25,1010
93364744,55.54,298,56.25,1011
93456284,55.54,298,56.24,1012
93547812,55.54,298,56.25,1013
93567620,55.55,299,56.25,1013
93639324,55.55,299,56.25,1014
93730848,55.55,299,56.25,1015
93822404,55.55,299,56.23,1016
93878068,55.55,300,56.23,1016
93913916,55.55,300,56.25,1017
94005440,55.55,300,56.25,1018
94097000,55.55,300,56.23,1019
94188584,55.53,301,56.25,1020
94280036,55.53,301,56.26,1021
94371584,55.53,301,56.23,1022
94463140,55.53,301,56.23,1023
94499004,55.55,302,56.23,1023
94554648,55.55,302,56.26,1024
94646172,55.55,302,56.25,1025
94737732,55.55,302,56.23,1026
94809484,55.54,303,56.23,1026
94829248,55.54,303,56.25,1027
94920776,55.54,303,56.25,1028
95012324,55.54,303,56.23,1029
95103868,55.54,303,56.24,1030
95119952,55.54,304,56.24,1030
95195384,55.54,304,56.25,1031
95286928,55.54,304,56.24,1032
95378476,55.54,304,56.23,1033
95430400,55.55,305,56.23,1033
95470004,55.55,305,56.25,1034
95561532,55.55,305,56.25,1035
95653092,55.55,305,56.23,1036
95740928,55.53,306,56.23,1036
95744620,55.53,306,56.25,1037
95836148,55.53,306,56.25,1038
95927692,55.53,306,56.24,1039
96019252,55.53,306,56.23,1040
96051360,55.55,307,56.23,1040
96110764,55.55,307,56.25,1041
96202308,55.55,307,56.24,1042
96293868,55.55,307,56.23,1043
96361892,55.53,308,56.23,1043
96385384,55.53,308,56.25,1044
96476916,55.53,308,56.24,1045
96568484,55.53,308,56.22,1046
96660016,55.53,308,56.24,1047
96672356,55.54,309,56.24,1047
96751548,55.54,309,56.24,1048
96843096,55.54,309,56.23,1049
96934648,55.54,309,56.23,1050
96982824,55.54,310,56.23,1050
97026180,55.54,310,56.24,1051
97117712,55.54,310,56.24,1052
97209276,55.54,310,56.22,1053
97293364,55.53,311,56.22,1053
97300812,55.53,311,56.24,1054
97392348,55.53,311,56.24,1055
97483900,55.53,311,56.23,1056
97575448,55.53,311,56.23,1057
97603828,55.54,312,56.23,1057
97666980,55.54,312,56.24,1058
97758524,55.54,312,56.24,1059
97850084,55.54,312,56.23,1060
97914348,55.53,313,56.23,1060
97941612,55.53,313,56.25,1061
98033140,55.53,313,56.25,1062
98124716,55.53,313,56.22,1063
98216256,55.53,313,56.24,1064
98224852,55.54,314,56.24,1064
98307784,55.54,314,56.25,1065
98399344,55.54,314,56.23,1066
98490904,55.54,314,56.23,1067
98535336,55.54,315,56.23,1067
98582416,55.54,315,56.25,1068
98673964,55.54,315,56.23,1069
98765524,55.54,315,56.23,1070
98845884,55.53,316,56.23,1070
98857068,55.53,316,56.24,1071
98948600,55.53,316,56.24,1072
99040164,55.53,316,56.22,1073
99131696,55.53,316,56.24,1074
99156332,55.55,317,56.24,1074
99223240,55.55,317,56.24,1075
99314788,55.55,317,56.23,1076
99406348,55.55,317,56.23,1077
99466880,55.53,318,56.23,1077
99497876,55.53,318,56.25,1078
99589424,55.53,318,56.23,1079
99680984,55.53,318,56.23,1080
99772528,55.53,318,56.24,1081
99777380,55.54,319,56.24,1081
99864056,55.54,319,56.25,1082
99955620,55.54,319,56.22,1083
100047172,55.54,319,56.23,1084
100087856,55.54,320,56.23,1084
100138688,55.54,320,56.25,1085
100230236,55.54,320,56.23,1086
100321812,55.54,320,56.22,1087
100398384,55.53,321,56.22,1087
100413344,55.53,321,56.24,1088
100504872,55.53,321,56.25,1089
100596432,55.53,321,56.23,1090
100687980,55.53,321,56.23,1091
100708864,55.54,322,56.23,1091
100779504,55.54,322,56.25,1092
100871048,55.54,322,56.24,1093
100962624,55.54,322,56.22,1094
101019376,55.53,323,56.22,1094
101054152,55.53,323,56.25,1095
101145696,55.53,323,56.24,1096
101237260,55.53,323,56.22,1097
101328804,55.53,323,56.24,1098
101329920,55.53,324,56.24,1098
101420328,55.53,324,56.25,1099
101511888,55.53,324,56.23,1100
101603460,55.53,324,56.22,1101
101640380,55.54,325,56.22,1101
101694988,55.54,325,56.25,1102
101786528,55.54,325,56.24,1103
101878092,55.54,325,56.22,1104
101950940,55.53,326,56.22,1104
101969640,55.53,326,56.23,1105
102061172,55.53,326,56.24,1106
102152740,55.53,326,56.22,1107
102244300,55.53,326,56.23,1108
102261436,55.54,327,56.23,1108
102335832,55.54,327,56.24,1109
102427384,55.54,327,56.23,1110
102518948,55.54,327,56.22,1111
102571948,55.53,328,56.22,1111
102610480,55.53,328,56.24,1112
102702032,55.53,328,56.23,1113
102793600,55.53,328,56.22,1114
102882512,55.52,329,56.22,1114
102885148,55.52,329,56.23,1115
102976680,55.52,329,56.24,1116
103068248,55.52,329,56.22,1117
103159800,55.52,329,56.23,1118
103192992,55.54,330,56.23,1118
103251336,55.54,330,56.24,1119
103342884,55.54,330,56.23,1120
103434464,55.54,330,56.21,1121
103503544,55.53,331,56.21,1121
103526000,55.53,331,56.24,1122
103617532,55.53,331,56.24,1123
103709116,55.53,331,56.21,1124
103800664,55.53,331,56.23,1125
103814056,55.53,332,56.23,1125
103892196,55.53,332,56.24,1126
103983748,55.53,332,56.23,1127
104075332,55.53,332,56.21,1128
104124552,55.54,333,56.21,1128
104166848,55.54,333,56.25,1129
104258400,55.54,333,56.23,1130
104349984,55.54,333,56.21,1131
104435132,55.52,334,56.21,1131
104441516,55.52,334,56.24,1132
104533048,55.52,334,56.24,1133
104624636,55.52,334,56.21,1134
104716184,55.52,334,56.23,1135
104745612,55.54,335,56.23,1135
104807700,55.54,335,56.25,1136
104899252,55.54,335,56.23,1137
104990832,55.54,335,56.21,1138
105056156,55.53,336,56.21,1138
105082368,55.53,336,56.24,1139
105173900,55.53,336,56.24,1140
105265480,55.53,336,56.21,1141
105357032,55.53,336,56.23,1142
105366672,55.53,337,56.23,1142
105448552,55.53,337,56.25,1143
105540116,55.53,337,56.22,1144
105631680,55.53,337,56.22,1145
105677164,55.54,338,56.22,1145
105723196,55.54,338,56.25,1146
105814748,55.54,338,56.23,1147
105906332,55.54,338,56.21,1148
105987732,55.52,339,56.21,1148
105997864,55.52,339,56.24,1149
106089400,55.52,339,56.24,1150
106180964,55.52,339,56.22,1151
106272516,55.52,339,56.23,1152
106298196,55.54,340,56.23,1152
106364052,55.54,340,56.24,1153
106455600,55.54,340,56.23,1154
106547168,55.54,340,56.22,1155
106608744,55.53,341,56.22,1155
106638708,55.53,341,56.24,1156
106730240,55.53,341,56.24,1157
106821824,55.53,341,56.21,1158
106913372,55.53,341,56.23,1159
106919280,55.53,342,56.23,1159
107004892,55.53,342,56.25,1160
107096460,55.53,342,56.22,1161
107188028,55.53,342,56.22,1162
107229768,55.54,343,56.22,1162
107279564,55.54,343,56.24,1163
107371100,55.54,343,56.24,1164
107462684,55.54,343,56.21,1165
107540340,55.52,344,56.21,1165
107554220,55.52,344,56.24,1166
107645756,55.52,344,56.24,1167
107737320,55.52,344,56.22,1168
107828872,55.52,344,56.23,1169
107850804,55.54,345,56.23,1169
107920408,55.54,345,56.24,1170
108011944,55.54,345,56.24,1171
108103528,55.54,345,56.21,1172
108161340,55.53,346,56.21,1172
108195048,55.53,346,56.25,1173
108286604,55.53,346,56.23,1174
108378168,55.53,346,56.22,1175
108469720,55.53,346,56.23,1176
108471872,55.53,347,56.23,1176
108561240,55.53,347,56.25,1177
108652808,55.53,347,56.22,1178
108744376,55.53,347,56.22,1179
108782352,55.54,348,56.22,1179
108835892,55.54,348,56.25,1180
108927436,55.54,348,56.24,1181
109019020,55.54,348,56.21,1182
109092916,55.52,349,56.21,1182
109110552,55.52,349,56.24,1183
109202088,55.52,349,56.24,1184
109293648,55.52,349,56.23,1185
109385200,55.52,349,56.23,1186
109403396,55.54,350,56.23,1186
109476732,55.54,350,56.24,1187
109568280,55.54,350,56.23,1188
109659844,55.54,350,56.22,1189
109713892,55.54,351,56.22,1189
109751376,55.54,351,56.24,1190
109842904,55.54,351,56.25,1191
109934484,55.54,351,56.21,1192
110024436,55.53,352,56.21,1192
110026016,55.53,352,56.24,1193
110117532,55.53,352,56.25,1194
110209092,55.53,352,56.23,1195
110300652,55.53,352,56.23,1196
110334884,55.55,353,56.23,1196
110392168,55.55,353,56.25,1197
110483720,55.55,353,56.23,1198
110575268,55.55,353,56.23,1199
110645428,55.53,354,56.23,1199
110666804,55.53,354,56.24,1200
110758336,55.53,354,56.24,1201
110849888,55.53,354,56.23,1202
110941424,55.53,354,56.24,1203
110955880,55.54,355,56.24,1203
111032956,55.54,355,56.24,1204
111124504,55.54,355,56.23,1205
111216056,55.54,355,56.23,1206
111266352,55.54,356,56.23,1206
111307572,55.54,356,56.25,1207
111399108,55.54,356,56.24,1208
111490672,55.54,356,56.22,1209
111576876,55.53,357,56.22,1209
111582204,55.53,357,56.24,1210
111673720,55.53,357,56.25,1211
111765268,55.53,357,56.23,1212
111856820,55.53,357,56.23,1213
111887312,55.55,358,56.23,1213
111948352,55.55,358,56.24,1214
112039868,55.55,358,56.25,1215
112131432,55.55,358,56.22,1216
112197816,55.54,359,56.22,1216
112222928,55.54,359,56.26,1217
112314464,55.54,359,56.24,1218
112406028,55.54,359,56.22,1219
112497564,55.54,359,56.24,1220
112508288,55.54,360,56.24,1220
112589064,55.54,360,56.26,1221
112680612,55.54,360,56.23,1222
112772160,55.54,360,56.23,1223
112818708,55.55,361,56.23,1223
112863664,55.55,361,56.26,1224
112955200,55.55,361,56.24,1225
113046752,55.55,361,56.23,1226
113129200,55.54,362,56.23,1226
113138272,55.54,362,56.25,1227
113229788,55.54,362,56.25,1228
113321324,55.54,362,56.24,1229
113412860,55.54,362,56.24,1230
113439608,55.55,363,56.24,1230
113504364,55.55,363,56.26,1231
113595900,55.55,363,56.24,1232
113687440,55.55,363,56.24,1233
113750084,55.54,364,56.24,1233
113778956,55.54,364,56.25,1234
113870476,55.54,364,56.25,1235
113962024,55.54,364,56.23,1236
114053548,55.54,364,56.25,1237
114060540,55.54,365,56.25,1237
114145048,55.54,365,56.26,1238
114236584,55.54,365,56.24,1239
114328120,55.54,365,56.24,1240
114370928,55.56,366,56.24,1240
114419624,55.56,366,56.26,1241
114511144,55.56,366,56.25,1242
114602692,55.56,366,56.23,1243
114681404,55.54,367,56.23,1243
114694196,55.54,367,56.26,1244
114785716,55.54,367,56.25,1245
114877252,55.54,367,56.24,1246
114968772,55.54,367,56.25,1247
114991776,55.56,368,56.25,1247
115060276,55.56,368,56.26,1248
115151792,55.56,368,56.25,1249
115243340,55.56,368,56.23,1250
115302220,55.55,369,56.23,1250
115334840,55.55,369,56.26,1251
115426348,55.55,369,56.26,1252
115517896,55.55,369,56.23,1253
115609400,55.55,369,56.26,1254
115612644,55.55,370,56.26,1254
115700900,55.55,370,56.26,1255
115792432,55.55,370,56.24,1256
115883964,55.55,370,56.24,1257
115923012,55.56,371,56.24,1257
115975444,55.56,371,56.27,1258
116066964,55.56,371,56.25,1259
116158496,55.56,371,56.24,1260
116233444,55.55,372,56.24,1260
116249996,55.55,372,56.26,1261
116341500,55.55,372,56.26,1262
116433016,55.55,372,56.25,1263
116524536,55.55,372,56.25,1264
116543808,55.56,373,56.25,1264
116616020,55.56,373,56.27,1265
116707540,55.56,373,56.25,1266
116799072,55.56,373,56.24,1267
116854172,55.56,374,56.24,1267
116890556,55.56,374,56.27,1268
116982056,55.56,374,56.26,1269
117073584,55.56,374,56.25,1270
117164600,55.55,375,56.25,1270
117165084,55.55,375,56.26,1271
117256572,55.55,375,56.27,1272
117348088,55.55,375,56.25,1273
117439620,55.55,375,56.24,1274
117474928,55.57,376,56.24,1274
117531104,55.57,376,56.27,1275
117622604,55.57,376,56.26,1276
117714124,55.57,376,56.25,1277
117785324,55.55,377,56.25,1277
117805608,55.55,377,56.27,1278
117897112,55.55,377,56.26,1279
117988632,55.55,377,56.25,1280
118080140,55.55,377,56.26,1281
118095668,55.56,378,56.26,1281
118171628,55.56,378,56.27,1282
118263112,55.56,378,56.27,1283
118354652,55.56,378,56.24,1284
118405996,55.57,379,56.24,1284
118446120,55.57,379,56.28,1285
118537624,55.57,379,56.26,1286
118629144,55.57,379,56.25,1287
118716396,55.55,380,56.25,1287
118720632,55.55,380,56.27,1288
118812120,55.55,380,56.27,1289
118903640,55.55,380,56.25,1290
118995144,55.55,380,56.26,1291
119026704,55.57,381,56.26,1291
119086616,55.57,381,56.28,1292
119178104,55.57,381,56.27,1293
119269620,55.57,381,56.25,1294
119337068,55.56,382,56.25,1294
119361104,55.56,382,56.27,1295
119452588,55.56,382,56.27,1296
119544104,55.56,382,56.25,1297
119635604,55.56,382,56.26,1298
119647384,55.57,383,56.26,1298
119727072,55.57,383,56.28,1299
119818572,55.57,383,56.26,1300
119910088,55.57,383,56.25,1301
119957676,55.57,384,56.25,1301
120001556,55.57,384,56.28,1302
120093040,55.57,384,56.27,1303
120184556,55.57,384,56.25,1304
120268036,55.56,385,56.25,1304
120276024,55.56,385,56.28,1305
120367512,55.56,385,56.27,1306
120459000,55.56,385,56.27,1307
120550500,55.56,385,56.26,1308
120578316,55.58,386,56.26,1308
120641972,55.58,386,56.28,1309
120733452,55.58,386,56.27,1310
120824968,55.58,386,56.25,1311
120888644,55.57,387,56.25,1311
120916440,55.57,387,56.28,1312
121007908,55.57,387,56.28,1313
121099424,55.57,387,56.25,1314
121190908,55.57,387,56.27,1315
121198944,55.57,388,56.27,1315
121282376,55.57,388,56.28,1316
121373876,55.57,388,56.26,1317
121465376,55.57,388,56.26,1318
121509212,55.58,389,56.26,1318
121556828,55.58,389,56.29,1319
121648312,55.58,389,56.27,1320
121739832,55.58,389,56.25,1321
121819552,55.56,390,56.25,1321
121831300,55.56,390,56.28,1322
121922768,55.56,390,56.28,1323
122014256,55.56,390,56.27,1324
122105744,55.56,390,56.27,1325
122129804,55.58,391,56.27,1325
122197212,55.58,391,56.28,1326
122288696,55.58,391,56.27,1327
122380192,55.58,391,56.26,1328
122440088,55.57,392,56.26,1328
122471660,55.57,392,56.28,1329
122563124,55.57,392,56.28,1330
122654640,55.57,392,56.25,1331
122746108,55.57,392,56.28,1332
122750392,55.57,393,56.28,1332
122837572,55.57,393,56.28,1333
122929052,55.57,393,56.27,1334
123020548,55.57,393,56.26,1335
123060628,55.58,394,56.26,1335
123112000,55.58,394,56.29,1336
123203484,55.58,394,56.27,1337
123294984,55.58,394,56.26,1338
123370940,55.57,395,56.26,1338
123386436,55.57,395,56.29,1339
123477904,55.57,395,56.28,1340
123569400,55.57,395,56.26,1341
123660880,55.57,395,56.27,1342
123681168,55.58,396,56.27,1342
123752336,55.58,396,56.29,1343
123843804,55.58,396,56.28,1344
123935308,55.58,396,56.26,1345
123991428,55.58,397,56.26,1345
124026760,55.58,397,56.29,1346
124118228,55.58,397,56.28,1347
124209724,55.58,397,56.26,1348
124301188,55.58,397,56.28,1349
124301724,55.57,398,56.28,1349
124392640,55.57,398,56.29,1350
124484140,55.57,398,56.26,1351
124575620,55.57,398,56.27,1352
124611944,55.59,399,56.27,1352
124667076,55.59,399,56.29,1353
124758540,55.59,399,56.28,1354
124850044,55.59,399,56.26,1355
124922236,55.57,400,56.26,1355
124941496,55.57,400,56.29,1356
125032948,55.57,400,56.29,1357
125124448,55.57,400,56.26,1358
125215920,55.57,400,56.28,1359
125232456,55.59,401,56.28,1359
125307384,55.59,401,56.28,1360
125398852,55.59,401,56.28,1361
125490340,55.59,401,56.27,1362
125542712,55.58,402,56.27,1362
125581800,55.58,402,56.29,1363
125673268,55.58,402,56.28,1364
125764756,55.58,402,56.27,1365
125853004,55.57,403,56.27,1365
125856224,55.57,403,56.28,1366
125947676,55.57,403,56.29,1367
126039164,55.57,403,56.27,1368
126130640,55.57,403,56.28,1369
126163224,55.59,404,56.28,1369
126222096,55.59,404,56.29,1370
126313564,55.59,404,56.28,1371
126405064,55.59,404,56.26,1372
126473496,55.58,405,56.26,1372
126496516,55.58,405,56.29,1373
126587972,55.58,405,56.29,1374
126679472,55.58,405,56.26,1375
126770944,55.58,405,56.28,1376
126783748,55.58,406,56.28,1376
126862396,55.58,406,56.29,1377
126953872,55.58,406,56.28,1378
127045356,55.58,406,56.27,1379
127093964,55.59,407,56.27,1379
127136812,55.59,407,56.29,1380
127228268,55.59,407,56.29,1381
127319772,55.59,407,56.26,1382
127404268,55.57,408,56.26,1382
127411228,55.57,408,56.29,1383
127502684,55.57,408,56.29,1384
127594172,55.57,408,56.27,1385
127685644,55.57,408,56.28,1386
127714468,55.59,409,56.28,1386
127777096,55.59,409,56.29,1387
127868564,55.59,409,56.28,1388
127960048,55.59,409,56.27,1389
128024736,55.58,410,56.27,1389
128051500,55.58,410,56.29,1390
128142964,55.58,410,56.28,1391
128234464,55.58,410,56.26,1392
128325928,55.58,410,56.28,1393
128334972,55.58,411,56.28,1393
128417376,55.58,411,56.29,1394
128508844,55.58,411,56.28,1395
128600324,55.58,411,56.27,1396
128645188,55.59,412,56.27,1396
128691776,55.59,412,56.29,1397
128783340,55.59,412,56.22,1398
128875100,55.59,412,56.10,1399
128956172,55.45,413,56.10,1399
128966936,55.45,413,56.06,1400
129058936,55.45,413,55.96,1401
129151112,55.45,413,55.85,1402
129243416,55.45,413,55.77,1403
129268728,55.17,414,55.77,1403
129335848,55.17,414,55.69,1404
129428460,55.17,414,55.59,1405
129521216,55.17,414,55.50,1406
129583100,54.85,415,55.50,1406
129614104,54.85,415,55.42,1407
129707136,54.85,415,55.34,1408
129800364,54.85,415,55.22,1409
129893700,54.85,415,55.16,1410
129899136,54.56,416,55.16,1410
129987180,54.56,416,55.07,1411
130080856,54.56,416,54.96,1412
130174676,54.56,416,54.87,1413
130216904,54.27,417,54.87,1413
130268608,54.27,417,54.81,1414
130362716,54.27,417,54.70,1415
130457000,54.27,417,54.60,1416
130536504,53.95,418,54.60,1416
130551416,53.95,418,54.52,1417
130645980,53.95,418,54.44,1418
130740724,53.95,418,54.34,1419
130835616,53.95,418,54.25,1420
130857816,53.67,419,54.25,1420
130930644,53.67,419,54.17,1421
131025860,53.67,419,54.07,1422
131121248,53.67,419,53.97,1423
131181008,53.36,420,53.97,1423
131216748,53.36,420,53.91,1424
131312424,53.36,420,53.81,1425
131408292,53.36,420,53.70,1426
131504292,53.36,420,53.62,1427
131506032,53.05,421,53.62,1427
131600448,53.05,421,53.54,1428
131696800,53.05,421,53.43,1429
131793300,53.05,421,53.35,1430
131832892,52.76,422,53.35,1430
131889944,52.76,422,53.27,1431
131986768,52.76,422,53.17,1432
132083768,52.76,422,53.07,1433
132161672,52.45,423,53.07,1433
132180912,52.45,423,52.99,1434
132278236,52.45,423,52.90,1435
132375736,52.45,423,52.80,1436
132473396,52.45,423,52.71,1437
132492348,52.15,424,52.71,1437
132571228,52.15,424,52.62,1438
132669228,52.15,424,52.53,1439
132767420,52.15,424,52.43,1440
132825036,51.83,425,52.43,1440
132865756,51.83,425,52.35,1441
132964272,51.83,425,52.26,1442
133062980,51.83,425,52.15,1443
133159696,51.53,426,52.15,1443
133161848,51.53,426,52.07,1444
133260880,51.53,426,51.98,1445
133360120,51.53,426,51.87,1446
133459520,51.53,426,51.79,1447
133496360,51.22,427,51.79,1447
133559096,51.22,427,51.70,1448
133658844,51.22,427,51.61,1449
133758808,51.22,427,51.50,1450
133835128,50.90,428,51.50,1450
133858912,50.90,428,51.43,1451
133959216,50.90,428,51.32,1452
134059712,50.90,428,51.23,1453
134160368,50.90,428,51.14,1454
134175936,50.60,429,51.14,1454
134261208,50.60,429,51.05,1455
134362252,50.60,429,50.95,1456
134463472,50.60,429,50.86,1457
134518904,50.28,430,50.86,1457
134564872,50.28,430,50.77,1458
134666464,50.28,430,50.67,1459
134768268,50.28,430,50.57,1460
134864004,49.97,431,50.57,1460
134870220,49.97,431,50.49,1461
134972396,49.97,431,50.38,1462
135074744,49.97,431,50.30,1463
135177300,49.97,431,50.20,1464
135211276,49.66,432,50.20,1464
135280024,49.66,432,50.11,1465
135382972,49.66,432,50.01,1466
135486096,49.66,432,49.92,1467
135560832,49.33,433,49.92,1467
135589416,49.33,433,49.83,1468
135692932,49.33,433,49.73,1469
135796668,49.33,433,49.63,1470
135900568,49.33,433,49.55,1471
135912612,49.02,434,49.55,1471
136004692,49.02,434,49.44,1472
136109012,49.02,434,49.35,1473
136213528,49.02,434,49.26,1474
136266688,48.70,435,49.26,1474
136318248,48.70,435,49.16,1475
136423164,48.70,435,49.07,1476
136528320,48.70,435,48.96,1477
136623148,48.38,436,48.96,1477
136633640,48.38,436,48.88,1478
136739184,48.38,436,48.78,1479
136844936,48.38,436,48.68,1480
136950896,48.38,436,48.58,1481
136981892,48.07,437,48.58,1481
137057036,48.07,437,48.50,1482
137163432,48.07,437,48.39,1483
137270024,48.07,437,48.30,1484
137343144,47.73,438,48.30,1484
137376820,47.73,438,48.20,1485
137483828,47.73,438,48.11,1486
137591080,47.73,438,48.00,1487
137698524,47.73,438,47.91,1488
137706828,47.41,439,47.91,1488
137806180,47.41,439,47.82,1489
137914072,47.41,439,47.71,1490
138022188,47.41,439,47.62,1491
138072988,47.09,440,47.62,1491
138130500,47.09,440,47.53,1492
138239040,47.09,440,47.43,1493
138347836,47.09,440,47.32,1494
138441772,46.76,441,47.32,1494
138456812,46.76,441,47.24,1495
138566032,46.76,441,47.13,1496
138675488,46.76,441,47.03,1497
138785160,46.76,441,46.94,1498
138813052,46.44,442,46.94,1498
138895052,46.44,442,46.85,1499
139005192,46.44,442,46.74,1500
139115568,46.44,442,46.64,1501
139187064,46.11,443,46.64,1501
139226140,46.11,443,46.56,1502
139336972,46.11,443,46.45,1503
139448052,46.11,443,46.34,1504
139559348,46.11,443,46.26,1505
139563684,45.79,444,46.26,1505
139670888,45.79,444,46.15,1506
139782668,45.79,444,46.05,1507
139894688,45.79,444,45.96,1508
139943064,45.45,445,45.96,1508
140006932,45.45,445,45.86,1509
140119440,45.45,445,45.76,1510
140232204,45.45,445,45.65,1511
140325292,45.11,446,45.65,1511
140345172,45.11,446,45.57,1512
140458416,45.11,446,45.46,1513
140571916,45.11,446,45.36,1514
140685648,45.11,446,45.26,1515
140710240,44.80,447,45.26,1515
140799616,44.80,447,45.17,1516
140913864,44.80,447,45.06,1517
141028364,44.80,447,44.96,1518
141098220,44.45,448,44.96,1518
141143104,44.45,448,44.87,1519
141258120,44.45,448,44.76,1520
141373396,44.45,448,44.66,1521
141488912,44.45,448,44.57,1522
141489040,44.12,449,44.57,1522
141604688,44.12,449,44.47,1523
141720752,44.12,449,44.35,1524
141837068,44.12,449,44.26,1525
141882932,43.78,450,44.26,1525
141953636,43.78,450,44.16,1526
142070488,43.78,450,44.06,1527
142187612,43.78,450,43.95,1528
142279888,43.44,451,43.95,1528
142304980,43.44,451,43.86,1529
142422636,43.44,451,43.75,1530
142540600,43.44,451,43.64,1531
142658788,43.44,451,43.56,1532
142679928,43.11,452,43.56,1532
142777276,43.11,452,43.45,1533
142896028,43.11,452,43.35,1534
143015092,43.11,452,43.24,1535
143083272,42.75,453,43.24,1535
143134412,42.75,453,43.14,1536
143254036,42.75,453,43.03,1537
143373936,42.75,453,42.94,1538
143489760,42.42,454,42.94,1538
143494112,42.42,454,42.84,1539
143614588,42.42,454,42.73,1540
143735360,42.42,454,42.63,1541
143856420,42.42,454,42.52,1542
143899644,42.07,455,42.52,1542
143977756,42.07,455,42.43,1543
144099412,42.07,455,42.32,1544
144221372,42.07,455,42.21,1545
144312916,41.73,456,42.21,1545
144343596,41.73,456,42.12,1546
144466164,41.73,456,42.00,1547
144589036,41.73,456,41.90,1548
144712172,41.73,456,41.81,1549
144729656,41.38,457,41.81,1549
144835648,41.38,457,41.69,1550
144959428,41.38,457,41.59,1551
145083528,41.38,457,41.48,1552
145150004,41.02,458,41.48,1552
145207916,41.02,458,41.39,1553
145332648,41.02,458,41.27,1554
145457720,41.02,458,41.16,1555
145573924,40.68,459,41.16,1555
145583052,40.68,459,41.07,1556
145708752,40.68,459,40.95,1557
145834772,40.68,459,40.85,1558
145961116,40.68,459,40.75,1559
146001588,40.32,460,40.75,1559
146087760,40.32,460,40.65,1560
146214776,40.32,460,40.53,1561
146342116,40.32,460,40.43,1562
146433068,39.96,461,40.43,1562
146469776,39.96,461,40.33,1563
146597792,39.96,461,40.21,1564
146726180,39.96,461,40.10,1565
146854840,39.96,461,40.01,1566
146868440,39.61,462,40.01,1566
146983900,39.61,462,39.89,1567
147113296,39.61,462,39.78,1568
147243036,39.61,462,39.68,1569
147307816,39.25,463,39.68,1569
147373132,39.25,463,39.57,1570
147503580,39.25,463,39.46,1571
147634416,39.25,463,39.35,1572
147751248,38.89,464,39.35,1572
147765560,38.89,464,39.25,1573
147897108,38.89,464,39.13,1574
148029044,38.89,464,39.02,1575
148161308,38.89,464,38.92,1576
148198888,38.52,465,38.92,1576
148293944,38.52,465,38.81,1577
148426968,38.52,465,38.70,1578
148560400,38.52,465,38.58,1579
148650872,38.15,466,38.58,1579
148694168,38.15,466,38.48,1580
148828336,38.15,466,38.37,1581
148962928,38.15,466,38.25,1582
149097844,38.15,466,38.16,1583
149107220,37.79,467,38.16,1583
149233208,37.79,467,38.03,1584
149368940,37.79,467,37.93,1585
149505080,37.79,467,37.81,1586
149568144,37.41,468,37.81,1586
149641636,37.41,468,37.70,1587
149778564,37.41,468,37.60,1588
149915964,37.41,468,37.47,1589
150033724,37.04,469,37.47,1589
150053684,37.04,469,37.38,1590
150191892,37.04,469,37.25,1591
150330516,37.04,469,37.14,1592
150469528,37.04,469,37.03,1593
150504068,36.66,470,37.03,1593
150609008,36.66,470,36.91,1594
150748892,36.66,470,36.80,1595
150889228,36.66,470,36.68,1596
150979380,36.28,471,36.68,1596
151029968,36.28,471,36.58,1597
151171164,36.28,471,36.46,1598
151312856,36.28,471,36.33,1599
151454904,36.28,471,36.24,1600
151459728,35.90,472,36.24,1600
151597484,35.90,472,36.11,1601
151740496,35.90,472,36.00,1602
151883944,35.90,472,35.89,1603
151945312,35.51,473,35.89,1603
152027892,35.51,473,35.76,1604
152172268,35.51,473,35.66,1605
152317176,35.51,473,35.53,1606
152436272,35.12,474,35.53,1606
152462492,35.12,474,35.43,1607
152608340,35.12,474,35.30,1608
152754700,35.12,474,35.17,1609
152901444,35.12,474,35.08,1610
152932720,34.73,475,35.08,1610
153048780,34.73,475,34.94,1611
153196572,34.73,475,34.83,1612
153344872,34.73,475,34.71,1613
153434940,34.34,476,34.71,1613
153493708,34.34,476,34.59,1614
153643004,34.34,476,34.48,1615
153792920,34.34,476,34.34,1616
153943032,33.94,477,34.34,1616
153943232,33.94,477,34.25,1617
154094152,33.94,477,34.11,1618
154245624,33.94,477,33.99,1619
154397528,33.94,477,33.89,1620
154457208,33.54,478,33.89,1620
154550080,33.54,478,33.75,1621
154703128,33.54,478,33.64,1622
154856760,33.54,478,33.51,1623
154977692,33.13,479,33.51,1623
155010952,33.13,479,33.39,1624
155165628,33.13,479,33.28,1625
155321028,33.13,479,33.13,1626
155476864,33.13,479,33.03,1627
155504588,32.73,480,33.03,1627
155633316,32.73,480,32.90,1628
155790444,32.73,480,32.76,1629
155948032,32.73,480,32.67,1630
156038296,32.31,481,32.67,1630
156106332,32.31,481,32.52,1631
156265208,32.31,481,32.40,1632
156424664,32.31,481,32.28,1633
156578936,31.90,482,32.28,1633
156584784,31.90,482,32.15,1634
156745464,31.90,482,32.04,1635
156906872,31.90,482,31.89,1636
157068860,31.90,482,31.78,1637
157126784,31.48,483,31.78,1637
157231456,31.48,483,31.66,1638
157394824,31.48,483,31.51,1639
157558760,31.48,483,31.40,1640
157682160,31.05,484,31.40,1640
157723368,31.05,484,31.27,1641
157888708,31.05,484,31.14,1642
158054688,31.05,484,31.02,1643
158221368,31.05,484,30.89,1644
158245260,30.62,485,30.89,1644
158388736,30.62,485,30.76,1645
158556852,30.62,485,30.62,1646
158725636,30.62,485,30.50,1647
158816452,30.19,486,30.50,1647
158895152,30.19,486,30.37,1648
159065428,30.19,486,30.23,1649
159236428,30.19,486,30.11,1650
159396028,29.75,487,30.11,1650
159408184,29.75,487,29.97,1651
159580684,29.75,487,29.84,1652
159754008,29.75,487,29.70,1653
159928068,29.75,487,29.58,1654
159984324,29.31,488,29.58,1654
160102888,29.31,488,29.45,1655
160278560,29.31,488,29.30,1656
160455024,29.31,488,29.17,1657
160581848,28.86,489,29.17,1657
160632280,28.86,489,29.04,1658
160810404,28.86,489,28.90,1659
160989384,28.86,489,28.76,1660
161169172,28.86,489,28.63,1661
161188824,28.41,490,28.63,1661
161349832,28.41,490,28.50,1662
161531420,28.41,490,28.35,1663
161713844,28.41,490,28.22,1664
161805832,27.95,491,28.22,1664
161897144,27.95,491,28.09,1665
162081424,27.95,491,27.94,1666
162266592,27.95,491,27.80,1667
162433220,27.49,492,27.80,1667
162452692,27.49,492,27.66,1668
162639760,27.49,492,27.52,1669
162827812,27.49,492,27.38,1670
163016812,27.49,492,27.24,1671
163071544,27.01,493,27.24,1671
163206780,27.01,493,27.10,1672
163397848,27.01,493,26.94,1673
163589876,27.01,493,26.81,1674
163721512,26.53,494,26.81,1674
163782908,26.53,494,26.67,1675
163977080,26.53,494,26.51,1676
164172300,26.53,494,26.37,1677
164368584,26.53,494,26.23,1678
164383436,26.05,495,26.23,1678
164565980,26.05,495,26.08,1679
164764552,26.05,495,25.93,1680
164964236,26.05,495,25.78,1681
165058236,25.55,496,25.78,1681
165165048,25.55,496,25.64,1682
165367116,25.55,496,25.48,1683
165570344,25.55,496,25.33,1684
165746528,25.05,497,25.33,1684
165774760,25.05,497,25.18,1685
165980480,25.05,497,25.02,1686
166187472,25.05,497,24.87,1687
166395716,25.05,497,24.72,1688
166449048,24.55,498,24.72,1688
166605252,24.55,498,24.57,1689
166816224,24.55,498,24.40,1690
167028488,24.55,498,24.25,1691
167166928,24.02,499,24.25,1691
167242132,24.02,499,24.10,1692
167457252,24.02,499,23.93,1693
167673812,24.02,499,23.77,1694
167891816,24.02,499,23.61,1695
167900864,23.50,500,23.61,1695
168111320,23.50,500,23.45,1696
168332436,23.50,500,23.28,1697
168555032,23.50,500,23.13,1698
168652176,22.95,501,23.13,1698
168779188,22.95,501,22.97,1699
169005056,22.95,501,22.79,1700
169232580,22.95,501,22.63,1701
169422060,22.40,502,22.63,1701
169461776,22.40,502,22.46,1702
169692796,22.40,502,22.28,1703
169925620,22.40,502,22.11,1704
170160216,22.40,502,21.94,1705
170211868,21.83,503,21.94,1705
170396708,21.83,503,21.77,1706
170635236,21.83,503,21.58,1707
170875696,21.83,503,21.41,1708
171023812,21.24,504,21.41,1708
171118208,21.24,504,21.23,1709
171362972,21.24,504,21.03,1710
171609988,21.24,504,20.84,1711
171859316,21.24,504,20.65,1712
171859540,20.63,505,20.65,1712
172111176,20.63,505,20.44,1713
172365760,20.63,505,20.22,1714
172623028,20.63,505,20.01,1715
172723696,19.95,506,20.01,1715
172883196,19.95,506,19.79,1716
173146672,19.95,506,19.54,1717
173413588,19.95,506,19.29,1718
173620872,19.22,507,19.29,1718
173684188,19.22,507,19.02,1719
173958964,19.22,507,18.74,1720
174238104,19.22,507,18.44,1721
174521760,19.22,507,18.15,1722
174561492,18.33,508,18.15,1722
174810032,18.33,508,17.86,1723
175102956,18.33,508,17.57,1724
175400120,18.33,508,17.32,1725
175555052,17.36,509,17.32,1725
175701508,17.36,509,17.08,1726
176007188,17.36,509,16.84,1727
176317084,17.36,509,16.61,1728
176599980,16.50,510,16.61,1728
176631040,16.50,510,16.40,1729
176949216,16.50,510,16.18,1730
177271796,16.50,510,15.96,1731
177599508,16.50,510,15.71,1732
177696776,15.72,511,15.71,1732
177932264,15.72,511,15.47,1733
178269944,15.72,511,15.25,1734
178612760,15.72,511,15.02,1735
178851404,14.93,512,15.02,1735
178961436,14.93,512,14.76,1736
179315820,14.93,512,14.53,1737
179676356,14.93,512,14.28,1738
180043232,14.93,512,14.03,1739
180072496,14.12,513,14.03,1739
180416680,14.12,513,13.79,1740
180797664,14.12,513,13.51,1741
181185704,14.12,513,13.27,1742
181371820,13.27,514,13.27,1742
181581864,13.27,514,12.99,1743
181986548,13.27,514,12.72,1744
182400244,13.27,514,12.44,1745
182765904,12.37,515,12.44,1745
182823176,12.37,515,12.17,1746
183256628,12.37,515,11.88,1747
183701240,12.37,515,11.58,1748
184157340,12.37,515,11.29,1749
184277448,11.41,516,11.29,1749
184626408,11.41,516,10.97,1750
185109924,11.41,516,10.65,1751
185608568,11.41,516,10.32,1752
185942428,10.36,517,10.32,1752
186124184,10.36,517,9.98,1753
186659784,10.36,517,9.61,1754
187217580,10.36,517,9.23,1755
187798988,10.36,517,8.85,1756
187824572,9.16,518,8.85,1756
188407568,9.16,518,8.46,1757
189048456,9.16,518,8.03,1758
189723428,9.16,518,7.63,1759
190030312,7.82,519,7.63,1759
190440996,7.82,519,7.17,1760
191211012,7.82,519,6.69,1761
192044120,7.82,519,6.18,1762
192794336,6.24,520,6.18,1762
192956924,6.24,520,5.64,1763
193983640,6.24,520,5.01,1764
195177520,6.24,520,4.31,1765
196641944,6.24,520,3.52,1766
197019964,4.08,521,3.52,1766
198776688,4.08,521,2.41,1767

