5676296,0,26,1.23,26
5746056,0,26,100.32,27
5769752,2.99,26,100.32,28
5815880,2.99,27,100.23,28
5885752,2.99,27,100.16,29
5941736,100.27,27,100.16,30
5955464,100.27,28,100.39,30
6025432,100.27,28,100.02,31
6095160,100.27,28,100.37,32
6113592,100.34,28,100.37,33
6164952,100.34,29,100.28,33
6234680,100.34,29,100.37,34
6285592,100.26,29,100.37,35
6304472,100.26,30,100.28,35
6374440,100.26,30,100.02,36
6444168,100.26,30,100.37,37
6457448,100.34,30,100.37,38
6513960,100.34,31,100.28,38
6583688,100.34,31,100.37,39
6629448,100.26,31,100.37,40
6653480,100.26,32,100.28,40
6723432,100.26,32,100.05,41
6793176,100.26,32,100.34,42
6801312,100.34,32,100.34,43
6862984,100.34,33,100.25,43
6932712,100.34,33,100.37,44
6973320,100.25,33,100.37,45
7002520,100.25,34,100.25,45
7072472,100.25,34,100.05,46
7142216,100.25,34,100.34,47
7145200,100.33,34,100.34,48
7212024,100.33,35,100.25,48
7281768,100.33,35,100.34,49
7317224,100.24,35,100.34,50
7351576,100.24,36,100.25,50
7421304,100.24,36,100.37,51
7489240,100.25,36,100.37,52
7491096,100.25,37,100.28,52
7560888,100.25,37,100.28,53
7630856,100.25,37,100.02,54
7661160,100.3,37,100.02,55
7700648,100.3,38,100.28,55
7770376,100.3,38,100.37,56
7832936,100.39,38,100.37,57
7840168,100.39,39,100.28,57
7909896,100.39,39,100.37,58
7979624,100.39,39,100.37,59
8005000,100.22,39,100.37,60
8049416,100.22,40,100.28,60
8119384,100.22,40,100.02,61
8176792,100.38,40,100.02,62
8189176,100.38,41,100.28,62
8258904,100.38,41,100.37,63
8328632,100.38,41,100.37,64
8348872,100.21,41,100.37,65
8398440,100.21,42,100.25,65
8468392,100.21,42,100.05,66
8520664,100.38,42,100.05,67
8537976,100.38,43,100.57,67
8607944,100.38,43,100.02,68
8677672,100.38,43,100.37,69
8692520,100.34,43,100.37,70
8747464,100.34,44,100.28,70
8817192,100.34,44,100.37,71
8864520,100.26,44,100.37,72
8887000,100.26,45,100.25,72
8956744,100.26,45,100.34,73
9026488,100.26,45,100.34,74
9036424,100.31,45,100.34,75
9096328,100.31,46,100.21,75
9166280,100.31,46,100.05,76
9208456,100.24,46,100.05,77
9235848,100.24,47,100.6,77
9305800,100.24,47,100.05,78
9375544,100.24,47,100.34,79
9380320,100.34,47,100.34,80
9445352,100.34,48,100.25,80
9515096,100.34,48,100.34,81
9552120,100.37,48,100.34,82
9584888,100.37,49,100.28,82
9654616,100.37,49,100.37,83
9724120,100.26,49,100.37,84
9725752,100.26,50,98.38,84
9794168,100.26,50,102.29,85
9864120,100.26,50,100.05,86
9896008,100.32,50,100.05,87
9933704,100.32,51,100.57,87
10003672,100.32,51,100.02,88
10067848,100.35,51,100.02,89
10073328,100.35,52,100.47,89
10143096,100.35,52,100.31,90
10212904,100.35,52,100.25,91
10239672,100.36,52,100.25,92
10282792,100.36,53,100.14,92
10352568,100.36,53,100.3,93
10411592,100.3,53,100.3,94
10422232,100.3,54,100.46,94
10492008,100.3,54,100.3,95
10561784,100.3,54,100.3,96
10583624,100.24,54,100.3,97
10631672,100.24,55,100.14,97
10701448,100.24,55,100.3,98
10755336,100.42,55,100.3,99
10771144,100.42,56,100.41,99
10840920,100.42,56,100.3,100
10910760,100.42,56,100.21,101
10927272,100.29,56,100.21,102
10980520,100.29,57,100.32,102
11050344,100.29,57,100.23,103
11099112,100.35,57,100.23,104
11120120,100.35,58,100.3,104
11189944,100.35,58,100.23,105
11259560,100.35,58,100.53,106
11271160,100.23,58,100.53,107
11329368,100.23,59,100.25,107
11399208,100.23,59,100.21,108
11443048,100.32,59,100.21,109
11468984,100.32,60,100.3,109
11538808,100.32,60,100.23,110
11608408,100.32,60,100.55,111
11614840,100.38,60,100.55,112
11678168,100.38,61,100.32,112
11747992,100.38,61,100.23,113
11786696,100.34,61,100.23,114
11817768,100.34,62,100.3,114
11887608,100.34,62,100.21,115
11957224,100.34,62,100.53,116
11958960,100.1,62,100.53,117
12027064,100.1,63,100.21,117
12096904,100.1,63,100.21,118
12130440,100.56,63,100.21,119
12166664,100.56,64,100.32,119
12236488,100.56,64,100.23,120
12302296,100.34,64,100.23,121
12306072,100.34,65,100.57,121
12375912,100.34,65,100.21,122
12445752,100.34,65,100.21,123
12474136,100.35,65,100.21,124
12515544,100.35,66,100.28,124
12585368,100.35,66,100.23,125
12646008,100.33,66,100.23,126
12654936,100.33,67,100.6,126
12724760,100.33,67,100.23,127
12794600,100.33,67,100.21,128
12817848,100.35,67,100.21,129
12864408,100.35,68,100.25,129
12934024,100.35,68,100.53,130
12989752,100.31,68,100.53,131
13003800,100.31,69,100.3,131
13073640,100.31,69,100.21,132
13143480,100.31,69,100.21,133
13161560,100.37,69,100.21,134
13213240,100.37,70,100.32,134
13282872,100.37,70,100.51,135
13333464,100.31,70,100.51,136
13352696,100.31,71,100.23,136
13422536,100.31,71,100.21,137
13492152,100.31,71,100.53,138
13505320,100.34,71,100.53,139
13561944,100.34,72,100.28,139
13631768,100.34,72,100.23,140
13677176,100.34,72,100.23,141
13701560,100.34,73,100.28,141
13771384,100.34,73,100.23,142
13841016,100.34,73,100.51,143
13849016,100.35,73,100.51,144
13910776,100.35,74,100.32,144
13980616,100.35,74,100.21,145
14020888,100.33,74,100.21,146
14050392,100.33,75,100.3,146
14120216,100.33,75,100.23,147
14189816,100.33,75,100.55,148
14192668,100.38,75,100.55,149
14259576,100.38,76,100.32,149
14329400,100.38,76,100.23,150
14364536,100.33,76,100.23,151
14399224,100.33,77,100.23,151
14468840,100.33,77,100.53,152
14536440,100.31,77,100.53,153
14538624,100.31,78,100.29,153
14608520,100.31,78,100.13,154
14678120,100.31,78,100.55,155
14708296,100.34,78,100.55,156
14747912,100.34,79,100.28,156
14817736,100.34,79,100.23,157
14880168,100.33,79,100.23,158
14887528,100.33,80,100.28,158
14957160,100.33,80,100.51,159
15027016,100.33,80,100.18,160
15051832,100.45,80,100.18,161
15096792,100.45,81,100.3,161
15166408,100.45,81,100.53,162
15223704,100.33,81,100.53,163
15236200,100.33,82,100.28,163
15306024,100.33,82,100.23,164
15375640,100.33,82,100.53,165
15395528,100.36,82,100.53,166
15445432,100.36,83,100.28,166
15515256,100.36,83,100.23,167
15567416,100.32,83,100.23,168
15585080,100.32,84,100.23,168
15654696,100.32,84,100.53,169
15724536,100.32,84,100.21,170
15739272,100.34,84,100.21,171
15794312,100.34,85,100.3,171
15863928,100.34,85,100.53,172
15911144,100.33,85,100.53,173
15933720,100.33,86,100.28,173
16003544,100.33,86,100.23,174
16073144,100.33,86,100.55,175
16082936,100.38,86,100.55,176
16142920,100.38,87,100.3,176
16212744,100.38,87,100.23,177
16254808,100.33,87,100.23,178
16282536,100.33,88,100.28,178
16352376,100.33,88,100.21,179
16421992,100.33,88,100.53,180
16426632,100.36,88,100.53,181
16491784,100.36,89,100.28,181
16561608,100.36,89,100.23,182
16598280,100.46,89,100.23,183
16631144,100.46,90,100.64,183
16700968,100.46,90,100.23,184
16770120,100.35,90,100.23,185
16771848,100.35,91,98.74,185
16840552,100.35,91,101.86,186
16910168,100.35,91,100.53,187
16941928,100.37,91,100.53,188
16979960,100.37,92,100.28,188
17049800,100.37,92,100.21,189
17113800,100.33,92,100.21,190
17119368,100.33,93,100.6,190
17189192,100.33,93,100.23,191
17259016,100.33,93,100.23,192
17285624,100.36,93,100.23,193
17328824,100.36,94,100.25,193
17398440,100.36,94,100.53,194
17457528,100.31,94,100.53,195
17468216,100.31,95,100.3,195
17538056,100.31,95,100.21,196
17607656,100.31,95,100.55,197
17629336,100.37,95,100.55,198
17677432,100.37,96,100.3,198
17747272,100.37,96,100.21,199
17800968,100.47,96,100.21,200
17816840,100.47,97,100.6,200
17886664,100.47,97,100.23,201
17956504,100.47,97,100.21,202
17972808,100.35,97,100.21,203
18026088,100.35,98,100.57,203
18095912,100.35,98,100.23,204
18144696,100.32,98,100.23,205
18165688,100.32,99,100.3,205
18235528,100.32,99,100.21,206
18305144,100.32,99,100.53,207
18316520,100.36,99,100.53,208
18374936,100.36,100,100.28,208
18444600,100.36,100,100.46,209
18488280,100.4,100,100.46,210
18514264,100.4,101,100.46,210
18584152,100.4,101,100.14,211
18653816,100.4,101,100.46,212
18660088,100.37,101,100.46,213
18723704,100.37,102,100.14,213
18793368,100.37,102,100.46,214
18831896,100.37,102,100.46,215
18863032,100.37,103,100.46,215
18932920,100.37,103,100.14,216
19002584,100.37,103,100.46,217
19004352,99.99,103,100.46,218
19072232,99.99,104,100.48,218
19142072,99.99,104,100.21,219
19175400,100.81,104,100.21,220
19211688,100.81,105,100.53,220
19281576,100.81,105,100.14,221
19347208,100.37,105,100.14,222
19351240,100.37,106,100.46,222
19420904,100.37,106,100.46,223
19490792,100.37,106,100.14,224
19519016,100.37,106,100.14,225
19560456,100.37,107,100.46,225
19630120,100.37,107,100.46,226
19690824,100.37,107,100.46,227
19700008,100.37,108,100.14,227
19769672,100.37,108,100.46,228
19839336,100.37,108,100.46,229
19862632,100.37,108,100.46,230
19909224,100.37,109,100.14,230
19978888,100.37,109,100.46,231
20034440,100.37,109,100.46,232
20048552,100.37,110,100.46,232
20118440,100.37,110,100.14,233
20188104,100.37,110,100.46,234
20206024,100.5,110,100.46,235
20257768,100.5,111,100.46,235
20327432,100.5,111,100.46,236
20377832,100.37,111,100.46,237
20397320,100.37,112,100.14,237
20466984,100.37,112,100.46,238
20536648,100.37,112,100.46,239
20549640,100.37,112,100.46,240
20606536,100.37,113,100.14,240
20676200,100.37,113,100.46,241
20721448,100.37,113,100.46,242
20745864,100.37,114,100.46,242
20815752,100.37,114,100.14,243
20885416,100.37,114,100.46,244
20893256,100.37,114,100.46,245
20955080,100.37,115,100.46,245
21024744,100.37,115,100.46,246
21065064,100.37,115,100.46,247
21094632,100.37,116,100.14,247
21164296,100.37,116,100.46,248
21233960,100.37,116,100.46,249
21236640,100.5,116,100.46,250
21303848,100.5,117,100.14,250
21373512,100.5,117,100.46,251
21408456,100.36,117,100.46,252
21443176,100.36,118,100.46,252
21513064,100.36,118,100.14,253
21580264,100.37,118,100.14,254
21582712,100.37,119,100.48,254
21652424,100.37,119,100.39,255
21722088,100.37,119,100.46,256
21752104,100.35,119,100.46,257
21791752,100.35,120,100.46,257
21861640,100.35,120,100.14,258
21923688,100.5,120,100.14,259
21931304,100.5,121,100.46,259
22000968,100.5,121,100.46,260
22070856,100.5,121,100.14,261
22095496,100.37,121,100.14,262
22140520,100.37,122,100.46,262
22210184,100.37,122,100.46,263
22267304,100.37,122,100.46,264
22279848,100.37,123,100.46,264
22349736,100.37,123,100.14,265
22419400,100.37,123,100.46,266
22439112,100.37,123,100.46,267
22489064,100.37,124,100.46,267
22558728,100.37,124,100.46,268
22610696,100.5,124,100.46,269
22628616,100.5,125,100.14,269
22698280,100.5,125,100.46,270
22767944,100.5,125,100.46,271
22782504,100.37,125,100.46,272
22837608,100.37,126,100.46,272
22907496,100.37,126,100.14,273
22954312,100.37,126,100.14,274
22977160,100.37,127,100.46,274
23046824,100.37,127,100.46,275
23116488,100.37,127,100.46,276
23126120,100.37,127,100.46,277
23186376,100.37,128,100.14,277
23256040,100.37,128,100.46,278
23297704,100.5,128,100.46,279
23325704,100.5,129,100.46,279
23395592,100.5,129,100.14,280
23465256,100.5,129,100.46,281
23469512,100.37,129,100.46,282
23534920,100.37,130,100.46,282
23604584,100.37,130,100.46,283
23641320,100.37,130,100.46,284
23674248,100.37,131,100.46,284
23744136,100.37,131,100.14,285
23813128,100.37,131,100.14,286
23814896,100.37,132,98.9,286
23883432,100.37,132,102.11,287
23953320,100.37,132,100.14,288
23984680,100.52,132,100.14,289
24022984,100.52,133,100.46,289
24092648,100.52,133,100.46,290
24156488,100.37,133,100.46,291
24162312,100.37,134,100.46,291
24232200,100.37,134,100.14,292
24301864,100.37,134,100.46,293
24328296,100.37,134,100.46,294
24371528,100.37,135,100.46,294
24441192,100.37,135,100.46,295
24499880,100.5,135,100.46,296
24510856,100.5,136,100.46,296
24580744,100.5,136,100.14,297
24650408,100.5,136,100.46,298
24671688,100.37,136,100.46,299
24720072,100.37,137,100.46,299
24789736,100.37,137,100.46,300
24843496,100.37,137,100.46,301
24859400,100.37,138,100.46,301
24929288,100.37,138,100.14,302
24998952,100.37,138,100.46,303
25015080,100.5,138,100.46,304
25068616,100.5,139,100.46,304
25138280,100.5,139,100.46,305
25186888,100.37,139,100.46,306
25208168,100.37,140,100.14,306
25277832,100.37,140,100.46,307
25347496,100.37,140,100.46,308
25358696,100.37,140,100.46,309
25417160,100.37,141,100.46,309
25486824,100.37,141,100.46,310
25530280,100.5,141,100.46,311
25556712,100.5,142,100.14,311
25626376,100.5,142,100.46,312
25696040,100.5,142,100.46,313
25702088,100.37,142,100.46,314
25765704,100.37,143,100.46,314
25835368,100.37,143,100.46,315
25873672,100.5,143,100.46,316
25905256,100.5,144,100.14,316
25974920,100.5,144,100.46,317
26044584,100.5,144,100.46,318
26046352,99.86,144,100.46,319
26114232,99.86,145,100.48,319
26184056,99.86,145,100.23,320
26217144,100.96,145,100.23,321
26253656,100.96,146,100.55,321
26323544,100.96,146,100.14,322
26388952,100.37,146,100.14,323
26393200,100.37,147,100.47,323
26462856,100.37,147,100.47,324
26532520,100.37,147,100.46,325
26560520,100.51,147,100.46,326
26602184,100.51,148,100.46,326
26672072,100.51,148,100.14,327
26732328,100.37,148,100.14,328
26741736,100.37,149,100.46,328
26811400,100.37,149,100.46,329
26881064,100.37,149,100.46,330
26903912,100.5,149,100.46,331
26950728,100.5,150,100.46,331
27020392,100.5,150,100.46,332
27075720,100.37,150,100.46,333
27090056,100.37,151,100.46,333
27159944,100.37,151,100.14,334
27229608,100.37,151,100.46,335
27247528,100.37,151,100.46,336
27299272,100.37,152,100.46,336
27368936,100.37,152,100.46,337
27419112,100.5,152,100.46,338
27438600,100.5,153,100.46,338
27508488,100.5,153,100.14,339
27578152,100.5,153,100.46,340
27590920,100.37,153,100.46,341
27647816,100.37,154,100.46,341
27717480,100.37,154,100.46,342
27762504,100.5,154,100.46,343
27787144,100.5,155,100.46,343
27856808,100.5,155,100.46,344
27926472,100.5,155,100.46,345
27934312,100.37,155,100.46,346
27996360,100.37,156,100.14,346
28066024,100.37,156,100.46,347
28105896,100.5,156,100.46,348
28135688,100.5,157,100.46,348
28205352,100.5,157,100.46,349
28275016,100.5,157,100.46,350
28277696,100.37,157,100.46,351
28344712,100.37,158,100.41,351
28414376,100.37,158,100.46,352
28449320,100.48,158,100.46,353
28484264,100.48,159,100.14,353
28553928,100.48,159,100.46,354
28620904,100.5,159,100.46,355
28623584,100.5,160,100.47,355
28693288,100.5,160,100.4,356
28762952,100.5,160,100.46,357
28792744,100.35,160,100.46,358
28832616,100.35,161,100.46,358
28902280,100.35,161,100.46,359
28964328,100.5,161,100.46,360
28971936,100.5,162,100.47,360
29041832,100.5,162,100.13,361
29111496,100.5,162,100.46,362
29135912,100.5,162,100.46,363
29181160,100.5,163,100.46,363
29250824,100.5,163,100.46,364
29307720,100.37,163,100.46,365
29320488,100.37,164,100.46,365
29390152,100.37,164,100.46,366
29459816,100.37,164,100.46,367
29479304,100.5,164,100.46,368
29529704,100.5,165,100.14,368
29599368,100.5,165,100.46,369
29651112,100.37,165,100.46,370
29669032,100.37,166,100.46,370
29738696,100.37,166,100.46,371
29808360,100.37,166,100.46,372
29822696,100.5,166,100.46,373
29878024,100.5,167,100.46,373
29947688,100.5,167,100.46,374
29994504,100.37,167,100.46,375
30017352,100.37,168,100.46,375
30087240,100.37,168,100.14,376
30156904,100.37,168,100.46,377
30166088,100.5,168,100.46,378
30226568,100.5,169,100.46,378
30296232,100.5,169,100.46,379
30337672,100.5,169,100.46,380
30365896,100.5,170,100.46,380
30435560,100.5,170,100.46,381
30505224,100.5,170,100.46,382
30509472,100.37,170,100.46,383
30574872,100.37,171,100.48,383
30644760,100.37,171,100.14,384
30681048,100.5,171,100.14,385
30714424,100.5,172,100.46,385
30784088,100.5,172,100.46,386
30852856,100.37,172,100.46,387
30854632,100.37,173,99.21,387
30923400,100.37,173,101.77,388
30993064,100.37,173,100.46,389
31024424,100.51,173,100.46,390
31062728,100.51,174,100.46,390
31132392,100.51,174,100.46,391
31196008,100.5,174,100.46,392
31202056,100.5,175,100.46,392
31271944,100.5,175,100.14,393
31341608,100.5,175,100.46,394
31367816,100.37,175,100.46,395
31411272,100.37,176,100.46,395
31480936,100.37,176,100.46,396
31539400,100.5,176,100.46,397
31550600,100.5,177,100.46,397
31620264,100.5,177,100.46,398
31689928,100.5,177,100.46,399
31710984,100.5,177,100.46,400
31759592,100.5,178,100.46,400
31829256,100.5,178,100.46,401
31882792,100.37,178,100.46,402
31898920,100.37,179,100.46,402
31968584,100.37,179,100.46,403
32038248,100.37,179,100.46,404
32054376,100.5,179,100.46,405
32108136,100.5,180,100.14,405
32177800,100.5,180,100.46,406
32225960,100.5,180,100.46,407
32247464,100.5,181,100.46,407
32317128,100.5,181,100.46,408
32386792,100.5,181,100.46,409
32397768,100.37,181,100.46,410
32456456,100.37,182,100.46,410
32526120,100.37,182,100.46,411
32569352,100.5,182,100.46,412
32595784,100.5,183,100.46,412
32665448,100.5,183,100.46,413
32735112,100.5,183,100.46,414
32740936,100.5,183,100.46,415
32804776,100.5,184,100.46,415
32874440,100.5,184,100.46,416
32912520,100.5,184,100.46,417
32944104,100.5,185,100.46,417
33013992,100.5,185,100.14,418
33083656,100.5,185,100.46,419
33085424,99.73,185,100.46,420
33153288,99.73,186,100.51,420
33222888,99.73,186,100.55,421
33255992,101.1,186,100.55,422
33292504,101.1,187,100.53,422
33362392,101.1,187,100.14,423
33427576,100.5,187,100.14,424
33432048,100.5,188,100.47,424
33501704,100.5,188,100.47,425
33571368,100.5,188,100.46,426
33599144,100.51,188,100.46,427
33641032,100.51,189,100.46,427
33710696,100.51,189,100.46,428
33770728,100.5,189,100.46,429
33780360,100.5,190,100.46,429
33850024,100.5,190,100.46,430
33919688,100.5,190,100.46,431
33942536,100.37,190,100.46,432
33989352,100.37,191,100.46,432
34059016,100.37,191,100.46,433
34114120,100.5,191,100.46,434
34128680,100.5,192,100.46,434
34198344,100.5,192,100.46,435
34268008,100.5,192,100.46,436
34285704,100.5,192,100.46,437
34337672,100.5,193,100.46,437
34407336,100.5,193,100.46,438
34457288,100.5,193,100.46,439
34477000,100.5,194,100.46,439
34546888,100.5,194,100.14,440
34616328,100.5,194,100.78,441
34628872,100.5,194,100.78,442
34686216,100.5,195,100.14,442
34755880,100.5,195,100.46,443
34800680,100.37,195,100.46,444
34825544,100.37,196,100.46,444
34895208,100.37,196,100.46,445
34964872,100.37,196,100.46,446
34972264,100.5,196,100.46,447
35034536,100.5,197,100.46,447
35104200,100.5,197,100.46,448
35143848,100.5,197,100.46,449
35173864,100.5,198,100.46,449
35243528,100.5,198,100.46,450
35313192,100.5,198,100.46,451
35315416,100.51,198,100.46,452
35382888,100.51,199,100.41,452
35452552,100.51,199,100.46,453
35487048,100.47,199,100.46,454
35522216,100.47,200,100.46,454
35591880,100.47,200,100.46,455
35658632,100.5,200,100.46,456
35661544,100.5,201,100.46,456
35731224,100.5,201,100.44,457
35800888,100.5,201,100.46,458
35830456,100.36,201,100.46,459
35870552,100.36,202,100.46,459
35940216,100.36,202,100.46,460
36002040,100.5,202,100.46,461
36009872,100.5,203,100.47,461
36079544,100.5,203,100.45,462
36149208,100.5,203,100.46,463
36173624,100.5,203,100.46,464
36218872,100.5,204,100.46,464
36288536,100.5,204,100.46,465
36345208,100.5,204,100.46,466
36358200,100.5,205,100.46,466
36427864,100.5,205,100.46,467
36497528,100.5,205,100.46,468
36516792,100.5,205,100.46,469
36567192,100.5,206,100.46,469
36636856,100.5,206,100.46,470
36688376,100.5,206,100.46,471
36706520,100.5,207,100.46,471
36776184,100.5,207,100.46,472
36845848,100.5,207,100.46,473
36859960,100.5,207,100.46,474
36915512,100.5,208,100.46,474
36985176,100.5,208,100.46,475
37031768,100.37,208,100.46,476
37054840,100.37,209,100.46,476
37124504,100.37,209,100.46,477
37194168,100.37,209,100.46,478
37203352,100.5,209,100.46,479
37263832,100.5,210,100.46,479
37333496,100.5,210,100.46,480
37374936,100.5,210,100.46,481
37403160,100.5,211,100.46,481
37472824,100.5,211,100.46,482
37542488,100.5,211,100.46,483
37546512,100.5,211,100.46,484
37612136,100.5,212,100.48,484
37681800,100.5,212,100.46,485
37718088,100.5,212,100.46,486
37751464,100.5,213,100.46,486
37821128,100.5,213,100.46,487
37889672,100.5,213,100.46,488
37891448,100.5,214,99.52,488
37960424,100.5,214,101.46,489
38030088,100.5,214,100.46,490
38061224,100.52,214,100.46,491
38099752,100.52,215,100.46,491
38169640,100.52,215,100.14,492
38232808,100.5,215,100.14,493
38239080,100.5,216,100.78,493
38308744,100.5,216,100.46,494
38378408,100.5,216,100.46,495
38404616,100.37,216,100.46,496
38448072,100.37,217,100.46,496
38517736,100.37,217,100.46,497
38576200,100.5,217,100.46,498
38587400,100.5,218,100.46,498
38657064,100.5,218,100.46,499
38726728,100.5,218,100.46,500
38747784,100.5,218,100.46,501
38796392,100.5,219,100.46,501
38866056,100.5,219,100.46,502
38919368,100.5,219,100.46,503
38935720,100.5,220,100.46,503
39005384,100.5,220,100.46,504
39075048,100.5,220,100.46,505
39090952,100.5,220,100.46,506
39144712,100.5,221,100.46,506
39214376,100.5,221,100.46,507
39262536,100.5,221,100.46,508
39284040,100.5,222,100.46,508
39353704,100.5,222,100.46,509
39423368,100.5,222,100.46,510
39434120,100.5,222,100.46,511
39493032,100.5,223,100.46,511
39562696,100.5,223,100.46,512
39605704,100.5,223,100.46,513
39632360,100.5,224,100.46,513
39702024,100.5,224,100.46,514
39771688,100.5,224,100.46,515
39777288,100.5,224,100.46,516
39841352,100.5,225,100.46,516
39911016,100.5,225,100.46,517
39948872,100.5,225,100.46,518
39980680,100.5,226,100.46,518
40050344,100.5,226,100.46,519
40120008,100.5,226,100.46,520
40121784,99.73,226,100.46,521
40189656,99.73,227,100.48,521
40259272,99.73,227,100.53,522
40292152,101.22,227,100.53,523
40328888,101.22,228,100.53,523
40398552,101.22,228,100.46,524
40463736,100.5,228,100.46,525
40468208,100.5,229,100.47,525
40537880,100.5,229,100.45,526
40607544,100.5,229,100.46,527
40635320,100.5,229,100.46,528
40677208,100.5,230,100.46,528
40746872,100.5,230,100.46,529
40806904,100.5,230,100.46,530
40816528,100.5,231,100.47,530
40886200,100.5,231,100.45,531
40955864,100.5,231,100.46,532
40978488,100.5,231,100.46,533
41025528,100.5,232,100.46,533
41095192,100.5,232,100.46,534
41150072,100.5,232,100.46,535
41164856,100.5,233,100.46,535
41234520,100.5,233,100.46,536
41304184,100.5,233,100.46,537
41321656,100.5,233,100.46,538
41373848,100.5,234,100.46,538
41443512,100.5,234,100.46,539
41493240,100.5,234,100.46,540
41513176,100.5,235,100.46,540
41582840,100.5,235,100.46,541
41652504,100.5,235,100.46,542
41664824,100.5,235,100.46,543
41722168,100.5,236,100.46,543
41791832,100.5,236,100.46,544
41836408,100.5,236,100.46,545
41861272,100.5,237,100.78,545
41930936,100.5,237,100.46,546
42000600,100.5,237,100.46,547
42007992,100.5,237,100.46,548
42070264,100.5,238,100.46,548
42139928,100.5,238,100.46,549
42179576,100.5,238,100.46,550
42209592,100.5,239,100.46,550
42279256,100.5,239,100.46,551
42348920,100.5,239,100.46,552
42351144,100.51,239,100.46,553
42418616,100.51,240,100.41,553
42488280,100.51,240,100.46,554
42522552,100.6,240,100.46,555
42557944,100.6,241,100.46,555
42627608,100.6,241,100.46,556
42694136,100.5,241,100.46,557
42697264,100.5,242,100.47,557
42766920,100.5,242,100.47,558
42836584,100.5,242,100.46,559
42865704,100.51,242,100.46,560
42906024,100.51,243,100.78,560
42975912,100.51,243,100.14,561
43037288,100.5,243,100.14,562
43045344,100.5,244,100.8,562
43115000,100.5,244,100.47,563
43184664,100.5,244,100.46,564
43208856,100.51,244,100.46,565
43254328,100.51,245,100.46,565
43323992,100.51,245,100.46,566
43380440,100.5,245,100.46,567
43393656,100.5,246,100.46,567
43463320,100.5,246,100.46,568
43532984,100.5,246,100.46,569
43552024,100.5,246,100.46,570
43602648,100.5,247,100.46,570
43672312,100.5,247,100.46,571
43723608,100.5,247,100.46,572
43741976,100.5,248,100.46,572
43811640,100.5,248,100.46,573
43881304,100.5,248,100.46,574
43895192,100.5,248,100.46,575
43950968,100.5,249,100.46,575
44020632,100.5,249,100.46,576
44066776,100.5,249,100.46,577
44090072,100.5,250,100.78,577
44159960,100.5,250,100.14,578
44229400,100.5,250,100.78,579
44238360,100.5,250,100.78,580
44299064,100.5,251,100.46,580
44368728,100.5,251,100.46,581
44409944,100.5,251,100.46,582
44438392,100.5,252,100.46,582
44508056,100.5,252,100.46,583
44577720,100.5,252,100.46,584
44581528,100.5,252,100.46,585
44647384,100.5,253,100.46,585
44717048,100.5,253,100.46,586
44752888,100.63,253,100.46,587
44786712,100.63,254,100.46,587
44856376,100.63,254,100.46,588
44924472,100.5,254,100.46,589
44926248,100.5,255,100.16,589
44995512,100.5,255,101.04,590
45065160,100.5,255,100.48,591
45096072,100.49,255,100.48,592
45134824,100.49,256,100.46,592
45204488,100.49,256,100.46,593
45267656,100.5,256,100.46,594
45274152,100.5,257,100.46,594
45343816,100.5,257,100.46,595
45413480,100.5,257,100.46,596
45439240,100.5,257,100.46,597
45483144,100.5,258,100.46,597
45552808,100.5,258,100.46,598
45610824,100.5,258,100.46,599
45622472,100.5,259,100.46,599
45692136,100.5,259,100.46,600
45761576,100.5,259,100.78,601
45782184,100.63,259,100.78,602
45831240,100.63,260,100.46,602
45900904,100.63,260,100.46,603
45953768,100.5,260,100.46,604
45970568,100.5,261,100.46,604
46040232,100.5,261,100.46,605
46109896,100.5,261,100.46,606
46125352,100.5,261,100.46,607
46179560,100.5,262,100.46,607
46249224,100.5,262,100.46,608
46296936,100.5,262,100.46,609
46318888,100.5,263,100.46,609
46388552,100.5,263,100.46,610
46457992,100.5,263,100.78,611
46468520,100.5,263,100.78,612
46527656,100.5,264,100.46,612
46597320,100.5,264,100.46,613
46640104,100.5,264,100.46,614
46666984,100.5,265,100.46,614
46736648,100.5,265,100.46,615
46806312,100.5,265,100.46,616
46811464,100.63,265,100.46,617
46875976,100.63,266,100.46,617
46945640,100.63,266,100.46,618
46983048,100.5,266,100.46,619
47015304,100.5,267,100.46,619
47084968,100.5,267,100.46,620
47154408,100.5,267,100.78,621
47156184,99.6,267,100.78,622
47224056,99.6,268,100.48,622
47293656,99.6,268,100.55,623
47326088,101.49,268,100.55,624
47363496,101.49,269,100.21,624
47433160,101.49,269,100.46,625
47497672,100.5,269,100.46,626
47502592,100.5,270,100.8,626
47572248,100.5,270,100.47,627
47641912,100.5,270,100.46,628
47669240,100.51,270,100.46,629
47711576,100.51,271,100.46,629
47781240,100.51,271,100.46,630
47840824,100.5,271,100.46,631
47850904,100.5,272,100.46,631
47920568,100.5,272,100.46,632
47990232,100.5,272,100.46,633
48012184,100.63,272,100.46,634
48059896,100.63,273,100.46,634
48129560,100.63,273,100.46,635
48183768,100.5,273,100.46,636
48199224,100.5,274,100.46,636
48268888,100.5,274,100.46,637
48338328,100.5,274,100.78,638
48355352,100.5,274,100.78,639
48407992,100.5,275,100.46,639
48477656,100.5,275,100.46,640
48526936,100.5,275,100.46,641
48547320,100.5,276,100.46,641
48616984,100.5,276,100.46,642
48686648,100.5,276,100.46,643
48698296,100.63,276,100.46,644
48756312,100.63,277,100.46,644
48825976,100.63,277,100.46,645
48869880,100.5,277,100.46,646
48895640,100.5,278,100.46,646
48965304,100.5,278,100.46,647
49034968,100.5,278,100.46,648
49041464,100.5,278,100.46,649
49104408,100.5,279,100.78,649
49174072,100.5,279,100.46,650
49212824,100.63,279,100.46,651
49243736,100.63,280,100.46,651
49313400,100.63,280,100.46,652
49383064,100.63,280,100.46,653
49384840,100.25,280,100.46,654
49452760,100.25,281,100.41,654
49522200,100.25,281,100.78,655
49555800,100.87,281,100.78,656
49591864,100.87,282,100.46,656
49661528,100.87,282,100.46,657
49727384,100.5,282,100.46,658
49731192,100.5,283,100.46,658
49800856,100.5,283,100.46,659
49870520,100.5,283,100.46,660
49898968,100.5,283,100.46,661
49939960,100.5,284,100.78,661
50009624,100.5,284,100.46,662
50070328,100.63,284,100.46,663
50079288,100.63,285,100.46,663
50148952,100.63,285,100.46,664
50218616,100.63,285,100.46,665
50241912,100.5,285,100.46,666
50288056,100.5,286,100.78,666
50357720,100.5,286,100.46,667
50413272,100.63,286,100.46,668
50427384,100.63,287,100.46,668
50497048,100.63,287,100.46,669
50566712,100.63,287,100.46,670
50584856,100.5,287,100.46,671
50636152,100.5,288,100.78,671
50705816,100.5,288,100.46,672
50756216,100.63,288,100.46,673
50775480,100.63,289,100.46,673
50845144,100.63,289,100.46,674
50914808,100.63,289,100.46,675
50927800,100.5,289,100.46,676
50984472,100.5,290,100.46,676
51054360,100.5,290,100.14,677
51099384,100.5,290,100.14,678
51124472,100.5,291,99.82,678
51195208,100.5,291,98.94,679
51266168,100.5,291,98.62,680
51271032,100.46,291,98.62,681
51337496,100.46,292,98.12,681
51409112,100.46,292,97.72,682
51442872,100.35,292,97.72,683
51481112,100.35,293,97.2,683
51553416,100.35,293,96.79,684
51614728,100.34,293,96.79,685
51626088,100.34,294,96.3,685
51698824,100.34,294,96.22,686
51772024,100.34,294,95.61,687
51787000,100.1,294,95.61,688
51845624,100.1,295,95.09,688
51919480,100.1,295,94.76,689
51959320,100.07,295,94.76,690
51993528,100.07,296,94.51,690
52068072,100.07,296,93.88,691
52131640,100.07,296,93.88,692
52142792,100.07,297,93.66,692
52217784,100.07,297,93.32,693
52293224,100.07,297,92.77,694
52304376,99.83,297,92.77,695
52369000,99.83,298,92.36,695
52444840,99.83,298,92.28,696
52477016,99.88,298,92.28,697
52521256,99.88,299,91.58,697
52597976,99.88,299,91.22,698
52650056,99.65,299,91.22,699
52675032,99.65,300,90.82,699
52752424,99.65,300,90.43,700
52823096,99.65,300,90.43,701
52829928,99.65,301,90.3,701
52907992,99.65,301,89.65,702
52986504,99.65,301,89.14,703
52996248,99.59,301,89.14,704
53065144,99.59,302,88.99,704
53144104,99.59,302,88.63,705
53169752,99.39,302,88.63,706
53223416,99.39,303,88.24,706
53303272,99.39,303,87.64,707
53343256,99.39,303,87.64,708
53383240,99.39,304,87.51,708
53463544,99.39,304,87.15,709
53516968,99.27,304,87.15,710
53544184,99.27,305,86.79,710
53625384,99.27,305,86.19,711
53690712,99.25,305,86.19,712
53706744,99.25,306,86.02,712
53788392,99.25,306,85.71,713
53864888,99,306,85.71,714
53870368,99,307,85.37,714
53952920,99,307,84.78,715
54035688,99,307,84.55,716
54038928,99.08,307,84.55,717
54118792,99.08,308,84.21,717
54202456,99.08,308,83.65,718
54213320,98.88,308,83.65,719
54286232,98.88,309,83.54,719
54370344,98.88,309,83.2,720
54387704,98.89,309,83.2,721
54455016,98.89,310,82.65,721
54539800,98.89,310,82.54,722
54562536,98.63,310,82.54,723
54625144,98.63,311,82,723
54710824,98.63,311,81.68,724
54737368,98.63,311,81.68,725
54796840,98.63,312,81.36,725
54883192,98.63,312,81.05,726
54912200,98.63,312,81.05,727
54969880,98.63,313,80.73,727
55057160,98.63,313,80.18,728
55087288,98.49,313,80.18,729
55144520,98.49,314,80.11,729
55232440,98.49,314,79.6,730
55262568,98.38,314,79.6,731
55320696,98.38,315,79.3,731
55409288,98.38,315,79,732
55438072,98.25,315,79,733
55498216,98.25,316,78.7,733
55587512,98.25,316,78.37,734
55613640,98.22,316,78.37,735
55677384,98.22,317,77.87,735
55767544,98.22,317,77.62,736
55789416,98.1,317,77.62,737
55858072,98.1,318,77.31,737
55948936,98.1,318,77.02,738
55965176,98.11,318,77.02,739
56040328,98.11,319,76.58,739
56131832,98.11,319,76.48,740
56141384,97.86,319,76.48,741
56223928,97.86,320,75.99,741
56316552,97.86,320,75.56,742
56318232,97.51,320,75.56,743
56409352,97.51,321,75.41,743
56493944,98.14,321,75.41,744
56502600,98.14,322,75.05,744
56596344,98.14,322,74.65,745
56670376,97.74,322,74.65,746
56690456,97.74,323,74.36,746
56784872,97.74,323,74.12,747
56847256,97.49,323,74.12,748
56879848,97.49,324,73.69,748
56975160,97.49,324,73.43,749
57024104,97.51,324,73.43,750
57071048,97.51,325,72.99,750
57167032,97.51,325,72.91,751
57201000,97.48,325,72.91,752
57263608,97.48,326,72.47,752
57360712,97.48,326,72.07,753
57378296,97.26,326,72.07,754
57457928,97.26,327,71.99,754
57555512,97.3,327,71.99,755
57557184,97.3,328,70.51,755
57653896,97.3,328,72.36,756
57733096,97.1,328,72.36,757
57752696,97.1,329,70.83,757
57851592,97.1,329,70.77,758
57910616,97.14,329,70.77,759
57951272,97.14,330,70.21,759
58051096,97.14,330,70.11,760
58088424,96.98,330,70.11,761
58151480,96.98,331,69.72,761
58252168,96.98,331,69.51,762
58266392,96.89,331,69.51,763
58353192,96.89,332,69.27,763
58444696,96.71,332,69.27,764
58454920,96.71,333,68.8,764
58556952,96.71,333,68.59,765
58622952,96.74,333,68.59,766
58659352,96.74,334,68.34,766
58762280,96.74,334,67.99,767
58801368,96.65,334,67.99,768
58865544,96.65,335,67.77,768
58969368,96.65,335,67.41,769
58980040,96.51,335,67.41,770
59073592,96.51,336,67.15,770
59158856,96.43,336,67.15,771
59178248,96.43,337,66.87,771
59283448,96.43,337,66.52,772
59337768,96.38,337,66.52,773
59388952,96.38,338,66.33,773
59495048,96.38,338,65.96,774
59516696,96.37,338,65.96,775
59601480,96.37,339,65.75,775
59696120,96.11,339,65.75,776
59708360,96.11,340,65.48,776
59815768,96.11,340,65.16,777
59875496,96.13,340,65.16,778
59923560,96.13,341,64.93,778
60031896,96.13,341,64.6,779
60055112,96,341,64.6,780
60140568,96,342,64.4,780
60234760,95.99,342,64.4,781
60249656,95.99,343,64.15,781
60359528,95.99,343,63.7,782
60414744,95.81,343,63.7,783
60469512,95.81,344,63.63,783
60580088,95.81,344,63.29,784
60594792,95.77,344,63.29,785
60691256,95.77,345,62.95,785
60774920,95.73,345,62.95,786
60802808,95.73,346,62.74,786
60914696,95.73,346,62.55,787
60955352,95.57,346,62.55,788
61027368,95.57,347,62.11,788
61135928,95.49,347,62.11,789
61140096,95.49,348,62.08,789
61253544,95.49,348,61.69,790
61316600,95.44,348,61.69,791
61367560,95.44,349,61.38,791
61481912,95.44,349,61.2,792
61497480,95.33,349,61.2,793
61596824,95.33,350,60.9,793
61678696,95.16,350,60.9,794
61712184,95.16,351,60.67,794
61828104,95.16,351,60.37,795
61859832,95.2,351,60.37,796
61944392,95.2,352,60.18,796
62041304,95.02,352,60.18,797
62061352,95.02,353,59.84,797
62178616,95.02,353,59.68,798
62222856,94.98,353,59.68,799
62296440,94.98,354,59.4,799
62404552,94.91,354,59.4,800
62414744,94.91,355,59.16,800
62533576,94.91,355,58.89,801
62586328,94.86,355,58.89,802
62652968,94.86,356,58.62,802
62768248,94.79,356,58.62,803
62772832,94.79,357,58.39,803
62893032,94.79,357,58.22,804
62950488,94.62,357,58.22,805
63013992,94.62,358,57.86,805
63132824,94.57,358,57.86,806
63135416,94.57,359,57.64,806
63257176,94.57,359,57.48,807
63315336,94.48,359,57.48,808
63379736,94.48,360,57.1,808
63498120,94.34,360,57.1,809
63502488,94.34,361,57.01,809
63626024,94.34,361,56.65,810
63681016,94.28,361,56.65,811
63750120,94.28,362,56.4,811
63864056,94.21,362,56.4,812
63874504,94.21,363,56.26,812
63999640,94.21,363,55.93,813
64047272,94.12,363,55.93,814
64125128,94.12,364,55.77,814
64230552,94.09,364,55.77,815
64251272,94.09,365,55.48,815
64377944,94.09,365,55.25,816
64414120,93.94,365,55.25,817
64505176,93.94,366,55.01,817
64597800,93.88,366,55.01,818
64632856,93.88,367,54.81,818
64761096,93.88,367,54.57,819
64781624,93.81,367,54.57,820
64889928,93.81,368,54.32,820
64965544,93.76,368,54.32,821
65019416,93.76,369,54.05,821
65149224,93.76,369,53.91,822
65150912,93.03,369,53.91,823
65279672,93.03,370,53.65,823
65334216,94.07,370,53.65,824
65410936,94.07,371,53.32,824
65518792,93.42,371,53.32,825
65542456,93.42,372,53.21,825
65674728,93.42,372,52.91,826
65703320,93.45,372,52.91,827
65807368,93.45,373,52.76,827
65888120,93.31,373,52.76,828
65940648,93.31,374,52.51,828
66073160,93.19,374,52.51,829
66074832,93.19,375,52.16,829
66208952,93.19,375,52.18,830
66258344,93.12,375,52.18,831
66344040,93.12,376,51.81,831
66443848,92.96,376,51.81,832
66479576,92.96,377,51.63,832
66615880,92.96,377,51.34,833
66629432,92.92,377,51.34,834
66752520,92.92,378,51.22,834
66815128,92.86,378,51.22,835
66890072,92.86,379,50.88,835
67000840,92.85,379,50.88,836
67027832,92.85,380,50.8,836
67166376,92.85,380,50.51,837
67186904,92.68,380,50.51,838
67305512,92.68,381,50.3,838
67373048,92.64,381,50.3,839
67445288,92.64,382,50.07,839
67559416,92.53,382,50.07,840
67585512,92.53,383,49.91,840
67726552,92.53,383,49.62,841
67745960,92.44,383,49.62,842
67867928,92.44,384,49.5,842
67932776,92.3,384,49.5,843
68010184,92.3,385,49.2,843
68119608,92.3,385,49.2,844
68152872,92.3,386,49.05,844
68296120,92.3,386,48.86,845
68306760,92.14,386,48.86,846
68440152,92.14,387,48.59,846
68493800,92.19,387,48.59,847
68584664,92.19,388,48.43,847
68681320,91.96,388,48.43,848
68729832,91.96,389,48.21,848
68868824,91.97,389,48.21,849
68875656,91.97,390,47.99,849
69022040,91.97,390,47.81,850
69056648,91.81,390,47.81,851
69168984,91.81,391,47.63,851
69244360,91.86,391,47.63,852
69316824,91.86,392,47.34,852
69432520,91.65,392,47.34,853
69465112,91.65,393,47.19,853
69613992,91.65,393,47.01,854
69620824,91.58,393,47.01,855
69763624,91.58,394,46.77,855
69809208,91.54,394,46.77,856
69913704,91.54,395,46.63,856
69997816,91.43,395,46.63,857
70064712,91.43,396,46.34,857
70186488,91.4,396,46.34,858
70216168,91.4,397,46.21,858
70368184,91.4,397,46.04,859
70375464,91.25,397,46.04,860
70521176,91.25,398,45.74,860
70564520,91.21,398,45.74,861
70674616,91.21,399,45.61,861
70753816,91.1,399,45.61,862
70828760,91.1,400,45.4,862
70943112,91.1,400,45.4,863
70983544,91.1,401,45.21,863
71132872,90.87,401,45.21,864
71138808,90.87,402,45.07,864
71295048,90.87,402,44.79,865
71322712,90.83,402,44.79,866
71451848,90.83,403,44.63,866
71512664,90.78,403,44.63,867
71609352,90.78,404,44.43,867
71702648,90.77,404,44.43,868
71767496,90.77,405,44.25,868
71893048,90.57,405,44.25,869
71926312,90.57,406,44.07,869
72083448,90.57,406,44.07,870
72085796,90.57,407,43.88,870
72245880,90.57,407,43.72,871
72274232,90.38,407,43.72,872
72406728,90.38,408,43.51,872
72464856,90.46,408,43.51,873
72568232,90.46,409,43.33,873
72655960,90.23,409,43.33,874
72730472,90.23,410,43.14,874
72847064,90.23,410,43.14,875
72893352,90.23,411,42.97,875
73038392,90.13,411,42.97,876
73057112,90.13,412,42.74,876
73221416,90.13,412,42.59,877
73230040,89.98,412,42.59,878
73386504,89.98,413,42.39,878
73421560,90.04,413,42.39,879
73552264,90.04,414,42.22,879
73613528,89.83,414,42.22,880
73718696,89.83,415,42.05,880
73805496,89.83,415,42.05,881
73885800,89.83,416,41.88,881
73997688,89.72,416,41.88,882
74053816,89.72,417,41.65,882
74190120,89.61,417,41.65,883
74222488,89.61,418,41.49,883
74382760,89.51,418,41.49,884
74391832,89.51,419,41.33,884
74561992,89.51,419,41.13,885
74575560,89.44,419,41.13,886
74732696,89.44,420,41,886
74768424,89.41,420,41,887
74904280,89.41,421,40.79,887
74961512,89.31,421,40.79,888
75076776,89.31,422,40.57,888
75154648,89.28,422,40.57,889
75249736,89.28,423,40.46,889
75348184,89.1,423,40.46,890
75423592,89.1,424,40.25,890
75541752,89.08,424,40.25,891
75598088,89.08,425,40.11,891
75735544,88.98,425,40.11,892
75773544,88.98,426,39.89,892
75929592,88.86,426,39.89,893
75949640,88.86,427,39.74,893
76123800,88.79,427,39.74,894
76126376,88.79,428,39.6,894
76304136,88.79,428,39.37,895
76318136,88.73,428,39.37,896
76482472,88.73,429,39.24,896
76512600,88.67,429,39.24,897
76661704,88.67,430,39.05,897
76707288,88.57,430,39.05,898
76841576,88.57,431,38.91,898
76902200,88.47,431,38.91,899
77022376,88.47,432,38.71,899
77097112,88.47,432,38.71,900
77203864,88.47,433,38.56,900
77292456,88.28,433,38.56,901
77385976,88.28,434,38.43,901
77487784,88.28,434,38.43,902
77569208,88.28,435,38.19,902
77683336,88.18,435,38.19,903
77753144,88.18,436,38.05,903
77879144,88.07,436,38.05,904
77937720,88.07,437,37.92,904
78075144,87.98,437,37.92,905
78123224,87.98,438,37.73,905
78271176,87.97,438,37.73,906
78309592,87.97,439,37.55,906
78467432,87.86,439,37.55,907
78496664,87.86,440,37.41,907
78663880,87.78,440,37.41,908
78684600,87.78,441,37.24,908
78860552,87.68,441,37.24,909
78873448,87.68,442,37.06,909
79057464,87.57,442,37.06,910
79062944,87.57,443,36.93,910
79253464,87.57,443,36.73,911
79255144,87.23,443,36.73,912
79444600,87.23,444,36.61,912
79451688,87.74,444,36.61,913
79636840,87.74,445,36.4,913
79649048,87.37,445,36.4,914
79829704,87.37,446,36.29,914
79846616,87.28,446,36.29,915
80023464,87.28,447,36.12,915
80044408,87.18,447,36.12,916
80218136,87.18,448,35.95,916
80242216,87.18,448,35.95,917
80413688,87.18,449,35.79,917
80440456,86.99,449,35.79,918
80609912,86.99,450,35.67,918
80638728,86.97,450,35.67,919
80807288,86.97,451,35.46,919
80837208,86.88,451,35.46,920
81005336,86.88,452,35.34,920
81035688,86.88,452,35.34,921
81204248,86.88,453,35.18,921
81234600,86.69,453,35.18,922
81404056,86.69,454,35.03,922
81433736,86.59,454,35.03,923
81604760,86.59,455,34.87,923
81632888,86.59,455,34.87,924
81806168,86.59,456,34.75,924
81832264,86.49,456,34.75,925
82008664,86.49,457,34.56,925
82031848,86.4,457,34.56,926
82212056,86.4,458,34.41,926
82231432,86.4,458,34.41,927
82416120,86.4,459,34.3,927
82431480,86.2,459,34.3,928
82621336,86.2,460,34.1,928
82631528,86.2,460,34.1,929
82827192,86.2,461,34,929
82832008,86.01,461,34,930
83032376,86.06,462,34,930
83034040,86.06,463,33.83,930
83233128,85.9,463,33.83,931
83241752,85.9,464,33.69,931
83433832,85.92,464,33.69,932
83450520,85.92,465,33.52,932
83634984,85.73,465,33.52,933
83660184,85.73,466,33.38,933
83836168,85.71,466,33.38,934
83870568,85.71,467,33.26,934
84037560,85.62,467,33.26,935
84082024,85.62,468,33.1,935
84239160,85.54,468,33.1,936
84294408,85.54,469,32.95,936
84441016,85.43,469,32.95,937
84507656,85.43,470,32.82,937
84643064,85.35,470,32.82,938
84721800,85.35,471,32.68,938
84845112,85.35,471,32.68,939
84936840,85.35,472,32.54,939
85047608,85.16,472,32.54,940
85153000,85.16,473,32.38,940
85250104,85.16,473,32.38,941
85370056,85.16,474,32.24,941
85452856,85.05,474,32.24,942
85588024,85.05,475,32.11,942
85655784,84.98,475,32.11,943
85806872,84.98,476,31.98,943
85858728,84.97,476,31.98,944
86026840,84.97,477,31.82,944
86062136,84.78,477,31.82,945
86247720,84.78,478,31.68,945
86265528,84.78,478,31.68,946
86469256,84.64,479,31.68,946
86470936,84.64,480,31.35,946
86673144,84.58,480,31.35,947
86692296,84.58,481,31.62,947
86877208,84.5,481,31.62,948
86916072,84.5,482,31.27,948
87081272,84.5,482,31.27,949
87140968,84.5,483,31.12,949
87285816,84.3,483,31.12,950
87366792,84.3,484,30.99,950
87490328,84.32,484,30.99,951
87593480,84.32,485,30.87,951
87695288,84.13,485,30.87,952
87821288,84.13,486,30.72,952
87900248,84.13,486,30.72,953
88050008,84.13,487,30.6,953
88105480,84.02,487,30.6,954
88279848,84.02,488,30.45,954
88310648,84.05,488,30.45,955
88510792,84.05,489,30.3,955
88516272,83.86,489,30.3,956
88722024,83.81,490,30.3,956
88742536,83.81,491,30.2,956
88928120,83.67,491,30.2,957
88975496,83.67,492,30.04,957
89134200,83.68,492,30.04,958
89209352,83.68,493,29.93,958
89340504,83.59,493,29.93,959
89444344,83.59,494,29.78,959
89547048,83.49,494,29.78,960
89680216,83.49,495,29.67,960
89753800,83.4,495,29.67,961
89917208,83.4,496,29.53,961
89960552,83.4,496,29.53,962
90155320,83.4,497,29.39,962
90167752,83.22,497,29.39,963
90375064,83.18,498,29.39,963
90394440,83.18,499,29.27,963
90582488,83.13,499,29.27,964
90634792,83.13,500,29.12,964
90790168,83.03,500,29.12,965
90876072,83.03,501,29.01,965
90998040,82.95,501,29.01,966
91118216,82.95,502,28.9,966
91206136,82.87,502,28.9,967
91361704,82.87,503,28.74,967
91414456,82.78,503,28.74,968
91606312,82.78,504,28.61,968
91622808,82.76,504,28.61,969
91831464,82.64,505,28.61,969
91851960,82.64,506,28.49,969
92040232,82.6,506,28.49,970
92098808,82.6,507,28.35,970
92249224,82.51,507,28.35,971
92346552,82.51,508,28.25,971
92458472,82.41,508,28.25,972
92595480,82.41,509,28.11,972
92667976,82.31,509,28.11,973
92845528,82.31,510,27.99,973
92877672,82.23,510,27.99,974
93087448,82.2,511,27.99,974
93096520,82.2,512,27.88,974
93297336,82.16,512,27.88,975
93348968,82.16,513,27.72,975
93507704,81.97,513,27.72,976
93602120,81.97,514,27.65,976
93718040,81.98,514,27.65,977
93856584,81.98,515,27.5,977
93928600,81.9,515,27.5,978
94112200,81.9,516,27.38,978
94139416,81.8,516,27.38,979
94350312,81.77,517,27.38,979
94368792,81.77,518,27.27,979
94561576,81.62,518,27.27,980
94626648,81.62,519,27.14,980
94773032,81.55,519,27.14,981
94885816,81.55,520,27,981
94984488,81.55,520,27,982
95145880,81.55,521,26.91,982
95196392,81.38,521,26.91,983
95407096,81.38,522,26.79,983
95408776,81.19,522,26.79,984
95620408,81.48,523,26.79,984
95669576,81.48,524,26.66,984
95832984,81.12,524,26.66,985
95933224,81.12,525,26.54,985
96045560,81.12,525,26.54,986
96197992,81.12,526,26.43,986
96258168,81.11,526,26.43,987
96463928,81.11,527,26.32,987
96471240,80.93,527,26.32,988
96684376,80.91,528,26.32,988
96731304,80.91,529,26.17,988
96897656,80.85,529,26.17,989
96999704,80.85,530,26.07,989
97111368,80.69,530,26.07,990
97269624,80.69,531,25.93,990
97325064,80.69,531,25.93,991
97539096,80.57,532,25.93,991
97540768,80.57,533,25.81,991
97753288,80.51,533,25.81,992
97812792,80.51,534,25.73,992
97967720,80.42,534,25.73,993
98086360,80.42,535,25.58,993
98182344,80.35,535,25.58,994
98360984,80.35,536,25.48,994
98396936,80.36,536,25.48,995
98612088,80.15,537,25.48,995
98636840,80.15,538,25.37,995
98827128,80.19,538,25.37,996
98914152,80.19,539,25.24,996
99042616,80.02,539,25.24,997
99192584,80.02,540,25.14,997
99258104,80.02,540,25.14,998
99472584,80.02,541,24.99,998
99474248,79.78,541,24.99,999
99689912,79.96,542,24.99,999
99753640,79.96,543,24.9,999
99906296,79.69,543,24.9,1000
100035944,79.69,544,24.79,1000
100122616,79.72,544,24.79,1001
100319496,79.72,545,24.68,1001
100339192,79.62,545,24.68,1002
100556024,79.53,546,24.68,1002
100604392,79.53,547,24.56,1002
100773064,79.45,547,24.56,1003
100890424,79.45,548,24.47,1003
100990344,79.36,548,24.47,1004
101177832,79.36,549,24.35,1004
101207624,79.36,549,24.35,1005
101425352,79.2,550,24.35,1005
101466568,79.2,551,24.24,1005
101643288,79.12,551,24.24,1006
101756632,79.12,552,24.13,1006
101861256,79.11,552,24.13,1007
102048088,79.11,553,24.01,1007
102079432,79.04,553,24.01,1008
102298040,78.88,554,24.01,1008
102340584,78.88,555,23.93,1008
102516632,78.89,555,23.93,1009
102634696,78.89,556,23.8,1009
102735480,78.79,556,23.8,1010
102929928,78.79,557,23.7,1010
102954568,78.71,557,23.7,1011
103173864,78.63,558,23.7,1011
103226744,78.63,559,23.58,1011
103393384,78.55,559,23.58,1012
103524648,78.55,560,23.49,1012
103613112,78.48,560,23.49,1013
103823880,78.48,561,23.39,1013
103833064,78.4,561,23.39,1014
104053240,78.32,562,23.39,1014
104124696,78.32,563,23.26,1014
104273448,78.31,563,23.26,1015
104426664,78.31,564,23.18,1015
104494088,78.15,564,23.18,1016
104714952,78.08,565,23.18,1016
104730168,78.08,566,23.06,1016
104935784,78.09,566,23.06,1017
105035000,78.09,567,22.96,1017
105157064,77.93,567,22.96,1018
105341192,77.93,568,22.86,1018
105378360,77.92,568,22.86,1019
105600120,77.76,569,22.86,1019
105648504,77.76,570,22.77,1019
105821864,77.77,570,22.77,1020
105957624,77.77,571,22.64,1020
106043848,77.68,571,22.64,1021
106266056,77.6,572,22.64,1021
106267824,77.6,573,22.56,1021
106488520,77.51,573,22.56,1022
106579704,77.51,574,22.44,1022
106711208,77.44,574,22.44,1023
106892872,77.44,575,22.35,1023
106934088,77.37,575,22.35,1024
107157208,77.29,576,22.35,1024
107207624,77.29,577,22.23,1024
107380536,77.21,577,22.23,1025
107523912,77.21,578,22.13,1025
107604120,77.13,578,22.13,1026
107827896,77.06,579,22.13,1026
107841576,77.06,580,22.03,1026
108051896,76.98,580,22.03,1027
108160744,76.98,581,21.93,1027
108275864,76.99,581,21.93,1028
108481496,76.99,582,21.82,1028
108500328,76.82,582,21.82,1029
108724984,76.76,583,21.82,1029
108803848,76.76,584,21.71,1029
108949688,76.74,584,21.71,1030
109127752,76.74,585,21.61,1030
109174792,76.6,585,21.61,1031
109400136,76.52,586,21.61,1031
109453000,76.52,587,21.52,1031
109625496,76.52,587,21.52,1032
109779832,76.52,588,21.41,1032
109851304,76.37,588,21.41,1033
110077112,76.37,589,21.41,1033
110108248,76.37,590,21.31,1033
110303128,76.3,590,21.31,1034
110437992,76.3,591,21.22,1034
110529624,76.13,591,21.22,1035
110756088,76.14,592,21.22,1035
110769528,76.14,593,21.11,1035
110982776,76.07,593,21.11,1036
111102408,76.07,594,21.02,1036
111209912,75.92,594,21.02,1037
111436808,75.92,595,20.93,1037
111438576,75.41,595,20.93,1038
111664424,76.35,596,20.93,1038
111773048,76.35,597,20.81,1038
111892216,75.7,597,20.81,1039
112110632,75.7,598,20.73,1039
112120024,75.7,598,20.73,1040
112348056,75.62,599,20.73,1040
112449992,75.62,600,20.62,1040
112576328,75.54,600,20.62,1041
112790712,75.54,601,20.54,1041
112804808,75.47,601,20.54,1042
113033752,75.32,602,20.54,1042
113133208,75.32,603,20.43,1042
113262696,75.32,603,20.43,1043
113477288,75.32,604,20.34,1043
113491832,75.26,604,20.34,1044
113721224,75.17,605,20.34,1044
113822936,75.17,606,20.25,1044
113950840,75.1,606,20.25,1045
114170360,75.1,607,20.14,1045
114180664,75.03,607,20.14,1046
114410712,74.96,608,20.14,1046
114519560,74.96,609,20.04,1046
114640952,74.9,609,20.04,1047
114870536,74.9,610,19.94,1047
114872304,74.54,610,19.94,1048
115102184,75.01,611,19.94,1048
115223128,75.01,612,19.85,1048
115333096,74.68,612,19.85,1049
115564280,74.59,613,19.85,1049
115577288,74.59,614,19.76,1049
115795672,74.52,614,19.76,1050
115933224,74.52,615,19.66,1050
116027288,74.45,615,19.66,1051
116259144,74.37,616,19.66,1051
116290952,74.37,617,19.56,1051
116491208,74.31,617,19.56,1052
116650488,74.31,618,19.47,1052
116723512,74.23,618,19.47,1053
116956040,74.16,619,19.47,1053
117011608,74.16,620,19.38,1053
117188776,74.09,620,19.38,1054
117374904,74.09,621,19.26,1054
117421704,74.03,621,19.26,1055
117654904,73.95,622,19.26,1055
117739800,73.95,623,19.18,1055
117888328,73.87,623,19.18,1056
118106504,73.87,624,19.08,1056
118121944,73.81,624,19.08,1057
118355784,73.74,625,19.08,1057
118474936,73.74,626,19,1057
118590056,73.61,626,19,1058
118824376,73.59,627,19,1058
118845192,73.59,628,18.9,1058
119058872,73.54,628,18.9,1059
119217224,73.54,629,18.81,1059
119293608,73.46,629,18.81,1060
119528600,73.38,630,18.81,1060
119591096,73.38,631,18.72,1060
119763800,73.32,631,18.72,1061
119966760,73.32,632,18.63,1061
119999240,73.24,632,18.63,1062
120234904,73.17,633,18.63,1062
120344680,73.17,634,18.52,1062
120470792,73.1,634,18.52,1063
120707112,72.97,635,18.52,1063
120724360,72.97,636,18.43,1063
120943416,72.97,636,18.43,1064
121105832,72.97,637,18.35,1064
121179976,72.89,637,18.35,1065
121416728,72.84,638,18.35,1065
121489288,72.84,639,18.25,1065
121653912,72.7,639,18.25,1066
121874792,72.7,640,18.15,1066
121891128,72.69,640,18.15,1067
122128776,72.56,641,18.15,1067
122262280,72.56,642,18.06,1067
122366424,72.56,642,18.06,1068
122604520,72.42,643,18.06,1068
122651768,72.42,644,17.97,1068
122842600,72.43,644,17.97,1069
123043288,72.43,645,17.87,1069
123081128,72.29,645,17.87,1070
123319672,72.29,646,17.87,1070
123436808,72.29,647,17.78,1070
123558680,72.15,647,17.78,1071
123797704,72.14,648,17.78,1071
123832184,72.14,649,17.7,1071
124037128,72.02,649,17.7,1072
124229768,72.02,650,17.6,1072
124276792,71.95,650,17.6,1073
124516696,71.88,651,17.6,1073
124629352,71.88,652,17.51,1073
124756792,71.82,652,17.51,1074
124996936,71.81,653,17.51,1074
125031208,71.81,654,17.42,1074
125237528,71.67,654,17.42,1075
125434888,71.67,655,17.34,1075
125478328,71.61,655,17.34,1076
125719352,71.54,656,17.34,1076
125840968,71.54,657,17.23,1076
125960584,71.48,657,17.23,1077
126202056,71.41,658,17.23,1077
126248872,71.41,659,17.16,1077
126443736,71.35,659,17.16,1078
126658984,71.35,660,17.06,1078
126685848,71.22,660,17.06,1079
126927976,71.22,661,17.06,1079
127071096,71.22,662,16.98,1079
127170312,71.16,662,16.98,1080
127413112,71.02,663,16.98,1080
127485448,71.02,664,16.89,1080
127655896,71.03,664,16.89,1081
127899144,70.89,665,16.89,1081
127902056,70.89,666,16.8,1081
128142392,70.89,666,16.8,1082
128320920,70.89,667,16.71,1082
128386088,70.76,667,16.71,1083
128630024,70.69,668,16.71,1083
128741784,70.69,669,16.63,1083
128873928,70.7,669,16.63,1084
129118312,70.56,670,16.63,1084
129165128,70.56,671,16.53,1084
129362936,70.49,671,16.53,1085
129590536,70.49,672,16.45,1085
129607768,70.43,672,16.45,1086
129852824,70.37,673,16.45,1086
130018344,70.37,674,16.36,1086
130098088,70.31,674,16.36,1087
130343608,70.23,675,16.36,1087
130448232,70.23,676,16.28,1087
130589336,70.18,676,16.28,1088
130835304,70.11,677,16.28,1088
130880568,70.11,678,16.19,1088
131081720,69.98,678,16.19,1089
131315352,69.98,679,16.1,1089
131328136,69.98,679,16.1,1090
131574984,69.86,680,16.1,1090
131752168,69.86,681,16.02,1090
131821816,69.86,681,16.02,1091
132069112,69.73,682,16.02,1091
132191656,69.73,683,15.92,1091
132316632,69.67,683,15.92,1092
132564360,69.61,684,15.92,1092
132633352,69.61,685,15.84,1092
132812312,69.55,685,15.84,1093
133060504,69.48,686,15.84,1093
133077544,69.48,687,15.76,1093
133308936,69.41,687,15.76,1094
133524200,69.41,688,15.67,1094
133557560,69.36,688,15.67,1095
133806632,69.23,689,15.67,1095
133973288,69.23,690,15.58,1095
134055704,69.23,690,15.58,1096
134305256,69.1,691,15.58,1096
134424856,69.1,692,15.5,1096
134555016,69.04,692,15.5,1097
134804760,69.05,693,15.5,1097
134878696,69.05,694,15.42,1097
135054968,68.92,694,15.42,1098
135305416,68.85,695,15.42,1098
135335416,68.85,696,15.32,1098
135556056,68.8,696,15.32,1099
135794856,68.8,697,15.23,1099
135806936,68.73,697,15.23,1100
136058280,68.61,698,15.23,1100
136256968,68.61,699,15.14,1100
136309608,68.61,699,15.14,1101
136561176,68.55,700,15.14,1101
136721560,68.55,701,15.06,1101
136813160,68.43,701,15.06,1102
137065400,68.36,702,15.06,1102
137188840,68.36,703,14.98,1102
137317848,68.31,703,14.98,1103
137570296,68.31,704,14.98,1103
137658760,68.31,705,14.89,1103
137823400,68.13,705,14.89,1104
138076504,68.13,706,14.89,1104
138131368,68.13,707,14.81,1104
138329848,68.07,707,14.81,1105
138583656,67.94,708,14.81,1105
138606072,67.94,709,14.74,1105
138837464,67.94,709,14.74,1106
139083400,67.94,710,14.66,1106
139091672,67.83,710,14.66,1107
139346152,67.76,711,14.66,1107
139563192,67.76,712,14.59,1107
139600808,67.71,712,14.59,1108
139855736,67.64,713,14.59,1108
140045480,67.64,714,14.51,1108
140110888,67.58,714,14.51,1109
140366248,67.53,715,14.51,1109
140530664,67.53,716,14.42,1109
140622040,67.41,716,14.42,1110
140877848,67.41,717,14.42,1110
141018520,67.41,718,14.35,1110
141134104,67.29,718,14.35,1111
141390600,67.23,719,14.35,1111
141509112,67.23,720,14.27,1111
141647320,67.17,720,14.27,1112
141904248,67.12,721,14.27,1112
142002808,67.12,722,14.18,1112
142161416,67.05,722,14.18,1113
142419016,66.94,723,14.18,1113
142498968,66.94,724,14.11,1113
142676824,66.89,724,14.11,1114
142934664,66.88,725,14.11,1114
142998264,66.88,726,14.02,1114
143192904,66.78,726,14.02,1115
143451384,66.71,727,14.02,1115
143500424,66.71,728,13.94,1115
143710312,66.6,728,13.94,1116
143969240,66.6,729,13.94,1116
144005512,66.6,730,13.86,1116
144228616,66.48,730,13.86,1117
144488216,66.43,731,13.86,1117
144513320,66.43,732,13.78,1117
144747832,66.42,732,13.78,1118
145007880,66.31,733,13.78,1118
145024008,66.31,734,13.7,1118
145268376,66.2,734,13.7,1119
145528872,66.2,735,13.7,1119
145537144,66.2,736,13.64,1119
145789800,66.09,736,13.64,1120
146050744,66.08,737,13.64,1120
146053408,66.08,738,13.56,1120
146312136,65.97,738,13.56,1121
146572216,65.97,739,13.49,1121
146573992,65.85,739,13.49,1122
146835688,65.89,740,13.49,1122
147093720,65.89,741,13.42,1122
147097952,65.75,741,13.42,1123
147360232,65.75,742,13.42,1123
147618040,65.75,743,13.35,1123
147622944,65.64,743,13.35,1124
147885928,65.57,744,13.35,1124
148145336,65.57,745,13.27,1124
148149128,65.52,745,13.27,1125
148412568,65.46,746,13.27,1125
148675528,65.46,747,13.2,1125
148677304,65.14,747,13.2,1126
148940344,65.56,748,13.2,1126
149204664,65.24,749,13.2,1126
149208480,65.24,750,13.13,1126
149469224,65.18,750,13.13,1127
149733992,65.13,751,13.13,1127
149744536,65.13,752,13.06,1127
149999208,65.02,752,13.06,1128
150264408,65.02,753,13.06,1128
150283656,65.02,754,12.98,1128
150530056,64.91,754,12.98,1129
150795928,64.86,755,12.98,1129
150825736,64.86,756,12.91,1129
151062040,64.8,756,12.91,1130
151328376,64.75,757,12.91,1130
151371400,64.75,758,12.83,1130
151595160,64.64,758,12.83,1131
151862168,64.58,759,12.83,1131
151920168,64.58,760,12.75,1131
152129384,64.53,760,12.75,1132
152396856,64.47,761,12.75,1132
152472568,64.47,762,12.67,1132
152664520,64.42,762,12.67,1133
152932648,64.31,763,12.67,1133
153028296,64.31,764,12.59,1133
153200984,64.26,764,12.59,1134
153469544,64.21,765,12.59,1134
153587160,64.21,766,12.52,1134
153738376,64.14,766,12.52,1135
154007400,64.1,767,12.52,1135
154149432,64.1,768,12.45,1135
154276888,63.99,768,12.45,1136
154546568,63.94,769,12.45,1136
154714792,63.94,770,12.38,1136
154816472,63.89,770,12.38,1137
155086632,63.83,771,12.38,1137
155283736,63.83,772,12.3,1137
155357224,63.73,772,12.3,1138
155627816,63.73,773,12.3,1138
155856072,63.73,774,12.23,1138
155898840,63.63,774,12.23,1139
156170344,63.51,775,12.23,1139
156431752,63.51,776,12.16,1139
156441832,63.52,776,12.16,1140
156713768,63.41,777,12.16,1140
156985720,63.41,778,12.16,1140
157010808,63.41,779,12.09,1140
157258344,63.25,779,12.09,1141
157530936,63.26,780,12.09,1141
157593224,63.26,781,12.02,1141
157803992,63.15,781,12.02,1142
158077032,63.16,782,12.02,1142
158179160,63.16,783,11.94,1142
158350728,63,783,11.94,1143
158624456,63,784,11.94,1143
158768696,63,785,11.87,1143
158898600,62.9,785,11.87,1144
159172984,62.85,786,11.87,1144
159361800,62.85,787,11.8,1144
159447576,62.8,787,11.8,1145
159722424,62.74,788,11.8,1145
159958504,62.74,789,11.73,1145
159997704,62.64,789,11.73,1146
160273240,62.58,790,11.73,1146
160549000,62.53,791,11.73,1146
160559304,62.53,792,11.65,1146
160824968,62.49,792,11.65,1147
161101400,62.38,793,11.65,1147
161163672,62.38,794,11.58,1147
161377800,62.39,794,11.58,1148
161654888,62.23,795,11.58,1148
161771800,62.23,796,11.51,1148
161931976,62.23,796,11.51,1149
162209528,62.13,797,11.51,1149
162383368,62.13,798,11.44,1149
162487080,62.13,798,11.44,1150
162765080,62.03,799,11.44,1150
162998504,62.03,800,11.38,1150
163043512,61.93,800,11.38,1151
163322152,61.89,801,11.38,1151
163601016,61.84,802,11.38,1151
163617160,61.84,803,11.31,1151
163880136,61.78,803,11.31,1152
164159672,61.69,804,11.31,1152
164239640,61.69,805,11.24,1152
164439240,61.68,805,11.24,1153
164719448,61.54,806,11.24,1153
164865736,61.54,807,11.18,1153
164999704,61.53,807,11.18,1154
165280152,61.49,808,11.18,1154
165495848,61.49,809,11.11,1154
165561240,61.35,809,11.11,1155
165842376,61.34,810,11.11,1155
166123720,61.29,811,11.11,1155
166129992,61.29,812,11.04,1155
166405496,61.2,812,11.04,1156
166687496,61.15,813,11.04,1156
166767928,61.15,814,10.97,1156
166969960,61.05,814,10.97,1157
167252632,61,815,10.97,1157
167410088,61,816,10.9,1157
167535512,60.96,816,10.9,1158
167818664,60.9,817,10.9,1158
168056312,60.9,818,10.83,1158
168102232,60.81,818,10.83,1159
168386024,60.76,819,10.83,1159
168670040,60.71,820,10.83,1159
168706344,60.71,821,10.77,1159
168954296,60.66,821,10.77,1160
169238984,60.57,822,10.77,1160
169360600,60.57,823,10.7,1160
169524104,60.48,823,10.7,1161
169809272,60.47,824,10.7,1161
170018696,60.47,825,10.63,1161
170094872,60.38,825,10.63,1162
170380712,60.33,826,10.63,1162
170666760,60.28,827,10.63,1162
170681112,60.28,828,10.56,1162
170953256,60.19,828,10.56,1163
171239976,60.14,829,10.56,1163
171347496,60.14,830,10.5,1163
171526920,60.1,830,10.5,1164
171814328,60,831,10.5,1164
172018152,60,832,10.44,1164
172101912,59.96,832,10.44,1165
172389768,59.9,833,10.44,1165
172678056,59.82,834,10.44,1165
172693048,59.82,835,10.37,1165
172966552,59.77,835,10.37,1166
173255304,59.72,836,10.37,1166
173372024,59.72,837,10.31,1166
173544520,59.62,837,10.31,1167
173833928,59.58,838,10.31,1167
174055672,59.58,839,10.24,1167
174123528,59.54,839,10.24,1168
174413608,59.45,840,10.24,1168
174703928,59.4,841,10.24,1168
174743560,59.4,842,10.17,1168
174994424,59.36,842,10.17,1169
175285416,59.26,843,10.17,1169
175436168,59.26,844,10.1,1169
175576616,59.22,844,10.1,1170
175868040,59.17,845,10.1,1170
176133480,59.17,846,10.04,1170
176159896,59.08,846,10.04,1171
176451976,59.04,847,10.04,1171
176744504,58.95,848,10.04,1171
176835224,58.95,849,9.97,1171
177037208,58.91,849,9.97,1172
177330152,58.86,850,9.97,1172
177541784,58.86,851,9.9,1172
177623480,58.79,851,9.9,1173
177917288,58.69,852,9.9,1173
178211128,58.68,853,9.9,1173
178252744,58.68,854,9.84,1173
178505368,58.61,854,9.84,1174
178799880,58.55,855,9.84,1174
178968728,58.55,856,9.77,1174
179094792,58.47,856,9.77,1175
179389976,58.42,857,9.77,1175
179685608,58.33,858,9.77,1175
179689816,58.33,859,9.71,1175
179981416,58.29,859,9.71,1176
180277496,58.24,860,9.71,1176
180415656,58.24,861,9.64,1176
180573752,58.21,861,9.64,1177
180870504,58.11,862,9.64,1177
181146648,58.11,863,9.57,1177
181167656,58.03,863,9.57,1178
181465048,57.98,864,9.57,1178
181762680,57.94,865,9.57,1178
181882472,57.94,866,9.51,1178
182060504,57.9,866,9.51,1179
182358824,57.8,867,9.51,1179
182623544,57.8,868,9.44,1179
182657544,57.73,868,9.44,1180
182956312,57.72,869,9.44,1180
183255528,57.63,870,9.44,1180
183369496,57.63,871,9.38,1180
183555144,57.55,871,9.38,1181
183855032,57.5,872,9.38,1181
184120872,57.5,873,9.31,1181
184155096,57.47,873,9.31,1182
184455656,57.37,874,9.31,1182
184756440,57.33,875,9.31,1182
184877352,57.33,876,9.25,1182
185057624,57.25,876,9.25,1183
185359080,57.2,877,9.25,1183
185639480,57.2,878,9.18,1183
185660712,57.17,878,9.18,1184
185962840,57.08,879,9.18,1184
186265160,57.04,880,9.18,1184
186406680,57.04,881,9.12,1184
186567912,56.96,881,9.12,1185
186870936,56.91,882,9.12,1185
187174408,56.82,883,9.12,1185
187179056,56.82,884,9.06,1185
187478024,56.8,884,9.06,1186
187782136,56.7,885,9.06,1186
187956344,56.7,886,9,1186
188086408,56.67,886,9,1187
188390968,56.62,887,9,1187
188696008,56.53,888,9,1187
188738936,56.53,889,8.94,1187
189001192,56.5,889,8.94,1188
189306904,56.41,890,8.94,1188
189527272,56.41,891,8.88,1188
189612792,56.37,891,8.88,1189
189919176,56.28,892,8.88,1189
190225560,56.28,893,8.88,1189
190320936,56.28,894,8.82,1189
190532568,56.17,894,8.82,1190
190839848,56.12,895,8.82,1190
191120024,56.12,896,8.76,1190
191147528,56.05,896,8.76,1191
191455224,56.04,897,8.76,1191
191763608,55.92,898,8.76,1191
191924392,55.92,899,8.7,1191
192072184,55.88,899,8.7,1192
192381000,55.84,900,8.7,1192
192690296,55.75,901,8.7,1192
192734152,55.75,902,8.64,1192
192999768,55.72,902,8.64,1193
193309736,55.63,903,8.64,1193
193549592,55.63,904,8.58,1193
193619880,55.6,904,8.58,1194
193930520,55.51,905,8.58,1194
194241384,55.47,906,8.58,1194
194370360,55.47,907,8.53,1194
194552648,55.4,907,8.53,1195
194864184,55.35,908,8.53,1195
195176168,55.27,909,8.53,1195
195196952,55.27,910,8.47,1195
195488328,55.24,910,8.47,1196
195800984,55.15,911,8.47,1196
196029192,55.15,912,8.41,1196
196113816,55.12,912,8.41,1197
196427144,55.03,913,8.41,1197
196740696,55,914,8.41,1197
196867432,55,915,8.35,1197
197054616,54.93,915,8.35,1198
197368840,54.88,916,8.35,1198
197683512,54.8,917,8.35,1198
197711688,54.8,918,8.29,1198
197998360,54.77,918,8.29,1199
198313704,54.68,919,8.29,1199
198561848,54.68,920,8.23,1199
198629224,54.65,920,8.23,1200
198945240,54.57,921,8.23,1200
199261480,54.53,922,8.23,1200
199418008,54.53,923,8.17,1200
199578120,54.46,923,8.17,1201
199895032,54.41,924,8.17,1201
200212392,54.34,925,8.17,1201
200280216,54.34,926,8.12,1201
200530152,54.27,926,8.12,1202
200848184,54.22,927,8.12,1202
201148744,54.22,928,8.06,1202
201166392,54.19,928,8.06,1203
201485096,54.11,929,8.06,1203
201804232,54.03,930,8.06,1203
202022776,54.03,931,8.01,1203
202123512,54.01,931,8.01,1204
202443304,53.92,932,8.01,1204
202763352,53.88,933,8.01,1204
202902824,53.88,934,7.95,1204
203083768,53.82,934,7.95,1205
203404488,53.77,935,7.95,1205
203725656,53.69,936,7.95,1205
203789432,53.69,937,7.89,1205
204047208,53.63,937,7.89,1206
204368824,53.62,938,7.89,1206
204682824,53.62,939,7.83,1206
204691064,53.51,939,7.83,1207
205013576,53.47,940,7.83,1207
205336536,53.39,941,7.83,1207
205582440,53.39,942,7.78,1207
205659640,53.37,942,7.78,1208
205983272,53.28,943,7.78,1208
206307128,53.25,944,7.78,1208
206488520,53.25,945,7.72,1208
206631384,53.18,945,7.72,1209
206956136,53.1,946,7.72,1209
207281112,53.06,947,7.72,1209
207401560,53.06,948,7.66,1209
207606472,53,948,7.66,1210
207932104,52.96,949,7.66,1210
208258200,52.88,950,7.66,1210
208321320,52.88,951,7.61,1210
208584472,52.85,951,7.61,1211
208911240,52.77,952,7.61,1211
209238456,52.7,953,7.61,1211
209247816,52.7,954,7.55,1211
209565848,52.67,954,7.55,1212
209893736,52.59,955,7.55,1212
210181304,52.59,956,7.5,1212
210221800,52.56,956,7.5,1213
210550360,52.48,957,7.5,1213
210879368,52.41,958,7.5,1213
211121240,52.41,959,7.45,1213
211208552,52.38,959,7.45,1214
211538232,52.31,960,7.45,1214
211868136,52.27,961,7.45,1214
212067672,52.27,962,7.39,1214
212198664,52.17,962,7.39,1215
212529240,52.16,963,7.39,1215
212860264,52.09,964,7.39,1215
213021240,52.09,965,7.34,1215
213191880,52,965,7.34,1216
213523544,51.99,966,7.34,1216
213855688,51.92,967,7.34,1216
213981752,51.92,968,7.29,1216
214188232,51.85,968,7.29,1217
214521272,51.78,969,7.29,1217
214854536,51.74,970,7.29,1217
214949240,51.74,971,7.23,1217
215188200,51.68,971,7.23,1218
215522136,51.64,972,7.23,1218
215856520,51.57,973,7.23,1218
215924120,51.57,974,7.18,1218
216191304,51.51,974,7.18,1219
216526360,51.47,975,7.18,1219
216861864,51.4,976,7.18,1219
216906168,51.4,977,7.13,1219
217197768,51.34,977,7.13,1220
217533944,51.29,978,7.13,1220
217870568,51.23,979,7.13,1220
217895384,51.23,980,7.07,1220
218207560,51.17,980,7.07,1221
218544824,51.13,981,7.07,1221
218882552,51.06,982,7.07,1221
218892328,51.06,983,7.02,1221
219220856,50.97,983,7.02,1222
219559272,50.96,984,7.02,1222
219896536,50.96,985,6.97,1222
219898264,50.87,985,6.97,1223
220237400,50.85,986,6.97,1223
220576936,50.79,987,6.97,1223
220908408,50.79,988,6.92,1223
220916856,50.73,988,6.92,1224
221257288,50.65,989,6.92,1224
221597944,50.62,990,6.92,1224
221927848,50.62,991,6.86,1224
221939224,50.53,991,6.86,1225
222280776,50.49,992,6.86,1225
222622552,50.45,993,6.86,1225
222955592,50.45,994,6.81,1225
222964952,50.36,994,6.81,1226
223307400,50.36,995,6.81,1226
223650520,50.26,996,6.81,1226
223991400,50.26,997,6.76,1226
223994040,50.2,997,6.76,1227
224337864,50.15,998,6.76,1227
224681880,50.13,999,6.76,1227
225026568,50.03,1000,6.76,1227
225035304,50.03,1001,6.7,1227
225371512,49.99,1001,6.7,1228
225716904,49.93,1002,6.7,1228
226062552,49.89,1003,6.7,1228
226087400,49.89,1004,6.65,1228
226408824,49.8,1004,6.65,1229
226755128,49.79,1005,6.65,1229
227102104,49.7,1006,6.65,1229
227148456,49.7,1007,6.6,1229
227449496,49.64,1007,6.6,1230
227797128,49.6,1008,6.6,1230
228145208,49.54,1009,6.6,1230
228218440,49.54,1010,6.54,1230
228493736,49.48,1010,6.54,1231
228842488,49.44,1011,6.54,1231
229191944,49.35,1012,6.54,1231
229296776,49.35,1013,6.49,1231
229541592,49.32,1013,6.49,1232
229891464,49.29,1014,6.49,1232
230242024,49.19,1015,6.49,1232
230384056,49.19,1016,6.44,1232
230592808,49.16,1016,6.44,1233
230944040,49.1,1017,6.44,1233
231295720,49.03,1018,6.44,1233
231480504,49.03,1019,6.38,1233
231647816,48.98,1019,6.38,1234
232000168,48.94,1020,6.38,1234
232352968,48.88,1021,6.38,1234
232585704,48.88,1022,6.33,1234
232706200,48.82,1022,6.33,1235
233059880,48.76,1023,6.33,1235
233414024,48.69,1024,6.33,1235
233699176,48.69,1025,6.29,1235
233768376,48.66,1025,6.29,1236
234123176,48.6,1026,6.29,1236
234478424,48.54,1027,6.29,1236
234821576,48.54,1028,6.24,1236
234834104,48.48,1028,6.24,1237
235190248,48.42,1029,6.24,1237
235546648,48.38,1030,6.24,1237
235903688,48.3,1031,6.24,1237
235952760,48.3,1032,6.19,1237
236260776,48.29,1032,6.19,1238
236618488,48.21,1033,6.19,1238
236976680,48.14,1034,6.19,1238
237093160,48.14,1035,6.14,1238
237335080,48.11,1035,6.14,1239
237694152,48.02,1036,6.14,1239
238053432,48,1037,6.14,1239
238242920,48,1038,6.09,1239
238413144,47.94,1038,6.09,1240
238773320,47.88,1039,6.09,1240
239133720,47.85,1040,6.09,1240
239402504,47.85,1041,6.04,1240
239494776,47.76,1041,6.04,1241
239856104,47.72,1042,6.04,1241
240218072,47.64,1043,6.04,1241
240571528,47.64,1044,5.99,1241
240580248,47.61,1044,5.99,1242
240942888,47.55,1045,5.99,1242
241305784,47.52,1046,5.99,1242
241669336,47.43,1047,5.99,1242
241750872,47.43,1048,5.93,1242
242033096,47.4,1048,5.93,1243
242397528,47.32,1049,5.93,1243
242762200,47.29,1050,5.93,1243
242940264,47.29,1051,5.88,1243
243127288,47.23,1051,5.88,1244
243492840,47.17,1052,5.88,1244
243858840,47.11,1053,5.88,1244
244139720,47.11,1054,5.83,1244
244225304,47.06,1054,5.83,1245
244592008,47.02,1055,5.83,1245
244959368,46.94,1056,5.83,1245
245326936,46.91,1057,5.83,1245
245349560,46.91,1058,5.78,1245
245695192,46.83,1058,5.78,1246
246063656,46.8,1059,5.78,1246
246432584,46.74,1060,5.78,1246
246570136,46.74,1061,5.73,1246
246801960,46.68,1061,5.73,1247
247171784,46.63,1062,5.73,1247
247542072,46.57,1063,5.73,1247
247801016,46.57,1064,5.69,1247
247912776,46.52,1064,5.69,1248
248283704,46.49,1065,5.69,1248
248655320,46.4,1066,5.69,1248
249027368,46.35,1067,5.69,1248
249041944,46.35,1068,5.64,1248
249399656,46.32,1068,5.64,1249
249772392,46.26,1069,5.64,1249
250145784,46.18,1070,5.64,1249
250293192,46.18,1071,5.59,1249
250519416,46.15,1071,5.59,1250
250893512,46.1,1072,5.59,1250
251268040,46.04,1073,5.59,1250
251554520,46.04,1074,5.55,1250
251643208,45.96,1074,5.55,1251
252018616,45.93,1075,5.55,1251
252394504,45.88,1076,5.55,1251
252770808,45.82,1077,5.55,1251
252826360,45.82,1078,5.5,1251
253147592,45.77,1078,5.5,1252
253524792,45.72,1079,5.5,1252
253902472,45.66,1080,5.5,1252
254108760,45.66,1081,5.46,1252
254280552,45.61,1081,5.46,1253
254659128,45.55,1082,5.46,1253
255037912,45.52,1083,5.46,1253
255401688,45.52,1084,5.41,1253
255417352,45.45,1084,5.41,1254
255797256,45.39,1085,5.41,1254
256177608,45.34,1086,5.41,1254
256558408,45.28,1087,5.41,1254
256705576,45.28,1088,5.37,1254
256939640,45.23,1088,5.37,1255
257321128,45.2,1089,5.37,1255
257703272,45.12,1090,5.37,1255
258020904,45.12,1091,5.32,1255
258085864,45.07,1091,5.32,1256
258468920,45.02,1092,5.32,1256
258852408,44.97,1093,5.32,1256
259236344,44.91,1094,5.32,1256
259348120,44.91,1095,5.27,1256
259620712,44.86,1095,5.27,1257
260005336,44.83,1096,5.27,1257
260390600,44.76,1097,5.27,1257
260686296,44.76,1098,5.23,1257
260776344,44.7,1098,5.23,1258
261162728,44.63,1099,5.23,1258
261549336,44.6,1100,5.23,1258
261936424,44.55,1101,5.23,1258
262036328,44.55,1102,5.18,1258
262323928,44.5,1102,5.18,1259
262711912,44.45,1103,5.18,1259
263100568,44.37,1104,5.18,1259
263397352,44.37,1105,5.14,1259
263489400,44.35,1105,5.14,1260
263878728,44.29,1106,5.14,1260
264268696,44.22,1107,5.14,1260
264659144,44.16,1108,5.14,1260
264770024,44.16,1109,5.1,1260
265049784,44.14,1109,5.1,1261
265441128,44.06,1110,5.1,1261
265832920,44.01,1111,5.1,1261
266155240,44.01,1112,5.05,1261
266225112,43.97,1112,5.05,1262
266617768,43.92,1113,5.05,1262
267010872,43.87,1114,5.05,1262
267404648,43.79,1115,5.05,1262
267553368,43.79,1116,5.01,1262
267798648,43.77,1116,5.01,1263
268193320,43.69,1117,5.01,1263
268588232,43.67,1118,5.01,1263
268963864,43.67,1119,4.96,1263
268983784,43.59,1119,4.96,1264
269379800,43.54,1120,4.96,1264
269776264,43.49,1121,4.96,1264
270173192,43.44,1122,4.96,1264
270386200,43.44,1123,4.92,1264
270570536,43.4,1123,4.92,1265
270968568,43.32,1124,4.92,1265
271366856,43.3,1125,4.92,1265
271765816,43.22,1126,4.92,1265
271820696,43.22,1127,4.88,1265
272165192,43.18,1127,4.88,1266
272565016,43.13,1128,4.88,1266
272965288,43.08,1129,4.88,1266
273267896,43.08,1130,4.84,1266
273365992,43.03,1130,4.84,1267
273767384,42.96,1131,4.84,1267
274169032,42.93,1132,4.84,1267
274571320,42.86,1133,4.84,1267
274727656,42.86,1134,4.79,1267
274974040,42.82,1134,4.79,1268
275377448,42.75,1135,4.79,1268
275781080,42.72,1136,4.79,1268
276185384,42.65,1137,4.79,1268
276200376,42.65,1138,4.75,1268
276589928,42.63,1138,4.75,1269
276995144,42.56,1139,4.75,1269
277400792,42.51,1140,4.75,1269
277686616,42.51,1141,4.71,1269
277807128,42.44,1141,4.71,1270
278213688,42.41,1142,4.71,1270
278620920,42.34,1143,4.71,1270
279028616,42.3,1144,4.71,1270
279186552,42.3,1145,4.67,1270
279436760,42.25,1145,4.67,1271
279845336,42.21,1146,4.67,1271
280254584,42.14,1147,4.67,1271
280664280,42.09,1148,4.67,1271
280700552,42.09,1149,4.62,1271
281074392,42.05,1149,4.62,1272
281485192,41.98,1150,4.62,1272
281896248,41.95,1151,4.62,1272
282228216,41.95,1152,4.58,1272
282307960,41.88,1152,4.58,1273
282720104,41.84,1153,4.58,1273
283132728,41.79,1154,4.58,1273
283546024,41.72,1155,4.58,1273
283769112,41.72,1156,4.54,1273
283959752,41.68,1156,4.54,1274
284373912,41.64,1157,4.54,1274
284788776,41.57,1158,4.54,1274
285203848,41.54,1159,4.54,1274
285323688,41.54,1160,4.5,1274
285619800,41.46,1160,4.5,1275
286035992,41.43,1161,4.5,1275
286452840,41.37,1162,4.5,1275
286870136,41.32,1163,4.5,1275
286893672,41.32,1164,4.46,1275
287287896,41.28,1164,4.46,1276
287706328,41.21,1165,4.46,1276
288125208,41.17,1166,4.46,1276
288478472,41.17,1167,4.42,1276
288544552,41.12,1167,4.42,1277
288964344,41.08,1168,4.42,1277
289384776,41.01,1169,4.42,1277
289805656,40.97,1170,4.42,1277
290077352,40.97,1171,4.38,1277
290227192,40.91,1171,4.38,1278
290649224,40.86,1172,4.38,1278
291071672,40.82,1173,4.38,1278
291494792,40.75,1174,4.38,1278
291691704,40.75,1175,4.34,1278
291918376,40.71,1175,4.34,1279
292342408,40.67,1176,4.34,1279
292767128,40.6,1177,4.34,1279
293192280,40.56,1178,4.34,1279
293321080,40.56,1179,4.3,1279
293617880,40.52,1179,4.3,1280
294044152,40.45,1180,4.3,1280
294470872,40.41,1181,4.3,1280
294898264,40.35,1182,4.3,1280
294966360,40.35,1183,4.25,1280
295326088,40.31,1183,4.25,1281
295754376,40.26,1184,4.25,1281
296183352,40.2,1185,4.25,1281
296612760,40.16,1186,4.25,1281
296627336,40.16,1187,4.21,1281
297042856,40.09,1187,4.21,1282
297473368,40.05,1188,4.21,1282
297904552,39.99,1189,4.21,1282
298305496,39.99,1190,4.17,1282
298336200,39.95,1190,4.17,1283
298768312,39.91,1191,4.17,1283
299201064,39.85,1192,4.17,1283
299634280,39.8,1193,4.17,1283
300000760,39.8,1194,4.13,1283
300068184,39.74,1194,4.13,1284
300502520,39.7,1195,4.13,1284
300937528,39.64,1196,4.13,1284
301372984,39.6,1197,4.13,1284
301711224,39.6,1198,4.09,1284
301808872,39.56,1198,4.09,1285
302245432,39.5,1199,4.09,1285
302682664,39.44,1200,4.09,1285
303120344,39.4,1201,4.09,1285
303436840,39.4,1202,4.06,1285
303558680,39.34,1202,4.06,1286
303997480,39.3,1203,4.06,1286
304436744,39.26,1204,4.06,1286
304876680,39.2,1205,4.06,1286
305179288,39.2,1206,4.02,1286
305317256,39.14,1206,4.02,1287
305758312,39.1,1207,4.02,1287
306200024,39.04,1208,4.02,1287
306642184,39,1209,4.02,1287
306939416,39,1210,3.98,1287
307085000,38.94,1210,3.98,1288
307528280,38.9,1211,3.98,1288
307972248,38.84,1212,3.98,1288
308416648,38.8,1213,3.98,1288
308718808,38.8,1214,3.93,1288
308861704,38.75,1214,3.93,1289
309307480,38.68,1215,3.93,1289
309753672,38.65,1216,3.93,1289
310200536,38.59,1217,3.93,1289
310515912,38.59,1218,3.89,1289
310647832,38.55,1218,3.89,1290
311095816,38.49,1219,3.89,1290
311544264,38.45,1220,3.89,1290
311993368,38.4,1221,3.89,1290
312330024,38.4,1222,3.86,1290
312443128,38.34,1222,3.86,1291
312893352,38.3,1223,3.86,1291
313344248,38.24,1224,3.86,1291
313795832,38.19,1225,3.86,1291
314162520,38.19,1226,3.82,1291
314247880,38.15,1226,3.82,1292
314700344,38.11,1227,3.82,1292
315153720,38.03,1228,3.82,1292
315607528,38,1229,3.82,1292
316012504,38,1230,3.78,1292
316061768,37.96,1230,3.78,1293
316516920,37.89,1231,3.78,1293
316972312,37.87,1232,3.78,1293
317428616,37.79,1233,3.78,1293
317880408,37.79,1234,3.75,1293
317885320,37.76,1234,3.75,1294
318342712,37.7,1235,3.75,1294
318800792,37.64,1236,3.75,1294
319259304,37.61,1237,3.75,1294
319718520,37.55,1238,3.75,1294
319767784,37.55,1239,3.71,1294
320178392,37.5,1239,3.71,1295
320638696,37.46,1240,3.71,1295
321099672,37.41,1241,3.71,1295
321561352,37.35,1242,3.71,1295
321674936,37.35,1243,3.67,1295
322023464,37.32,1243,3.67,1296
322486456,37.24,1244,3.67,1296
322949896,37.21,1245,3.67,1296
323413816,37.17,1246,3.67,1296
323600840,37.17,1247,3.63,1296
323878584,37.1,1247,3.63,1297
324343848,37.06,1248,3.63,1297
324809752,37.01,1249,3.63,1297
325276328,36.96,1250,3.63,1297
325546936,36.96,1251,3.6,1297
325743368,36.92,1251,3.6,1298
326211320,36.85,1252,3.6,1298
326679688,36.82,1253,3.6,1298
327148728,36.76,1254,3.6,1298
327513624,36.76,1255,3.56,1298
327618232,36.73,1255,3.56,1299
328088648,36.66,1256,3.56,1299
328559496,36.62,1257,3.56,1299
329031032,36.57,1258,3.56,1299
329502088,36.57,1259,3.52,1299
329503872,36.47,1259,3.52,1300
329976104,36.52,1260,3.52,1300
330449400,36.43,1261,3.52,1300
330923608,36.36,1262,3.52,1300
331398264,36.33,1263,3.52,1300
331513400,36.33,1264,3.48,1300
331873608,36.28,1264,3.48,1301
332349608,36.23,1265,3.48,1301
332826280,36.18,1266,3.48,1301
333303416,36.14,1267,3.48,1301
333547816,36.14,1268,3.44,1301
333781432,36.07,1268,3.44,1302
334260104,36.02,1269,3.44,1302
334739224,35.99,1270,3.44,1302
335219048,35.94,1271,3.44,1302
335603864,35.94,1272,3.4,1302
335699720,35.87,1272,3.4,1303
336180888,35.84,1273,3.4,1303
336662696,35.79,1274,3.4,1303
337145192,35.74,1275,3.4,1303
337628344,35.69,1276,3.4,1303
337682104,35.69,1277,3.37,1303
338111976,35.66,1277,3.37,1304
338596488,35.59,1278,3.37,1304
339081688,35.54,1279,3.37,1304
339567320,35.51,1280,3.37,1304
339782824,35.51,1281,3.33,1304
340053848,35.44,1281,3.33,1305
340541064,35.39,1282,3.33,1305
341028728,35.36,1283,3.33,1305
341517288,35.3,1284,3.33,1305
341903928,35.3,1285,3.3,1305
342006296,35.26,1285,3.3,1306
342496184,35.2,1286,3.3,1306
342986536,35.17,1287,3.3,1306
343477752,35.1,1288,3.3,1306
343969656,35.06,1289,3.3,1306
344046024,35.06,1290,3.27,1306
344462200,35.01,1290,3.27,1307
344955240,34.97,1291,3.27,1307
345449144,34.91,1292,3.27,1307
345943752,34.86,1293,3.27,1307
346211192,34.86,1294,3.23,1307
346438984,34.82,1294,3.23,1308
346934904,34.77,1295,3.23,1308
347431528,34.72,1296,3.23,1308
347928824,34.68,1297,3.23,1308
348399880,34.68,1298,3.2,1308
348426744,34.63,1298,3.2,1309
348925592,34.57,1299,3.2,1309
349424904,34.54,1300,3.2,1309
349924856,34.49,1301,3.2,1309
350425720,34.43,1302,3.2,1309
350613224,34.43,1303,3.16,1309
350927256,34.38,1303,3.16,1310
351429448,34.34,1304,3.16,1310
351932344,34.29,1305,3.16,1310
352435880,34.25,1306,3.16,1310
352855000,34.25,1307,3.12,1310
352940104,34.2,1307,3.12,1311
353445224,34.14,1308,3.12,1311
353950792,34.11,1309,3.12,1311
354457256,34.05,1310,3.12,1311
354964376,34,1311,3.12,1311
355124296,34,1312,3.08,1311
355472376,33.94,1312,3.08,1312
355980840,33.91,1313,3.08,1312
356490200,33.85,1314,3.08,1312
357000232,33.81,1315,3.08,1312
357420888,33.81,1316,3.05,1312
357510920,33.77,1316,3.05,1313
358022296,33.72,1317,3.05,1313
358534568,33.66,1318,3.05,1313
359047512,33.62,1319,3.05,1313
359561128,33.57,1320,3.05,1313
359745016,33.57,1321,3.01,1313
360075416,33.53,1321,3.01,1314
360590600,33.47,1322,3.01,1314
361106456,33.43,1323,3.01,1314
361622984,33.38,1324,3.01,1314
362097848,33.38,1325,2.97,1314
362140392,33.33,1325,2.97,1315
362658296,33.3,1326,2.97,1315
363177080,33.24,1327,2.97,1315
363696744,33.18,1328,2.97,1315
364217112,33.14,1329,2.97,1315
364480296,33.14,1330,2.94,1315
364738104,33.1,1330,2.94,1316
365259800,33.05,1331,2.94,1316
365782376,33,1332,2.94,1316
366305848,32.94,1333,2.94,1316
366829784,32.91,1334,2.94,1316
366893160,32.91,1335,2.9,1316
367354584,32.86,1335,2.9,1317
367880328,32.8,1336,2.9,1317
368406712,32.76,1337,2.9,1317
368933768,32.72,1338,2.9,1317
369336088,32.72,1339,2.86,1317
369461736,32.66,1339,2.86,1318
369990360,32.62,1340,2.86,1318
370519688,32.58,1341,2.86,1318
371049880,32.52,1342,2.86,1318
371580968,32.47,1343,2.86,1318
371808536,32.47,1344,2.83,1318
372112744,32.43,1344,2.83,1319
372645176,32.39,1345,2.83,1319
373178504,32.33,1346,2.83,1319
373712744,32.28,1347,2.83,1319
374247640,32.24,1348,2.83,1319
374311032,32.24,1349,2.8,1319
374783208,32.2,1349,2.8,1320
375319672,32.14,1350,2.8,1320
375856824,32.1,1351,2.8,1320
376394888,32.05,1352,2.8,1320
376847352,32.05,1353,2.76,1320
376933800,32,1353,2.76,1321
377473400,31.96,1354,2.76,1321
378013896,31.9,1355,2.76,1321
378555064,31.86,1356,2.76,1321
379097128,31.81,1357,2.76,1321
379417880,31.81,1358,2.72,1321
379639880,31.77,1358,2.72,1322
380183528,31.72,1359,2.72,1322
380728088,31.67,1360,2.72,1322
381273288,31.63,1361,2.72,1322
381819400,31.58,1362,2.72,1322
382022568,31.58,1363,2.69,1322
382366424,31.52,1363,2.69,1323
382914088,31.49,1364,2.69,1323
383462664,31.43,1365,2.69,1323
384011896,31.4,1366,2.69,1323
384562056,31.34,1367,2.69,1323
384658840,31.34,1368,2.65,1323
385113096,31.29,1368,2.65,1324
385665016,31.24,1369,2.65,1324
386217640,31.2,1370,2.65,1324
386771128,31.16,1371,2.65,1324
387325528,31.1,1372,2.65,1324
387327760,31.1,1373,2.62,1324
387880632,31.06,1373,2.62,1325
388436584,31.02,1374,2.62,1325
388993464,30.97,1375,2.62,1325
389551208,30.92,1376,2.62,1325
390029880,30.92,1377,2.59,1325
390109624,30.88,1377,2.59,1326
390669160,30.82,1378,2.59,1326
391229368,30.78,1379,2.59,1326
391790472,30.73,1380,2.59,1326
392352248,30.7,1381,2.59,1326
392767320,30.7,1382,2.56,1326
392915144,30.63,1382,2.56,1327
393478728,30.6,1383,2.56,1327
394043432,30.54,1384,2.56,1327
394608792,30.5,1385,2.56,1327
395175048,30.45,1386,2.56,1327
395537016,30.45,1387,2.53,1327
395742184,30.41,1387,2.53,1328
396310264,30.35,1388,2.53,1328
396878984,30.32,1389,2.53,1328
397448840,30.26,1390,2.53,1328
398019576,30.21,1391,2.53,1328
398340136,30.21,1392,2.5,1328
398591016,30.18,1392,2.5,1329
399163336,30.13,1393,2.5,1329
399736792,30.07,1394,2.5,1329
400310888,30.04,1395,2.5,1329
400886104,29.98,1396,2.5,1329
401179752,29.98,1397,2.46,1329
401461976,29.94,1397,2.46,1330
402039016,29.88,1398,2.46,1330
402616696,29.85,1399,2.46,1330
403195496,29.79,1400,2.46,1330
403775192,29.75,1401,2.46,1330
404057640,29.75,1402,2.43,1330
404355560,29.71,1402,2.43,1331
404937064,29.65,1403,2.43,1331
405519448,29.61,1404,2.43,1331
406102744,29.56,1405,2.43,1331
406686920,29.52,1406,2.43,1331
406975192,29.52,1407,2.4,1331
407271976,29.47,1407,2.4,1332
407858184,29.42,1408,2.4,1332
408445064,29.38,1409,2.4,1332
409033048,29.33,1410,2.4,1332
409621720,29.29,1411,2.4,1332
409931064,29.29,1412,2.37,1332
410211512,29.24,1412,2.37,1333
410802184,29.19,1413,2.37,1333
411393976,29.14,1414,2.37,1333
411986472,29.1,1415,2.37,1333
412580072,29.05,1416,2.37,1333
412929272,29.05,1417,2.33,1333
413174536,29.01,1417,2.33,1334
413769912,28.96,1418,2.33,1334
414366408,28.91,1419,2.33,1334
414963608,28.87,1420,2.33,1334
415561928,28.82,1421,2.33,1334
415970728,28.82,1422,2.3,1334
416161336,28.77,1422,2.3,1335
416761656,28.72,1423,2.3,1335
417362856,28.68,1424,2.3,1335
417964984,28.64,1425,2.3,1335
418568200,28.59,1426,2.3,1335
419055160,28.59,1427,2.27,1335
419172312,28.54,1427,2.27,1336
419777544,28.49,1428,2.27,1336
420383672,28.45,1429,2.27,1336
420990728,28.41,1430,2.27,1336
421598904,28.35,1431,2.27,1336
422178600,28.35,1432,2.24,1336
422207960,28.31,1432,2.24,1337
422818136,28.26,1433,2.24,1337
423429192,28.22,1434,2.24,1337
424041384,28.17,1435,2.24,1337
424654488,28.13,1436,2.24,1337
425268712,28.07,1437,2.24,1337
425342168,28.07,1438,2.21,1337
425884008,28.03,1438,2.21,1338
426500216,27.98,1439,2.21,1338
427117544,27.93,1440,2.21,1338
427735768,27.89,1441,2.21,1338
428355144,27.84,1442,2.21,1338
428540392,27.84,1443,2.19,1338
428975384,27.8,1443,2.19,1339
429596776,27.75,1444,2.19,1339
430219256,27.7,1445,2.19,1339
430842664,27.66,1446,2.19,1339
431467192,27.61,1447,2.19,1339
431784360,27.61,1448,2.16,1339
432092792,27.56,1448,2.16,1340
432719304,27.52,1449,2.16,1340
433346936,27.47,1450,2.16,1340
433975688,27.43,1451,2.16,1340
434605352,27.39,1452,2.16,1340
435080664,27.39,1453,2.12,1340
435236328,27.33,1453,2.12,1341
435868232,27.29,1454,2.12,1341
436501032,27.25,1455,2.12,1341
437135176,27.19,1456,2.12,1341
437770232,27.15,1457,2.12,1341
438406408,27.11,1458,2.12,1341
438425672,27.11,1459,2.09,1341
439043672,27.06,1459,2.09,1342
439682056,27.01,1460,2.09,1342
440321336,26.97,1461,2.09,1342
440961960,26.92,1462,2.09,1342
441603480,26.88,1463,2.09,1342
441818728,26.88,1464,2.06,1342
442246328,26.82,1464,2.06,1343
442890088,26.79,1465,2.06,1343
443534968,26.74,1466,2.06,1343
444180968,26.69,1467,2.06,1343
444828088,26.65,1468,2.06,1343
445262856,26.65,1469,2.03,1343
445476312,26.6,1469,2.03,1344
446125672,26.56,1470,2.03,1344
446776152,26.51,1471,2.03,1344
447427976,26.45,1472,2.03,1344
448080712,26.42,1473,2.03,1344
448734584,26.37,1474,2.03,1344
448758088,26.37,1475,2,1344
449389528,26.33,1475,2,1345
450045640,26.28,1476,2,1345
450703064,26.23,1477,2,1345
451361384,26.19,1478,2,1345
452021048,26.14,1479,2,1345
452307976,26.14,1480,1.97,1345
452681816,26.1,1480,1.97,1346
453343720,26.05,1481,1.97,1346
454006968,26,1482,1.97,1346
454671112,25.96,1483,1.97,1346
455336632,25.91,1484,1.97,1346
455912520,25.91,1485,1.94,1346
456003224,25.87,1485,1.94,1347
456670984,25.82,1486,1.94,1347
457340088,25.77,1487,1.94,1347
458010280,25.73,1488,1.94,1347
458681624,25.69,1489,1.94,1347
459354312,25.63,1490,1.94,1347
459572696,25.63,1491,1.91,1347
460028072,25.59,1491,1.91,1348
460702968,25.55,1492,1.91,1348
461379208,25.5,1493,1.91,1348
462056600,25.46,1494,1.91,1348
462735304,25.41,1495,1.91,1348
463290840,25.41,1496,1.88,1348
463415144,25.36,1496,1.88,1349
464096120,25.32,1497,1.88,1349
464778664,25.26,1498,1.88,1349
465462072,25.23,1499,1.88,1349
466146856,25.18,1500,1.88,1349
466832968,25.13,1501,1.88,1349
467066824,25.13,1502,1.85,1349
467520440,25.08,1502,1.85,1350
468209000,25.04,1503,1.85,1350
468898904,24.99,1504,1.85,1350
469589928,24.95,1505,1.85,1350
470282296,24.91,1506,1.85,1350
470905688,24.91,1507,1.82,1350
470976008,24.86,1507,1.82,1351
471671080,24.81,1508,1.82,1351
472367272,24.77,1509,1.82,1351
473064792,24.72,1510,1.82,1351
473763448,24.68,1511,1.82,1351
474463688,24.63,1512,1.82,1351
474809304,24.63,1513,1.79,1351
475165000,24.59,1513,1.79,1352
475867896,24.53,1514,1.79,1352
476571944,24.49,1515,1.79,1352
477277304,24.45,1516,1.79,1352
477983784,24.41,1517,1.79,1352
478691832,24.35,1518,1.79,1352
478778088,24.35,1519,1.76,1352
479401240,24.31,1519,1.76,1353
480112008,24.26,1520,1.76,1353
480823880,24.22,1521,1.76,1353
481537320,24.17,1522,1.76,1353
482252104,24.12,1523,1.76,1353
482816584,24.12,1524,1.73,1353
482968232,24.08,1524,1.73,1354
483685688,24.03,1525,1.73,1354
484404488,23.99,1526,1.73,1354
485124648,23.94,1527,1.73,1354
485846152,23.9,1528,1.73,1354
486569208,23.85,1529,1.73,1354
486931176,23.85,1530,1.7,1354
487293592,23.81,1530,1.7,1355
488019336,23.76,1531,1.7,1355
488746440,23.72,1532,1.7,1355
489474872,23.67,1533,1.7,1355
490204904,23.62,1534,1.7,1355
490936248,23.58,1535,1.7,1355
491124168,23.58,1536,1.67,1355
491668920,23.54,1536,1.67,1356
492403176,23.48,1537,1.67,1356
493138776,23.44,1538,1.67,1356
493875976,23.39,1539,1.67,1356
494614520,23.35,1540,1.67,1356
495354408,23.31,1541,1.67,1356
495396072,23.31,1542,1.64,1356
496095832,23.26,1542,1.64,1357
496838616,23.22,1543,1.64,1357
497582984,23.17,1544,1.64,1357
498328888,23.12,1545,1.64,1357
499076152,23.08,1546,1.64,1357
499747688,23.08,1547,1.61,1357
499824952,23.03,1547,1.61,1358
500575112,22.99,1548,1.61,1358
501326840,22.94,1549,1.61,1358
502080136,22.89,1550,1.61,1358
502834808,22.85,1551,1.61,1358
503591240,22.8,1552,1.61,1358
504187528,22.8,1553,1.58,1358
504349048,22.76,1553,1.58,1359
505108392,22.71,1554,1.58,1359
505869080,22.67,1555,1.58,1359
506631592,22.61,1556,1.58,1359
507395416,22.58,1557,1.58,1359
508160808,22.53,1558,1.58,1359
508720152,22.53,1559,1.54,1359
508928008,22.48,1559,1.54,1360
509696552,22.44,1560,1.54,1360
510466664,22.39,1561,1.54,1360
511238360,22.35,1562,1.54,1360
512011592,22.3,1563,1.54,1360
512786632,22.25,1564,1.54,1360
513350648,22.25,1565,1.51,1360
513563016,22.21,1565,1.51,1361
514341192,22.16,1566,1.51,1361
515120936,22.11,1567,1.51,1361
515902264,22.07,1568,1.51,1361
516685384,22.02,1569,1.51,1361
517470056,21.98,1570,1.51,1361
518064760,21.98,1571,1.48,1361
518256264,21.93,1571,1.48,1362
519044280,21.88,1572,1.48,1362
519834088,21.83,1573,1.48,1362
520625464,21.79,1574,1.48,1362
521418632,21.74,1575,1.48,1362
522213368,21.7,1576,1.48,1362
522838984,21.7,1577,1.47,1362
523009880,21.65,1577,1.47,1363
523808232,21.6,1578,1.47,1363
524608120,21.56,1579,1.47,1363
525409832,21.51,1580,1.47,1363
526213096,21.47,1581,1.47,1363
527018360,21.41,1582,1.47,1363
527679368,21.41,1583,1.45,1363
527825176,21.37,1583,1.45,1364
528633832,21.32,1584,1.45,1364
529444280,21.28,1585,1.45,1364
530256264,21.24,1586,1.45,1364
531070280,21.18,1587,1.45,1364
531885848,21.14,1588,1.45,1364
532603112,21.14,1589,1.42,1364
532703224,21.1,1589,1.42,1365
533522408,21.05,1590,1.42,1365
534343352,21.01,1591,1.42,1365
535166120,20.96,1592,1.42,1365
535990648,20.91,1593,1.42,1365
536816984,20.87,1594,1.42,1365
537608824,20.87,1595,1.4,1365
537645096,20.82,1595,1.4,1366
538475016,20.78,1596,1.4,1366
539306728,20.73,1597,1.4,1366
540140248,20.69,1598,1.4,1366
540975560,20.64,1599,1.4,1366
541812872,20.59,1600,1.4,1366
542651960,20.55,1601,1.4,1366
542695864,20.55,1602,1.38,1366
543493064,20.5,1602,1.38,1367
544335736,20.46,1603,1.38,1367
545180456,20.41,1604,1.38,1367
546027192,20.37,1605,1.38,1367
546875688,20.32,1606,1.38,1367
547726200,20.27,1607,1.38,1367
547885480,20.27,1608,1.35,1367
548578520,20.23,1608,1.35,1368
549432840,20.18,1609,1.35,1368
550289192,20.14,1610,1.35,1368
551147320,20.09,1611,1.35,1368
552007464,20.05,1612,1.35,1368
552869624,20,1613,1.35,1368
553188808,20,1614,1.32,1368
553733784,19.95,1614,1.32,1369
554599752,19.91,1615,1.32,1369
555467960,19.86,1616,1.32,1369
556338184,19.82,1617,1.32,1369
557210200,19.77,1618,1.32,1369
558084472,19.72,1619,1.32,1369
558619816,19.72,1620,1.29,1369
558960728,19.68,1620,1.29,1370
559838792,19.64,1621,1.29,1370
560719112,19.59,1622,1.29,1370
561601656,19.54,1623,1.29,1370
562485992,19.5,1624,1.29,1370
563372568,19.45,1625,1.29,1370
564205624,19.45,1626,1.25,1370
564261384,19.4,1626,1.25,1371
565152008,19.36,1627,1.25,1371
566045080,19.31,1628,1.25,1371
566939960,19.27,1629,1.25,1371
567837064,19.22,1630,1.25,1371
568736424,19.17,1631,1.25,1371
569637816,19.13,1632,1.25,1371
569946952,19.13,1633,1.22,1371
570541656,19.08,1633,1.22,1372
571447272,19.04,1634,1.22,1372
572355352,18.99,1635,1.22,1372
573265672,18.94,1636,1.22,1372
574178232,18.9,1637,1.22,1372
575092840,18.85,1638,1.22,1372
575858680,18.85,1639,1.18,1372
576009864,18.8,1639,1.18,1373
576928952,18.76,1640,1.18,1373
577850488,18.71,1641,1.18,1373
578774248,18.67,1642,1.18,1373
579700248,18.62,1643,1.18,1373
580628728,18.57,1644,1.18,1373
581559208,18.53,1645,1.18,1373
581946264,18.53,1646,1.15,1373
582492360,18.48,1646,1.15,1374
583427768,18.43,1647,1.15,1374
584365416,18.39,1648,1.15,1374
585305528,18.34,1649,1.15,1374
586247896,18.3,1650,1.15,1374
587192744,18.25,1651,1.15,1374
588140040,18.2,1652,1.15,1374
588241736,18.2,1653,1.11,1374
589089784,18.16,1653,1.11,1375
590041800,18.11,1654,1.11,1375
590996504,18.06,1655,1.11,1375
591953416,18.02,1656,1.11,1375
592913032,17.97,1657,1.11,1375
593874904,17.93,1658,1.11,1375
594766856,17.93,1659,1.07,1375
594839416,17.88,1659,1.07,1376
595806408,17.83,1660,1.07,1376
596776088,17.78,1661,1.07,1376
597748008,17.74,1662,1.07,1376
598722616,17.69,1663,1.07,1376
599699912,17.64,1664,1.07,1376
600679672,17.6,1665,1.07,1376
601568936,17.6,1666,1.03,1376
601661880,17.56,1666,1.03,1377
602647016,17.5,1667,1.03,1377
603634616,17.46,1668,1.03,1377
604624904,17.41,1669,1.03,1377
605617896,17.37,1670,1.03,1377
606613560,17.32,1671,1.03,1377
607611912,17.27,1672,1.03,1377
608612952,17.23,1673,1.03,1377
608692472,17.23,1674,0.98,1377
609616680,17.18,1674,0.98,1378
610623096,17.13,1675,0.98,1378
611632424,17.08,1676,0.98,1378
612644440,17.04,1677,0.98,1378
613659368,16.99,1678,0.98,1378
614676984,16.95,1679,0.98,1378
615697512,16.9,1680,0.98,1378
616169016,16.9,1681,0.94,1378
616720712,16.85,1681,0.94,1379
617746840,16.8,1682,0.94,1379
618775880,16.76,1683,0.94,1379
619807832,16.71,1684,0.94,1379
620842696,16.66,1685,0.94,1379
621880472,16.62,1686,0.94,1379
622921160,16.57,1687,0.94,1379
623964984,16.52,1688,0.94,1379
624122216,16.52,1689,0.88,1379
625011704,16.47,1689,0.88,1380
626061576,16.42,1690,0.88,1380
627114360,16.38,1691,0.88,1380
628170056,16.33,1692,0.88,1380
629229112,16.28,1693,0.88,1380
630291080,16.24,1694,0.88,1380
631356184,16.19,1695,0.88,1380
632424648,16.14,1696,0.88,1380
632681560,16.14,1697,0.82,1380
633496008,16.1,1697,0.82,1381
634570744,16.04,1698,0.82,1381
635648616,16,1699,0.82,1381
636729624,15.95,1700,0.82,1381
637813800,15.91,1701,0.82,1381
638901528,15.85,1702,0.82,1381
639992200,15.81,1703,0.82,1381
641086456,15.76,1704,0.82,1381
642172840,15.76,1705,0.74,1381
642183800,15.71,1705,0.74,1382
643284520,15.67,1706,0.74,1382
644388824,15.62,1707,0.74,1382
645496296,15.57,1708,0.74,1382
646607320,15.52,1709,0.74,1382
647721480,15.48,1710,0.74,1382
648839448,15.42,1711,0.74,1382
649960808,15.38,1712,0.74,1382
651085496,15.33,1713,0.74,1382
652213992,15.28,1714,0.74,1382
653290296,15.28,1715,0.63,1382
653345832,15.24,1715,0.63,1383
654481496,15.18,1716,0.63,1383
655620744,15.14,1717,0.63,1383
656763608,15.09,1718,0.63,1383
657910248,15.04,1719,0.63,1383
659060696,14.99,1720,0.63,1383
660214728,14.94,1721,0.63,1383
661372568,14.89,1722,0.63,1383
662533992,14.85,1723,0.63,1383
663699448,14.8,1724,0.63,1383
664868936,14.74,1725,0.63,1383
666042232,14.7,1726,0.63,1383
667219336,14.65,1727,0.63,1383
668400488,14.6,1728,0.63,1383
668432056,14.6,1729,0.46,1383
669585640,14.55,1729,0.46,1384
670774840,14.5,1730,0.46,1384
671968072,14.45,1731,0.46,1384
673165336,14.4,1732,0.46,1384
674366856,14.35,1733,0.46,1384
675301160,14.35,1734,1.02,1384
675572408,14.3,1734,1.02,1385
676782440,14.25,1735,1.02,1385
677996504,14.2,1736,1.02,1385
679214824,14.15,1737,1.02,1385
680437656,14.1,1738,1.02,1385
681664712,14.05,1739,1.02,1385
682896248,14,1740,1.02,1385
684132040,13.95,1741,1.02,1385
685372536,13.9,1742,1.02,1385
686312424,13.9,1743,0.64,1385
686617272,13.85,1743,0.64,1386
687866728,13.8,1744,0.64,1386
689120664,13.75,1745,0.64,1386
690379304,13.7,1746,0.64,1386
691642648,13.65,1747,0.64,1386
691724424,13.65,1748,1.29,1386
692910712,13.6,1748,1.29,1387
694183464,13.55,1749,1.29,1387
695461160,13.5,1750,1.29,1387
696743544,13.45,1751,1.29,1387
698030888,13.4,1752,1.29,1387
699322936,13.35,1753,1.29,1387
700620120,13.29,1754,1.29,1387
701922440,13.24,1755,1.29,1387
701986712,13.24,1756,0.68,1387
703229672,13.19,1756,0.68,1388
704542072,13.14,1757,0.68,1388
705859624,13.09,1758,0.68,1388
706619864,13.09,1759,1.51,1388
707182536,13.03,1759,1.51,1389
708510616,12.98,1760,1.51,1389
709843880,12.93,1761,1.51,1389
711182744,12.88,1762,1.51,1389
712526952,12.83,1763,1.51,1389
713876552,12.78,1764,1.51,1389
715231736,12.72,1765,1.51,1389
716550872,12.72,1766,0.7,1389
716592520,12.67,1766,0.7,1390
717959144,12.62,1767,0.7,1390
719331352,12.57,1768,0.7,1390
720617320,12.57,1769,1.72,1390
720709144,12.52,1769,1.72,1391
722093016,12.46,1770,1.72,1391
723482728,12.41,1771,1.72,1391
724878472,12.35,1772,1.72,1391
726280248,12.3,1773,1.72,1391
727688088,12.25,1774,1.72,1391
729102216,12.19,1775,1.72,1391
730425624,12.19,1776,0.71,1391
730522408,12.14,1776,0.71,1392
731949048,12.09,1777,0.71,1392
733381960,12.03,1778,0.71,1392
734008920,12.03,1779,1.95,1392
734821352,11.98,1779,1.95,1393
736267480,11.92,1780,1.95,1393
737719880,11.87,1781,1.95,1393
739179240,11.82,1782,1.95,1393
740645080,11.76,1783,1.95,1393
742117880,11.71,1784,1.95,1393
743597624,11.65,1785,1.95,1393
743788024,11.65,1786,0.72,1393
745084520,11.6,1786,0.72,1394
746578360,11.54,1787,0.72,1394
746904264,11.54,1788,2.25,1394
748079352,11.49,1788,2.25,1395
749587528,11.43,1789,2.25,1395
751103320,11.38,1790,2.25,1395
752626312,11.32,1791,2.25,1395
754157144,11.26,1792,2.25,1395
755695352,11.21,1793,2.25,1395
756766312,11.21,1794,0.71,1395
757241400,11.15,1794,0.71,1396
758795288,11.1,1795,0.71,1396
759405224,11.1,1796,2.65,1396
760356984,11.04,1796,2.65,1397
761926760,10.99,1797,2.65,1397
763504600,10.93,1798,2.65,1397
765090760,10.87,1799,2.65,1397
766685176,10.82,1800,2.65,1397
768288104,10.76,1801,2.65,1397
769437224,10.76,1802,0.7,1397
769899544,10.7,1802,0.7,1398
771519720,10.64,1803,0.7,1398
771599448,10.64,1804,3.24,1398
773148840,10.58,1804,3.24,1399
774786712,10.53,1805,3.24,1399
776433800,10.47,1806,3.24,1399
778090040,10.41,1807,3.24,1399
779755704,10.35,1808,3.24,1399
781430760,10.29,1809,3.24,1399
781899128,10.29,1810,0.68,1399
783115656,10.23,1810,0.68,1400
783446504,10.23,1811,4.52,1400
784810216,10.18,1811,4.52,1401
786514632,10.12,1812,4.52,1401
788229144,10.06,1813,4.52,1401
789953928,10,1814,4.52,1401
791689032,9.94,1815,4.52,1401
793434840,9.88,1816,4.52,1401
794214984,9.88,1817,0.65,1401
795191352,9.82,1817,0.65,1402
796958856,9.76,1818,0.65,1402
798737560,9.69,1819,0.65,1402
800527464,9.63,1820,0.65,1402
802328792,9.57,1821,0.65,1402
804141992,9.51,1822,0.65,1402
805967080,9.45,1823,0.65,1402
806462712,9.45,1824,0.57,1402
807804168,9.39,1824,0.57,1403
809653656,9.32,1825,0.57,1403
811515912,9.26,1826,0.57,1403
813390744,9.2,1827,0.57,1403
815278552,9.13,1828,0.57,1403
817179784,9.07,1829,0.57,1403
819094456,9.01,1830,0.57,1403
821023032,8.94,1831,0.57,1403
822965704,8.88,1832,0.57,1403
824922712,8.81,1833,0.57,1403
826894536,8.75,1834,0.57,1403
828881112,8.68,1835,0.57,1403
830883144,8.61,1836,0.57,1403
832900856,8.55,1837,0.57,1403
834934504,8.48,1838,0.57,1403
836984280,8.41,1839,0.57,1403
839051048,8.34,1840,0.57,1403
841134872,8.28,1841,0.57,1403
843235944,8.21,1842,0.57,1403
845355160,8.14,1843,0.57,1403
847492712,8.07,1844,0.57,1403
849649080,8,1845,0.57,1403
851824712,7.93,1846,0.57,1403
854020280,7.85,1847,0.57,1403
856236232,7.78,1848,0.57,1403
858472792,7.71,1849,0.57,1403
860731080,7.64,1850,0.57,1403
863011336,7.56,1851,0.57,1403
865314424,7.49,1852,0.57,1403
867640840,7.41,1853,0.57,1403
869991416,7.34,1854,0.57,1403
872366872,7.26,1855,0.57,1403
874767864,7.18,1856,0.57,1403
877194600,7.11,1857,0.57,1403
879648024,7.03,1858,0.57,1403
882128520,6.95,1859,0.57,1403
884637480,6.87,1860,0.57,1403
887175336,6.79,1861,0.57,1403
889742968,6.72,1862,0.57,1403
892341752,6.64,1863,0.57,1403
894972552,6.55,1864,0.57,1403
897636296,6.47,1865,0.57,1403
900334312,6.39,1866,0.57,1403
903067944,6.31,1867,0.57,1403
905838296,6.22,1868,0.57,1403
908646744,6.14,1869,0.57,1403
911495048,6.05,1870,0.57,1403
914384568,5.97,1871,0.57,1403
917317112,5.88,1872,0.57,1403
920294440,5.79,1873,0.57,1403
923318808,5.7,1874,0.57,1403
926391784,5.61,1875,0.57,1403
929516056,5.52,1876,0.57,1403
932694088,5.43,1877,0.57,1403
935928568,5.33,1878,0.57,1403
939221976,5.24,1879,0.57,1403
942577880,5.14,1880,0.57,1403
945999624,5.04,1881,0.57,1403
949491256,4.94,1882,0.57,1403
953056616,4.84,1883,0.57,1403
956700584,4.73,1884,0.57,1403
960428328,4.63,1885,0.57,1403
964245208,4.52,1886,0.57,1403
968157976,4.41,1887,0.57,1403
972173560,4.29,1888,0.57,1403
976300232,4.18,1889,0.57,1403
980546968,4.06,1890,0.57,1403
984925192,3.94,1891,0.57,1403
989447448,3.81,1892,0.57,1403
994128296,3.68,1893,0.57,1403
998983640,3.55,1894,0.57,1403
1004033432,3.41,1895,0.57,1403
1009303032,3.27,1896,0.57,1403
1014821480,3.12,1897,0.57,1403
1020626664,2.97,1898,0.57,1403
1026766728,2.81,1899,0.57,1403
1033305960,2.64,1900,0.57,1403
