50328,0,0,102.61,1
83376,206.82,1,102.61,1
107488,206.82,1,90.35,2
164596,206.82,1,90.43,3
221776,206.82,1,90.31,4
274348,90.3,2,90.31,4
278964,90.3,2,90.3,5
336092,90.3,2,90.4,6
393232,90.3,2,90.38,7
450424,90.3,2,90.3,8
465304,90.3,3,90.3,8
507572,90.3,3,90.37,9
564696,90.3,3,90.4,10
621904,90.3,3,90.27,11
656172,90.35,4,90.27,11
679064,90.35,4,90.35,12
736192,90.35,4,90.4,13
793348,90.35,4,90.35,14
847144,90.3,5,90.35,14
850540,90.3,5,90.3,15
907668,90.3,5,90.4,16
964808,90.3,5,90.38,17
1022016,90.3,5,90.27,18
1038100,90.3,6,90.27,18
1079176,90.3,6,90.35,19
1136296,90.3,6,90.41,20
1193464,90.3,6,90.33,21
1228952,90.35,7,90.33,21
1250636,90.35,7,90.33,22
1307780,90.35,7,90.37,23
1364920,90.35,7,90.38,24
1419960,90.28,8,90.38,24
1422128,90.28,8,90.27,25
1479240,90.28,8,90.42,26
1536400,90.28,8,90.35,27
1593588,90.28,8,90.3,28
1610892,90.31,9,90.3,28
1650732,90.31,9,90.37,29
1707876,90.31,9,90.37,30
1765068,90.31,9,90.3,31
1801760,90.35,10,90.3,31
1822212,90.35,10,90.37,32
1879324,90.35,10,90.42,33
1936512,90.35,10,90.3,34
1992764,90.28,11,90.3,34
1993704,90.28,11,90.3,35
2050752,90.28,11,90.52,36
2107976,90.28,11,90.25,37
2165168,90.28,11,90.3,38
2183660,90.33,12,90.3,38
2222328,90.33,12,90.35,39
2279424,90.33,12,90.45,40
2336608,90.33,12,90.31,41
2374544,90.34,13,90.31,41
2393816,90.34,13,90.27,42
2450924,90.34,13,90.43,43
2508088,90.34,13,90.34,44
2565300,90.34,13,90.26,45
2565528,90.29,14,90.26,45
2622412,90.29,14,90.42,46
2679556,90.29,14,90.37,47
2736752,90.29,14,90.29,48
2756464,90.31,15,90.29,48
2793916,90.31,15,90.34,49
2851028,90.31,15,90.42,50
2908220,90.31,15,90.3,51
2947364,90.33,16,90.3,51
2965384,90.33,16,90.34,52
3022516,90.33,16,90.39,53
3079664,90.33,16,90.37,54
3136876,90.33,16,90.26,55
3138344,90.29,17,90.26,55
3194000,90.29,17,90.4,56
3251144,90.29,17,90.37,57
3308348,90.29,17,90.28,58
3329244,90.33,18,90.28,58
3365488,90.33,18,90.38,59
3422624,90.33,18,90.38,60
3479800,90.33,18,90.32,61
3520160,90.32,19,90.32,61
3536984,90.32,19,90.31,62
3594096,90.32,19,90.42,63
3651260,90.32,19,90.34,64
3708456,90.32,19,90.29,65
3711128,90.3,20,90.29,65
3765584,90.3,20,90.4,66
3822728,90.3,20,90.37,67
3879940,90.3,20,90.26,68
3902028,90.33,21,90.26,68
3937068,90.33,21,90.4,69
3994216,90.33,21,90.37,70
4051392,90.33,21,90.32,71
4092964,90.31,22,90.32,71
4108584,90.31,22,90.3,72
4165684,90.31,22,90.44,73
4222848,90.31,22,90.34,74
4280056,90.31,22,90.27,75
4283932,90.3,23,90.27,75
4337168,90.3,23,90.42,76
4394332,90.3,23,90.34,77
4451524,90.3,23,90.3,78
4474816,90.34,24,90.3,78
4508668,90.34,24,90.37,79
4565796,90.34,24,90.4,80
4622976,90.34,24,90.31,81
4665752,90.31,25,90.31,81
4680168,90.31,25,90.3,82
4737276,90.31,25,90.43,83
4794436,90.31,25,90.35,84
4851636,90.31,25,90.28,85
4856736,90.29,26,90.28,85
4908764,90.29,26,90.4,86
4965908,90.29,26,90.37,87
5023100,90.29,26,90.3,88
5047620,90.34,27,90.3,88
5080260,90.34,27,90.35,89
5137376,90.34,27,90.42,90
5194564,90.34,27,90.3,91
5238572,90.31,28,90.3,91
5251736,90.31,28,90.33,92
5308876,90.31,28,90.38,93
5366004,90.31,28,90.4,94
5423216,90.31,28,90.26,95
5429544,90.3,29,90.26,95
5480344,90.3,29,90.4,96
5537440,90.3,29,90.45,97
5594676,90.3,29,90.23,98
5620428,90.34,30,90.23,98
5651868,90.34,30,90.3,99
5708964,90.34,30,90.45,100
5766124,90.34,30,90.35,101
5811364,90.31,31,90.35,101
5823332,90.31,31,90.27,102
5880360,90.31,31,90.56,103
5937584,90.31,31,90.25,104
5994808,90.31,31,90.25,105
6002336,90.3,32,90.25,105
6051936,90.3,32,90.4,106
6109060,90.3,32,90.4,107
6166272,90.3,32,90.26,108
6193220,90.34,33,90.26,108
6223432,90.34,33,90.35,109
6280524,90.34,33,90.45,110
6337720,90.34,33,90.29,111
6384156,90.31,34,90.29,111
6394912,90.31,34,90.3,112
6452008,90.31,34,90.45,113
6509184,90.31,34,90.32,114
6566376,90.31,34,90.3,115
6575128,90.3,35,90.3,115
6623508,90.3,35,90.39,116
6680648,90.3,35,90.38,117
6737844,90.3,35,90.29,118
6765996,90.35,36,90.29,118
6794996,90.35,36,90.36,119
6852124,90.35,36,90.4,120
6909284,90.35,36,90.35,121
6956936,90.31,37,90.35,121
6966492,90.31,37,90.27,122
7023616,90.31,37,90.4,123
7080740,90.31,37,90.4,124
7137968,90.31,37,90.24,125
7147908,90.3,38,90.24,125
7195096,90.3,38,90.4,126
7252224,90.3,38,90.4,127
7309412,90.3,38,90.3,128
7338788,90.34,39,90.3,128
7366584,90.34,39,90.33,129
7423636,90.34,39,90.52,130
7480860,90.34,39,90.25,131
7529744,90.3,40,90.25,131
7538072,90.3,40,90.26,132
7595188,90.3,40,90.42,133
7652336,90.3,40,90.37,134
7709544,90.3,40,90.27,135
7720696,90.31,41,90.27,135
7766676,90.31,41,90.39,136
7823792,90.31,41,90.42,137
7881004,90.31,41,90.26,138
7911560,90.35,42,90.26,138
7938168,90.35,42,90.34,139
7995276,90.35,42,90.43,140
8052448,90.35,42,90.33,141
8102524,90.3,43,90.33,141
8109612,90.3,43,90.34,142
8166760,90.3,43,90.37,143
8223908,90.3,43,90.37,144
8281116,90.3,43,90.27,145
8293480,90.3,44,90.27,145
8338276,90.3,44,90.35,146
8395372,90.3,44,90.45,147
8452596,90.3,44,90.25,148
8484348,90.35,45,90.25,148
8509736,90.35,45,90.38,149
8566852,90.35,45,90.42,150
8624044,90.35,45,90.3,151
8675336,90.29,46,90.3,151
8681224,90.29,46,90.31,152
8738352,90.29,46,90.4,153
8795496,90.29,46,90.37,154
8852708,90.29,46,90.26,155
8866252,90.32,47,90.26,155
8909856,90.32,47,90.37,156
8966968,90.32,47,90.42,157
9024148,90.32,47,90.31,158
9057136,90.34,48,90.31,158
9081328,90.34,48,90.31,159
9138456,90.34,48,90.4,160
9195620,90.34,48,90.34,161
9248124,90.29,49,90.34,161
9252764,90.29,49,90.37,162
9309940,90.29,49,90.32,163
9367088,90.29,49,90.37,164
9424292,90.29,49,90.28,165
9439068,90.31,50,90.28,165
9481448,90.31,50,90.35,166
9538564,90.31,50,90.42,167
9595756,90.31,50,90.3,168
9629944,90.34,51,90.3,168
9652920,90.34,51,90.34,169
9710036,90.34,51,90.42,170
9767212,90.34,51,90.32,171
9820920,90.29,52,90.32,171
9824408,90.29,52,90.29,172
9881524,90.29,52,90.42,173
9938680,90.29,52,90.35,174
9995884,90.29,52,90.28,175
10011848,90.32,53,90.28,175
10053032,90.32,53,90.37,176
10110148,90.32,53,90.42,177
10167324,90.32,53,90.32,178
10202740,90.33,54,90.32,178
10224504,90.33,54,90.31,179
10281640,90.33,54,90.38,180
10338804,90.33,54,90.34,181
10393736,90.28,55,90.34,181
10395988,90.28,55,90.31,182
10453132,90.28,55,90.37,183
10510276,90.28,55,90.37,184
10567456,90.28,55,90.31,185
10584660,90.32,56,90.31,185
10624600,90.32,56,90.37,186
10681744,90.32,56,90.37,187
10738940,90.32,56,90.29,188
10775552,90.33,57,90.29,188
10796100,90.33,57,90.35,189
10853208,90.33,57,90.43,190
10910396,90.33,57,90.3,191
10966516,90.3,58,90.3,191
10967584,90.3,58,90.3,192
11024708,90.3,58,90.4,193
11081848,90.3,58,90.38,194
11139068,90.3,58,90.25,195
11157460,90.31,59,90.25,195
11196220,90.31,59,90.36,196
11253316,90.31,59,90.45,197
11310524,90.31,59,90.27,198
11348352,90.33,60,90.27,198
11367700,90.33,60,90.32,199
11424832,90.33,60,90.39,200
11481996,90.33,60,90.34,201
11539124,90.33,60,90.4,202
11539328,90.29,61,90.4,202
11596316,90.29,61,90.3,203
11653448,90.29,61,90.39,204
11710656,90.29,61,90.27,205
11730260,90.31,62,90.27,205
11767804,90.31,62,90.37,206
11824936,90.31,62,90.39,207
11882132,90.31,62,90.29,208
11921172,90.32,63,90.29,208
11939288,90.32,63,90.35,209
11996416,90.32,63,90.4,210
12053580,90.32,63,90.34,211
12110776,90.32,63,90.29,212
12112156,90.29,64,90.29,212
12167904,90.29,64,90.4,213
12225036,90.29,64,90.39,214
12282244,90.29,64,90.27,215
12303052,90.33,65,90.27,215
12339408,90.33,65,90.34,216
12396524,90.33,65,90.42,217
12453704,90.33,65,90.31,218
12493984,90.31,66,90.31,218
12510884,90.31,66,90.31,219
12568016,90.31,66,90.39,220
12625176,90.31,66,90.35,221
12682388,90.31,66,90.26,222
12684952,90.3,67,90.26,222
12739516,90.3,67,90.4,223
12796644,90.3,67,90.4,224
12853852,90.3,67,90.27,225
12875868,90.32,68,90.27,225
12911012,90.32,68,90.35,226
12968128,90.32,68,90.42,227
13025320,90.32,68,90.3,228
13066796,90.32,69,90.3,228
13082496,90.32,69,90.32,229
13139640,90.32,69,90.37,230
13196780,90.32,69,90.38,231
13254008,90.32,69,90.24,232
13257784,90.29,70,90.24,232
13311136,90.29,70,90.4,233
13368268,90.29,70,90.39,234
13425464,90.29,70,90.29,235
13448676,90.33,71,90.29,235
13482624,90.33,71,90.35,236
13539684,90.33,71,90.5,237
13596932,90.33,71,90.21,238
13639640,90.3,72,90.21,238
13654140,90.3,72,90.27,239
13711252,90.3,72,90.42,240
13768416,90.3,72,90.34,241
13825608,90.3,72,90.3,242
13830620,90.29,73,90.3,242
13882740,90.29,73,90.39,243
13939868,90.29,73,90.4,244
13997112,90.29,73,90.21,245
14021516,90.33,74,90.21,245
14054256,90.33,74,90.37,246
14111352,90.33,74,90.45,247
14168540,90.33,74,90.3,248
14212468,90.31,75,90.3,248
14225748,90.31,75,90.27,249
14282852,90.31,75,90.43,250
14340032,90.31,75,90.31,251
14397220,90.31,75,90.3,252
14403448,90.29,76,90.3,252
14454364,90.29,76,90.37,253
14511496,90.29,76,90.39,254
14568720,90.29,76,90.25,255
14594344,90.33,77,90.25,255
14625864,90.33,77,90.37,256
14683008,90.33,77,90.37,257
14740168,90.33,77,90.35,258
14785292,90.31,78,90.35,258
14797364,90.31,78,90.29,259
14854476,90.31,78,90.42,260
14911636,90.31,78,90.35,261
14968844,90.31,78,90.27,262
14976260,90.3,79,90.27,262
15025972,90.3,79,90.4,263
15083128,90.3,79,90.35,264
15140304,90.3,79,90.32,265
15167176,90.32,80,90.32,265
15197484,90.32,80,90.31,266
15254616,90.32,80,90.39,267
15311780,90.32,80,90.34,268
15358124,90.31,81,90.34,268
15368976,90.31,81,90.29,269
15426108,90.31,81,90.39,270
15483236,90.31,81,90.4,271
15540448,90.31,81,90.26,272
15549104,90.29,82,90.26,272
15597600,90.29,82,90.36,273
15654744,90.29,82,90.37,274
15711928,90.29,82,90.31,275
15739984,90.34,83,90.31,275
15769108,90.34,83,90.31,276
15826236,90.34,83,90.4,277
15883384,90.34,83,90.37,278
15930948,90.3,84,90.37,278
15940596,90.3,84,90.26,279
15997712,90.3,84,90.42,280
16054876,90.3,84,90.34,281
16112080,90.3,84,90.28,282
16121900,90.31,85,90.28,282
16169220,90.31,85,90.38,283
16226312,90.31,85,90.45,284
16283552,90.31,85,90.22,285
16312816,90.32,86,90.22,285
16340716,90.32,86,90.34,286
16397828,90.32,86,90.42,287
16455008,90.32,86,90.31,288
16503800,90.29,87,90.31,288
16512216,90.29,87,90.27,289
16569340,90.29,87,90.4,290
16626500,90.29,87,90.35,291
16683688,90.29,87,90.3,292
16694752,90.31,88,90.3,292
16740844,90.31,88,90.35,293
16797964,90.31,88,90.41,294
16855168,90.31,88,90.28,295
16885652,90.33,89,90.28,295
16912344,90.33,89,90.32,296
16969468,90.33,89,90.4,297
17026628,90.33,89,90.35,298
17076620,90.3,90,90.35,298
17083824,90.3,90,90.29,299
17140952,90.3,90,90.4,300
17198112,90.3,90,90.35,301
17255324,90.3,90,90.26,302
17267588,90.3,91,90.26,302
17312468,90.3,91,90.37,303
17369592,90.3,91,90.4,304
17426804,90.3,91,90.26,305
17458468,90.34,92,90.26,305
17483960,90.34,92,90.35,306
17541092,90.34,92,90.39,307
17598268,90.34,92,90.32,308
17649468,90.28,93,90.32,308
17655460,90.28,93,90.3,309
17712588,90.28,93,90.4,310
17769748,90.28,93,90.35,311
17826916,90.28,93,90.33,312
17840420,90.31,94,90.33,312
17884092,90.31,94,90.32,313
17941196,90.31,94,90.43,314
17998420,90.31,94,90.25,315
18031300,90.34,95,90.25,315
18055608,90.34,95,90.3,316
18112716,90.34,95,90.43,317
18169892,90.34,95,90.32,318
18222300,90.28,96,90.32,318
18227096,90.28,96,90.28,319
18284212,90.28,96,90.42,320
18341360,90.28,96,90.37,321
18398576,90.28,96,90.26,322
18413248,90.31,97,90.26,322
18455720,90.31,97,90.37,323
18512856,90.31,97,90.38,324
18570048,90.31,97,90.3,325
18604136,90.34,98,90.3,325
18627212,90.34,98,90.34,326
18684344,90.34,98,90.39,327
18741508,90.34,98,90.34,328
18795140,90.28,99,90.34,328
18798736,90.28,99,90.24,329
18855844,90.28,99,90.43,330
18912984,90.28,99,90.38,331
18970208,90.28,99,90.25,332
18986096,90.3,100,90.25,332
19027356,90.3,100,90.37,333
19084488,90.3,100,90.39,334
19141668,90.3,100,90.31,335
19176984,90.34,101,90.31,335
19198780,90.34,101,90.42,336
19255992,90.34,101,90.26,337
19313140,90.34,101,90.37,338
19367988,90.28,102,90.37,338
19370368,90.28,102,90.24,339
19427484,90.28,102,90.42,340
19484648,90.28,102,90.34,341
19541844,90.28,102,90.29,342
19558916,90.32,103,90.29,342
19598992,90.32,103,90.37,343
19656120,90.32,103,90.4,344
19713320,90.32,103,90.28,345
19749832,90.32,104,90.28,345
19770500,90.32,104,90.31,346
19827612,90.32,104,90.42,347
19884792,90.32,104,90.31,348
19940848,90.28,105,90.31,348
19941992,90.28,105,90.28,349
19999132,90.28,105,90.38,350
20056256,90.28,105,90.4,351
20113484,90.28,105,90.24,352
20131776,90.32,106,90.24,352
20170644,90.32,106,90.35,353
20227772,90.32,106,90.4,354
20284948,90.32,106,90.32,355
20322708,90.31,107,90.32,355
20342148,90.31,107,90.28,356
20399276,90.31,107,90.4,357
20456432,90.31,107,90.35,358
20513636,90.31,107,90.28,359
20513704,90.28,108,90.28,359
20570780,90.28,108,90.37,360
20627908,90.28,108,90.4,361
20685148,90.28,108,90.22,362
20704632,90.32,109,90.22,362
20742288,90.32,109,90.38,363
20799432,90.32,109,90.37,364
20856624,90.32,109,90.3,365
20895548,90.32,110,90.3,365
20913804,90.32,110,90.31,366
20970920,90.32,110,90.42,367
21028096,90.32,110,90.32,368
21085304,90.32,110,90.27,369
21086564,90.28,111,90.27,369
21142444,90.28,111,90.38,370
21199584,90.28,111,90.38,371
21256792,90.28,111,90.27,372
21277492,90.32,112,90.27,372
21313960,90.32,112,90.33,373
21371088,90.32,112,90.4,374
21428264,90.32,112,90.32,375
21468440,90.31,113,90.32,375
21485472,90.31,113,90.27,376
21542596,90.31,113,90.4,377
21599768,90.31,113,90.33,378
21656976,90.31,113,90.27,379
21659440,90.28,114,90.27,379
21714104,90.28,114,90.4,380
21771252,90.28,114,90.37,381
21828460,90.28,114,90.27,382
21850372,90.31,115,90.27,382
21885620,90.31,115,90.35,383
21942748,90.31,115,90.4,384
21999940,90.31,115,90.3,385
22041340,90.3,116,90.3,385
22057136,90.3,116,90.29,386
22114216,90.3,116,90.47,387
22171444,90.3,116,90.24,388
22228660,90.3,116,90.26,389
22232340,90.28,117,90.26,389
22285788,90.28,117,90.4,390
22342924,90.28,117,90.38,391
22400136,90.28,117,90.26,392
22423256,90.32,118,90.26,392
22457304,90.32,118,90.33,393
22514436,90.32,118,90.39,394
22571620,90.32,118,90.31,395
22614224,90.3,119,90.31,395
22628816,90.3,119,90.29,396
22685948,90.3,119,90.39,397
22743012,90.3,119,90.5,398
22800312,90.3,119,90.13,399
22805228,90.28,120,90.13,399
22857472,90.28,120,90.35,400
22914604,90.28,120,90.39,401
22971816,90.28,120,90.26,402
22996144,90.32,121,90.26,402
23028996,90.32,121,90.31,403
23086096,90.32,121,90.44,404
23143308,90.32,121,90.26,405
23187116,90.3,122,90.26,405
23200504,90.3,122,90.29,406
23257636,90.3,122,90.39,407
23314796,90.3,122,90.35,408
23372012,90.3,122,90.26,409
23378116,90.28,123,90.26,409
23429108,90.28,123,90.45,410
23486320,90.28,123,90.26,411
23543496,90.28,123,90.32,412
23569036,90.32,124,90.32,412
23600676,90.32,124,90.31,413
23657808,90.32,124,90.39,414
23714968,90.32,124,90.35,415
23760020,90.29,125,90.35,415
23772180,90.29,125,90.26,416
23829312,90.29,125,90.39,417
23886472,90.29,125,90.35,418
23943684,90.29,125,90.26,419
23951020,90.28,126,90.26,419
24000832,90.28,126,90.37,420
24057980,90.28,126,90.37,421
24115176,90.28,126,90.29,422
24141920,90.33,127,90.29,422
24172356,90.33,127,90.31,423
24229472,90.33,127,90.42,424
24286680,90.33,127,90.27,425
24332856,90.31,128,90.27,425
24343876,90.31,128,90.29,426
24401020,90.31,128,90.37,427
24458164,90.31,128,90.37,428
24515372,90.31,128,90.27,429
24523912,90.26,129,90.27,429
24572516,90.26,129,90.37,430
24629676,90.26,129,90.35,431
24686852,90.26,129,90.32,432
24714812,90.33,130,90.32,432
24744048,90.33,130,90.29,433
24801164,90.33,130,90.42,434
24858292,90.33,130,90.4,435
24905796,90.29,131,90.4,435
24915440,90.29,131,90.37,436
24972680,90.29,131,90.22,437
25029844,90.29,131,90.34,438
25087068,90.29,131,90.25,439
25096800,90.28,132,90.25,439
25144212,90.28,132,90.37,440
25201340,90.28,132,90.4,441
25258552,90.28,132,90.26,442
25287716,90.32,133,90.26,442
25315744,90.32,133,90.3,443
25372856,90.32,133,90.42,444
25430036,90.32,133,90.31,445
25478704,90.29,134,90.31,445
25487228,90.29,134,90.3,446
25544372,90.29,134,90.37,447
25601532,90.29,134,90.35,448
25658740,90.29,134,90.27,449
25669688,90.29,135,90.27,449
25715900,90.29,135,90.35,450
25773044,90.29,135,90.37,451
25830256,90.29,135,90.26,452
25860604,90.32,136,90.26,452
25887416,90.32,136,90.35,453
25944544,90.32,136,90.4,454
26001720,90.32,136,90.32,455
26051592,90.29,137,90.32,455
26058932,90.29,137,90.26,456
26116060,90.29,137,90.4,457
26173208,90.29,137,90.37,458
26230420,90.29,137,90.26,459
26242572,90.29,138,90.26,459
26287564,90.29,138,90.37,460
26344708,90.29,138,90.37,461
26401920,90.29,138,90.26,462
26433488,90.32,139,90.26,462
26459100,90.32,139,90.31,463
26516228,90.32,139,90.4,464
26573408,90.32,139,90.31,465
26624492,90.28,140,90.31,465
26630620,90.28,140,90.26,466
26687752,90.28,140,90.39,467
26744896,90.28,140,90.37,468
26802108,90.28,140,90.26,469
26815476,90.29,141,90.26,469
26859252,90.29,141,90.37,470
26916396,90.29,141,90.37,471
26973608,90.29,141,90.26,472
27006360,90.34,142,90.26,472
27030772,90.34,142,90.34,473
27087920,90.34,142,90.37,474
27145076,90.34,142,90.35,475
27197376,90.28,143,90.35,475
27202288,90.28,143,90.26,476
27259432,90.28,143,90.37,477
27316576,90.28,143,90.37,478
27373796,90.28,143,90.25,479
27388348,90.3,144,90.25,479
27430940,90.3,144,90.37,480
27488084,90.3,144,90.37,481
27545276,90.3,144,90.3,482
27579264,90.32,145,90.3,482
27602468,90.32,145,90.3,483
27659596,90.32,145,90.4,484
27716772,90.32,145,90.32,485
27770284,90.27,146,90.32,485
27773996,90.27,146,90.25,486
27831108,90.27,146,90.42,487
27888268,90.27,146,90.35,488
27945476,90.27,146,90.27,489
27961236,90.31,147,90.27,489
28002636,90.31,147,90.35,490
28059780,90.31,147,90.37,491
28116976,90.31,147,90.29,492
28152172,90.31,148,90.29,492
28174164,90.31,148,90.3,493
28231292,90.31,148,90.4,494
28288452,90.31,148,90.35,495
28343192,90.27,149,90.35,495
28345660,90.27,149,90.27,496
28402808,90.27,149,90.37,497
28459968,90.27,149,90.35,498
28517196,90.27,149,90.24,499
28534144,90.31,150,90.24,499
28574340,90.31,150,90.37,500
28631468,90.31,150,90.4,501
28688676,90.31,150,90.27,502
28725064,90.32,151,90.27,502
28745840,90.32,151,90.34,503
28802984,90.32,151,90.37,504
28860144,90.32,151,90.35,505
28916080,90.28,152,90.35,505
28917368,90.28,152,90.25,506
28974480,90.28,152,90.42,507
29031660,90.28,152,90.31,508
29088868,90.28,152,90.27,509
29107044,90.3,153,90.27,509
29146044,90.3,153,90.32,510
29203184,90.3,153,90.38,511
29260392,90.3,153,90.27,512
29297968,90.32,154,90.27,512
29317584,90.32,154,90.3,513
29374692,90.32,154,90.43,514
29431884,90.32,154,90.3,515
29489072,90.26,155,90.3,516
29546232,90.26,155,90.35,517
29603376,90.26,155,90.37,518
29660600,90.26,155,90.25,519
29679940,90.32,156,90.25,519
29717760,90.32,156,90.35,520
29774888,90.32,156,90.4,521
29832092,90.32,156,90.28,522
29870884,90.31,157,90.28,522
29889248,90.31,157,90.35,523
29946424,90.31,157,90.32,524
30003596,90.31,157,90.33,525
30060820,90.31,157,90.25,526
30061916,90.27,158,90.25,526
30117816,90.27,158,90.61,527
30175084,90.27,158,90.18,528
30232292,90.27,158,90.27,529
30252876,90.3,159,90.27,529
30289464,90.3,159,90.33,530
30346608,90.3,159,90.37,531
30403796,90.3,159,90.3,532
30443820,90.31,160,90.3,532
30460976,90.31,160,90.31,533
30518120,90.31,160,90.37,534
30575280,90.31,160,90.35,535
30632500,90.31,160,90.25,536
30634840,90.27,161,90.25,536
30689644,90.27,161,90.37,537
30746788,90.27,161,90.37,538
30804012,90.27,161,90.25,539
30825776,90.31,162,90.25,539
30861168,90.31,162,90.35,540
30918312,90.31,162,90.37,541
30975504,90.31,162,90.3,542
31016736,90.3,163,90.3,542
31032692,90.3,163,90.3,543
31089820,90.3,163,90.4,544
31146992,90.3,163,90.33,545
31204216,90.3,163,90.25,546
31207764,90.27,164,90.25,546
31261356,90.27,164,90.38,547
31318496,90.27,164,90.38,548
31375704,90.27,164,90.27,549
31398688,90.32,165,90.27,549
31432896,90.32,165,90.3,550
31490008,90.32,165,90.42,551
31547192,90.32,165,90.31,552
31589648,90.3,166,90.31,552
31604400,90.3,166,90.27,553
31661528,90.3,166,90.4,554
31718700,90.3,166,90.33,555
31775924,90.3,166,90.25,556
31780656,90.28,167,90.25,556
31833048,90.28,167,90.4,557
31890208,90.28,167,90.35,558
31947416,90.28,167,90.27,559
31971584,90.32,168,90.27,559
32004608,90.32,168,90.3,560
32061732,90.32,168,90.4,561
32118924,90.32,168,90.3,562
32162580,90.28,169,90.3,562
32176096,90.28,169,90.33,563
32233236,90.28,169,90.38,564
32290412,90.28,169,90.32,565
32347620,90.28,169,90.27,566
32353592,90.28,170,90.27,566
32404776,90.28,170,90.35,567
32461920,90.28,170,90.37,568
32519128,90.28,170,90.27,569
32544520,90.32,171,90.27,569
32576288,90.32,171,90.35,570
32633432,90.32,171,90.37,571
32690596,90.32,171,90.34,572
32735500,90.29,172,90.34,572
32747812,90.29,172,90.26,573
32804960,90.29,172,90.37,574
32862116,90.29,172,90.35,575
32919328,90.29,172,90.26,576
32926512,90.28,173,90.26,576
32976488,90.28,173,90.35,577
33033612,90.28,173,90.4,578
33090852,90.28,173,90.22,579
33117440,90.32,174,90.22,579
33148000,90.32,174,90.37,580
33205140,90.32,174,90.38,581
33262316,90.32,174,90.32,582
33308436,90.28,175,90.32,582
33319540,90.28,175,90.25,583
33376732,90.28,175,90.3,584
33434056,90.28,175,90.09,585
33491572,90.28,175,89.79,586
33499740,90.14,176,89.79,586
33549332,90.14,176,89.41,587
33607416,90.14,176,88.91,588
33665920,90.14,176,88.27,589
33691252,90.04,177,88.27,589
33724828,90.04,177,87.67,590
33784044,90.04,177,87.21,591
33843552,90.04,177,86.78,592
33882936,89.96,178,86.78,592
33903352,89.96,178,86.36,593
33963404,89.96,178,86,594
34023784,89.96,178,85.53,595
34074828,89.86,179,85.53,595
34084440,89.86,179,85.14,596
34145416,89.86,179,84.69,597
34206720,89.86,179,84.24,598
34266908,89.78,180,84.24,598
34268344,89.78,180,83.8,599
34330340,89.78,180,83.3,600
34392648,89.78,180,82.88,601
34455272,89.78,180,82.46,602
34459128,89.71,181,82.46,602
34518208,89.71,181,82.05,603
34581448,89.71,181,81.66,604
34645000,89.71,181,81.26,605
34651504,89.64,182,81.26,605
34708884,89.64,182,80.84,606
34773092,89.64,182,80.43,607
34837596,89.64,182,80.06,608
34844060,89.55,183,80.06,608
34902424,89.55,183,79.66,609
34967560,89.55,183,79.28,610
35033016,89.55,183,78.9,611
35036768,89.48,184,78.9,611
35098796,89.48,184,78.51,612
35164936,89.48,184,78.08,613
35229644,89.4,185,78.08,613
35231376,89.4,185,77.73,614
35298196,89.4,185,77.29,615
35365284,89.4,185,76.98,616
35422704,89.32,186,76.98,616
35432764,89.32,186,76.53,617
35500568,89.32,186,76.16,618
35568744,89.32,186,75.75,619
35615900,89.26,187,75.75,619
35637260,89.26,187,75.37,620
35706116,89.26,187,75,621
35775308,89.26,187,74.64,622
35809288,89.17,188,74.64,622
35844876,89.17,188,74.23,623
35914828,89.17,188,73.82,624
35985140,89.17,188,73.45,625
36002848,89.09,189,73.45,625
36055824,89.09,189,73.06,626
36126892,89.09,189,72.67,627
36196544,89.03,190,72.67,627
36198320,89.03,190,72.3,628
36270148,89.03,190,71.9,629
36342364,89.03,190,71.51,630
36390432,88.94,191,71.51,630
36414972,88.94,191,71.12,631
36488000,88.94,191,70.72,632
36561420,88.94,191,70.34,633
36584504,88.85,192,70.34,633
36635224,88.85,192,69.97,634
36709400,88.85,192,69.62,635
36778732,88.78,193,69.62,635
36783984,88.78,193,69.24,636
36858968,88.78,193,68.87,637
36934344,88.78,193,68.51,638
36973116,88.71,194,68.51,638
37010108,88.71,194,68.16,639
37086272,88.71,194,67.8,640
37162828,88.71,194,67.46,641
37167688,88.63,195,67.46,641
37239836,88.63,195,67.06,642
37317276,88.63,195,66.69,643
37362392,88.57,196,66.69,643
37395092,88.57,196,66.36,644
37473344,88.57,196,65.99,645
37552032,88.57,196,65.63,646
37557308,88.47,197,65.63,646
37631160,88.47,197,65.26,647
37710688,88.47,197,64.94,648
37752360,88.41,198,64.94,648
37790656,88.41,198,64.58,649
37871044,88.41,198,64.24,650
37947636,88.31,199,64.24,650
37951904,88.31,199,63.87,651
38033184,88.31,199,63.54,652
38114896,88.31,199,63.2,653
38143016,88.26,200,63.2,653
38197064,88.26,200,62.85,654
38279664,88.26,200,62.52,655
38338600,88.17,201,62.52,655
38362708,88.17,201,62.19,656
38446200,88.17,201,61.85,657
38530168,88.17,201,61.5,658
38534340,88.1,202,61.5,658
38614552,88.1,202,61.2,659
38699408,88.1,202,60.86,660
38730260,88.02,203,60.86,660
38784712,88.02,203,60.54,661
38870444,88.02,203,60.24,662
38926356,87.94,204,60.24,662
38956624,87.94,204,59.92,663
39043308,87.94,204,59.58,664
39122588,87.88,205,59.58,664
39130496,87.88,205,59.23,665
39218116,87.88,205,58.94,666
39306208,87.88,205,58.62,667
39319040,87.78,206,58.62,667
39394752,87.78,206,58.32,668
39483732,87.78,206,58.04,669
39515636,87.71,207,58.04,669
39573200,87.71,207,57.72,670
39663168,87.71,207,57.4,671
39712400,87.64,208,57.4,671
39753572,87.64,208,57.12,672
39844460,87.64,208,56.82,673
39909372,87.55,209,56.82,673
39935788,87.55,209,56.55,674
40027552,87.55,209,56.28,675
40106464,87.49,210,56.28,675
40119784,87.49,210,55.99,676
40212564,87.49,210,55.66,677
40303764,87.4,211,55.66,677
40305836,87.4,211,55.37,678
40399556,87.4,211,55.1,679
40493732,87.4,211,54.84,680
40501216,87.33,212,54.84,680
40588360,87.33,212,54.57,681
40683504,87.33,212,54.28,682
40698844,87.25,213,54.28,682
40779052,87.25,213,54.05,683
40875104,87.25,213,53.76,684
40896640,87.18,214,53.76,684
40971588,87.18,214,53.52,685
41068576,87.18,214,53.25,686
41094628,87.1,215,53.25,686
41166016,87.1,215,53,687
41263944,87.1,215,52.73,688
41292768,87.03,216,52.73,688
41362424,87.03,216,52.44,689
41461548,87.03,216,52.1,690
41491100,86.95,217,52.1,690
41561224,86.95,217,51.81,691
41661448,86.95,217,51.53,692
41689600,86.87,218,51.53,692
41762192,86.87,218,51.26,693
41863424,86.87,218,51.01,694
41888276,86.79,219,51.01,694
41965248,86.79,219,50.72,695
42067592,86.79,219,50.46,696
42087104,86.73,220,50.46,696
42170496,86.73,220,50.18,697
42273840,86.73,220,49.97,698
42286136,86.64,221,49.97,698
42377752,86.64,221,49.7,699
42482228,86.64,221,49.43,700
42485308,86.58,222,49.43,700
42587172,86.58,222,49.21,701
42684720,86.47,223,49.21,701
42692692,86.47,223,48.94,702
42798792,86.47,223,48.67,703
42884232,86.43,224,48.67,703
42905424,86.43,224,48.43,704
43012572,86.43,224,48.2,705
43083972,86.33,225,48.2,705
43120300,86.33,225,47.94,706
43228600,86.33,225,47.68,707
43283848,86.27,226,47.68,707
43337496,86.27,226,47.42,708
43446960,86.27,226,47.18,709
43483916,86.19,227,47.18,709
43557040,86.19,227,46.91,710
43667684,86.19,227,46.67,711
43684152,86.12,228,46.67,711
43778940,86.12,228,46.42,712
43884560,86.04,229,46.42,712
43890832,86.04,229,46.15,713
44003304,86.04,229,45.92,714
44085172,85.96,230,45.92,714
44116468,85.96,230,45.63,715
44230252,85.96,230,45.39,716
44285932,85.89,231,45.39,716
44344712,85.89,231,45.12,717
44459840,85.89,231,44.86,718
44486860,85.82,232,44.86,718
44575628,85.82,232,44.6,719
44687992,85.73,233,44.6,719
44692080,85.73,233,44.35,720
44809240,85.73,233,44.08,721
44889300,85.66,234,44.08,721
44927064,85.66,234,43.83,722
45045580,85.66,234,43.57,723
45090756,85.6,235,43.57,723
45164792,85.6,235,43.32,724
45284748,85.6,235,43.05,725
45292412,85.51,236,43.05,725
45405400,85.51,236,42.8,726
45494240,85.44,237,42.8,726
45526792,85.44,237,42.54,727
45648984,85.44,237,42.26,728
45696236,85.37,238,42.26,728
45771868,85.37,238,42.02,729
45895532,85.37,238,41.76,730
45898404,85.3,239,41.76,730
46019908,85.3,239,41.52,731
46100796,85.2,240,41.52,731
46144968,85.2,240,41.29,732
46270784,85.2,240,41.05,733
46303308,85.15,241,41.05,733
46397332,85.15,241,40.81,734
46506028,85.06,242,40.81,734
46524660,85.06,242,40.56,735
46652760,85.06,242,40.31,736
46708916,84.99,243,40.31,736
46781668,84.99,243,40.06,737
46911352,84.99,243,39.82,738
46912000,84.91,244,39.82,738
47041800,84.91,244,39.59,739
47115236,84.85,245,39.59,739
47173072,84.85,245,39.34,740
47305188,84.85,245,39.09,741
47318660,84.77,246,39.09,741
47438252,84.77,246,38.81,742
47522260,84.7,247,38.81,742
47572400,84.7,247,38.5,743
47707732,84.7,247,38.16,744
47726044,84.62,248,38.16,744
47844052,84.62,248,37.88,745
47930004,84.55,249,37.88,745
47981216,84.55,249,37.65,746
48119268,84.55,249,37.41,747
48134132,84.48,250,37.41,747
48258192,84.48,250,37.17,748
48338432,84.41,251,37.17,748
48398072,84.41,251,36.92,749
48538904,84.41,251,36.67,750
48542924,84.33,252,36.67,750
48680728,84.33,252,36.41,751
48747624,84.24,253,36.41,751
48823484,84.24,253,36.18,752
48952460,84.18,254,36.18,752
48967256,84.18,254,35.92,753
49112028,84.18,254,35.67,754
49157500,84.1,255,35.67,754
49257792,84.1,255,35.43,755
49362732,84.02,256,35.43,755
49404628,84.02,256,35.17,756
49552480,84.02,256,34.93,757
49568100,83.97,257,34.93,757
49701432,83.97,257,34.67,758
49773696,83.87,258,34.67,758
49851420,83.87,258,34.43,759
49979428,83.82,259,34.43,759
50002500,83.82,259,34.18,760
50154828,83.82,259,33.9,761
50185380,83.73,260,33.9,761
50308288,83.73,260,33.65,762
50391520,83.65,261,33.65,762
50463016,83.65,261,33.38,763
50597784,83.6,262,33.38,763
50618968,83.6,262,33.11,764
50776264,83.6,262,32.83,765
50804272,83.51,263,32.83,765
50934952,83.51,263,32.54,766
51010928,83.44,264,32.54,766
51095052,83.44,264,32.26,767
51217740,83.38,265,32.26,767
51256524,83.38,265,31.98,768
51419276,83.38,265,31.73,769
51424780,83.29,266,31.73,769
51583308,83.29,266,31.48,770
51632020,83.21,267,31.48,770
51748792,83.21,267,31.21,771
51839380,83.16,268,31.21,771
51916096,83.16,268,30.87,772
52046932,83.08,269,30.87,772
52085416,83.08,269,30.5,773
52254692,83,270,30.5,773
52256680,83,270,30.15,774
52430040,83,270,29.79,775
52462640,82.92,271,29.79,775
52605648,82.92,271,29.41,776
52670768,82.85,272,29.41,776
52783512,82.85,272,29.03,777
52879044,82.79,273,29.03,777
52963912,82.79,273,28.63,778
53087528,82.71,274,28.63,778
53146904,82.71,274,28.22,779
53296200,82.64,275,28.22,779
53332708,82.64,275,27.79,780
53505044,82.57,276,27.79,780
53521648,82.57,276,27.33,781
53713796,82.57,276,26.88,782
53714080,82.49,277,26.88,782
53909456,82.49,277,26.39,783
53923304,82.42,278,26.39,783
54108784,82.42,278,25.91,784
54132716,82.34,279,25.91,784
54311884,82.34,279,25.43,785
54342296,82.28,280,25.43,785
54518416,82.28,280,25,786
54552052,82.21,281,25,786
54728228,82.21,281,24.61,787
54762032,82.12,282,24.61,787
54940648,82.12,282,24.31,788
54972148,82.07,283,24.31,788
55155236,82.07,283,24.07,789
55182492,81.98,284,24.07,789
55371784,81.98,284,23.85,790
55393000,81.92,285,23.85,790
55590692,81.92,285,23.59,791
55603684,81.85,286,23.59,791
55812052,81.85,286,23.33,792
55814576,81.77,287,23.33,792
56025640,81.7,288,23.33,792
56035780,81.7,288,23.08,793
56236912,81.62,289,23.08,793
56261712,81.62,289,22.86,794
56448352,81.56,290,22.86,794
56490192,81.56,290,22.6,795
56659980,81.48,291,22.6,795
56721296,81.48,291,22.35,796
56871784,81.41,292,22.35,796
56954904,81.41,292,22.11,797
57083796,81.34,293,22.11,797
57191332,81.34,293,21.84,798
57295976,81.27,294,21.84,798
57430572,81.27,294,21.59,799
57508364,81.19,295,21.59,799
57672592,81.19,295,21.34,800
57720940,81.12,296,21.34,800
57917616,81.12,296,21.08,801
57933688,81.05,297,21.08,801
58146644,80.97,298,21.08,801
58165552,80.97,298,20.83,802
58359772,80.91,299,20.83,802
58416584,80.91,299,20.57,803
58573088,80.84,300,20.57,803
58670800,80.84,300,20.31,804
58786608,80.76,301,20.31,804
58928496,80.76,301,20.04,805
59000300,80.7,302,20.04,805
59189572,80.7,302,19.78,806
59214184,80.62,303,19.78,806
59428276,80.54,304,19.78,806
59454228,80.54,304,19.51,807
59642544,80.48,305,19.51,807
59722460,80.48,305,19.25,808
59857000,80.41,306,19.25,808
59994552,80.41,306,18.98,809
60071660,80.33,307,18.98,809
60270628,80.33,307,18.71,810
60286508,80.26,308,18.71,810
60501540,80.19,309,18.71,810
60550752,80.19,309,18.44,811
60716792,80.11,310,18.44,811
60835192,80.11,310,18.16,812
60932184,80.06,311,18.16,812
61124080,80.06,311,17.88,813
61147804,79.97,312,17.88,813
61363600,79.91,313,17.88,813
61417628,79.91,313,17.59,814
61579584,79.84,314,17.59,814
61716096,79.84,314,17.3,815
61795784,79.76,315,17.3,815
62012160,79.69,316,17.3,815
62019824,79.69,316,17,816
62228736,79.62,317,17,816
62328732,79.62,317,16.72,817
62445520,79.54,318,16.72,817
62643036,79.54,318,16.43,818
62662476,79.48,319,16.43,818
62879620,79.41,320,16.43,818
62963136,79.41,320,16.13,819
63096972,79.34,321,16.13,819
63289100,79.34,321,15.84,820
63314528,79.26,322,15.84,820
63532240,79.21,323,15.84,820
63621256,79.21,323,15.55,821
63750200,79.12,324,15.55,821
63960080,79.12,324,15.24,822
63968324,79.06,325,15.24,822
64186640,78.99,326,15.24,822
64305832,78.99,326,14.94,823
64405184,78.9,327,14.94,823
64623888,78.85,328,14.94,823
64658884,78.85,328,14.63,824
64842804,78.77,329,14.63,824
65019832,78.77,329,14.31,825
65061896,78.71,330,14.31,825
65281204,78.63,331,14.31,825
65388704,78.63,331,14,826
65500680,78.57,332,14,826
65720384,78.49,333,14,826
65766184,78.49,333,13.68,827
65940316,78.41,334,13.68,827
66152916,78.41,334,13.35,828
66160364,78.36,335,13.35,828
66380636,78.29,336,13.35,828
66549220,78.29,336,13.03,829
66601128,78.21,337,13.03,829
66821796,78.14,338,13.03,829
66955876,78.14,338,12.7,830
67042692,78.06,339,12.7,830
67263772,78,340,12.7,830
67373560,78,340,12.36,831
67485052,77.93,341,12.36,831
67706512,77.87,342,12.36,831
67803304,77.87,342,12.02,832
67928192,77.79,343,12.02,832
68150048,77.73,344,12.02,832
68245668,77.73,344,11.67,833
68372128,77.65,345,11.67,833
68594372,77.59,346,11.67,833
68702104,77.59,346,11.31,834
68816844,77.51,347,11.31,834
69039504,77.45,348,11.31,834
69174056,77.45,348,10.94,835
69262352,77.38,349,10.94,835
69485424,77.3,350,10.94,835
69662660,77.3,350,10.57,836
69708688,77.24,351,10.57,836
69932152,77.17,352,10.57,836
70155828,77.09,353,10.57,836
70169848,77.09,353,10.18,837
70379688,77.03,354,10.18,837
70603772,76.95,355,10.18,837
70697420,76.95,355,9.79,838
70828020,76.9,356,9.79,838
71052492,76.82,357,9.79,838
71246836,76.82,357,9.4,839
71277176,76.75,358,9.4,839
71502048,76.68,359,9.4,839
71727112,76.62,360,9.4,839
71820820,76.62,360,9,840
71952416,76.54,361,9,840
72177892,76.48,362,9,840
72403572,76.41,363,9,840
72422816,76.41,363,8.58,841
72629460,76.34,364,8.58,841
72855588,76.26,365,8.58,841
73056624,76.26,365,8.15,842
73081872,76.21,366,8.15,842
73308396,76.12,367,8.15,842
73535108,76.06,368,8.15,842
73725780,76.06,368,7.72,843
73762008,76,369,7.72,843
73989152,75.92,370,7.72,843
74216464,75.86,371,7.72,843
74436200,75.86,371,7.27,844
74444004,75.78,372,7.27,844
74671732,75.72,373,7.27,844
74899704,75.64,374,7.27,844
75127824,75.59,375,7.27,844
75195132,75.59,375,6.8,845
75356184,75.51,376,6.8,845
75584756,75.44,377,6.8,845
75813532,75.38,378,6.8,845
76012256,75.38,378,6.32,846
76042484,75.32,379,6.32,846
76271688,75.23,380,6.32,846
76501068,75.18,381,6.32,846
76730668,75.1,382,6.32,846
76903116,75.1,382,5.8,847
76960460,75.04,383,5.8,847
77190496,74.96,384,5.8,847
77420692,74.91,385,5.8,847
77651128,74.83,386,5.8,847
77881788,74.76,387,5.8,847
77891096,74.76,387,5.23,848
78112620,74.7,388,5.23,848
78343656,74.64,389,5.23,848
78574936,74.56,390,5.23,848
78806420,74.49,391,5.23,848
79012032,74.49,391,4.61,849
79038112,74.43,392,4.61,849
79270024,74.36,393,4.61,849
79502128,74.29,394,4.61,849
79734452,74.22,395,4.61,849
79966984,74.16,396,4.61,849
80199740,74.09,397,4.61,849
80334432,74.09,397,3.91,850
80432684,74.03,398,3.91,850
80665856,73.95,399,3.91,850
80899244,73.89,400,3.91,850
81132828,73.82,401,3.91,850
81366616,73.76,402,3.91,850
81600644,73.68,403,3.91,850
81834880,73.62,404,3.91,850
82062904,73.62,404,2.99,851
82069308,73.56,405,2.99,851
82303960,73.49,406,2.99,851
82538852,73.41,407,2.99,851
82773916,73.36,408,2.99,851
83009220,73.28,409,2.99,851
83168312,73.28,409,4.67,852
83244732,73.22,410,4.67,852
83480472,73.15,411,4.67,852
83716388,73.09,412,4.67,852
83952548,73.02,413,4.67,852
84188928,72.95,414,4.67,852
84425512,72.89,415,4.67,852
84662304,72.82,416,4.67,852
84899316,72.76,417,4.67,852
85136552,72.69,418,4.67,852
85374008,72.62,419,4.67,852
85611636,72.57,420,4.67,852
85849560,72.48,421,4.67,852
86087620,72.44,422,4.67,852
86325944,72.36,423,4.67,852
86564484,72.29,424,4.67,852
86803232,72.23,425,4.67,852
87042180,72.17,426,4.67,852
87281388,72.09,427,4.67,852
87520784,72.03,428,4.67,852
87760408,71.96,429,4.67,852
88000252,71.9,430,4.67,852
88240304,71.83,431,4.67,852
88480592,71.76,432,4.67,852
88721072,71.71,433,4.67,852
88961776,71.64,434,4.67,852
89202720,71.57,435,4.67,852
89443872,71.51,436,4.67,852
89685252,71.44,437,4.67,852
89926836,71.38,438,4.67,852
90168640,71.31,439,4.67,852
90410720,71.23,440,4.67,852
90652956,71.19,441,4.67,852
90895448,71.11,442,4.67,852
91138144,71.05,443,4.67,852
91381048,70.99,444,4.67,852
91624240,70.91,445,4.67,852
91867576,70.86,446,4.67,852
92111204,70.78,447,4.67,852
92355004,70.73,448,4.67,852
92599044,70.66,449,4.67,852
92843352,70.58,450,4.67,852
93087836,70.53,451,4.67,852
93332560,70.46,452,4.67,852
93577508,70.4,453,4.67,852
93822664,70.34,454,4.67,852
94068080,70.26,455,4.67,852
94313704,70.2,456,4.67,852
94559544,70.14,457,4.67,852
94805608,70.08,458,4.67,852
95051932,70.01,459,4.67,852
95298460,69.95,460,4.67,852
95545232,69.88,461,4.67,852
95792188,69.83,462,4.67,852
96039408,69.75,463,4.67,852
96286864,69.69,464,4.67,852
96534548,69.62,465,4.67,852
96782428,69.57,466,4.67,852
97030548,69.5,467,4.67,852
97278904,69.43,468,4.67,852
97527484,69.37,469,4.67,852
97776284,69.31,470,4.67,852
98025344,69.24,471,4.67,852
98274612,69.18,472,4.67,852
98524120,69.11,473,4.67,852
98773852,69.05,474,4.67,852
99023820,68.98,475,4.67,852
99274012,68.92,476,4.67,852
99524428,68.86,477,4.67,852
99775092,68.79,478,4.67,852
100025992,68.73,479,4.67,852
100277104,68.67,480,4.67,852
100528456,68.6,481,4.67,852
100780032,68.54,482,4.67,852
101031884,68.47,483,4.67,852
101283920,68.42,484,4.67,852
101536232,68.34,485,4.67,852
101788748,68.29,486,4.67,852
102041476,68.23,487,4.67,852
102294480,68.16,488,4.67,852
102547700,68.1,489,4.67,852
102801184,68.03,490,4.67,852
103054832,67.98,491,4.67,852
103308776,67.9,492,4.67,852
103562912,67.85,493,4.67,852
103817352,67.77,494,4.67,852
104071936,67.73,495,4.67,852
104326848,67.65,496,4.67,852
104581944,67.6,497,4.67,852
104837296,67.53,498,4.67,852
105092864,67.47,499,4.67,852
105348696,67.4,500,4.67,852
105604752,67.34,501,4.67,852
105861012,67.29,502,4.67,852
106117564,67.21,503,4.67,852
106374332,67.16,504,4.67,852
106631344,67.09,505,4.67,852
106888596,67.03,506,4.67,852
107146084,66.97,507,4.67,852
107403796,66.91,508,4.67,852
107661784,66.84,509,4.67,852
107919992,66.78,510,4.67,852
108178428,66.72,511,4.67,852
108437132,66.66,512,4.67,852
108696080,66.59,513,4.67,852
108955248,66.54,514,4.67,852
109214676,66.47,515,4.67,852
109474344,66.41,516,4.67,852
109734260,66.34,517,4.67,852
109994432,66.28,518,4.67,852
110254816,66.23,519,4.67,852
110515424,66.17,520,4.67,852
110776300,66.1,521,4.67,852
111037440,66.03,522,4.67,852
111298804,65.98,523,4.67,852
111560424,65.91,524,4.67,852
111822268,65.86,525,4.67,852
112084388,65.79,526,4.67,852
112346740,65.73,527,4.67,852
112609332,65.67,528,4.67,852
112872200,65.6,529,4.67,852
113135236,65.56,530,4.67,852
113398620,65.47,531,4.67,852
113662188,65.43,532,4.67,852
113926020,65.36,533,4.67,852
114190108,65.3,534,4.67,852
114454436,65.24,535,4.67,852
114719008,65.18,536,4.67,852
114983836,65.11,537,4.67,852
115248924,65.05,538,4.67,852
115514232,65,539,4.67,852
115779816,64.93,540,4.67,852
116045608,64.88,541,4.67,852
116311692,64.81,542,4.67,852
116578020,64.75,543,4.67,852
116844604,64.69,544,4.67,852
117111412,64.63,545,4.67,852
117378496,64.56,546,4.67,852
117645832,64.5,547,4.67,852
117913392,64.45,548,4.67,852
118181212,64.39,549,4.67,852
118449308,64.32,550,4.67,852
118717644,64.26,551,4.67,852
118986220,64.21,552,4.67,852
119255060,64.14,553,4.67,852
119524172,64.08,554,4.67,852
119793520,64.02,555,4.67,852
120063108,63.96,556,4.67,852
120332960,63.9,557,4.67,852
120603104,63.83,558,4.67,852
120873456,63.78,559,4.67,852
121144084,63.72,560,4.67,852
121414964,63.66,561,4.67,852
121686100,63.6,562,4.67,852
121957508,63.54,563,4.67,852
122229152,63.48,564,4.67,852
122501060,63.42,565,4.67,852
122773232,63.36,566,4.67,852
123045672,63.29,567,4.67,852
123318320,63.25,568,4.67,852
123591276,63.18,569,4.67,852
123864488,63.12,570,4.67,852
124137956,63.06,571,4.67,852
124411700,62.99,572,4.67,852
124685672,62.94,573,4.67,852
124959924,62.88,574,4.67,852
125234440,62.82,575,4.67,852
125509204,62.76,576,4.67,852
125784256,62.69,577,4.67,852
126059528,62.64,578,4.67,852
126335092,62.58,579,4.67,852
126610932,62.51,580,4.67,852
126887020,62.46,581,4.67,852
127163380,62.4,582,4.67,852
127439996,62.34,583,4.67,852
127716868,62.28,584,4.67,852
127994032,62.22,585,4.67,852
128271436,62.16,586,4.67,852
128549136,62.1,587,4.67,852
128827076,62.04,588,4.67,852
129105292,61.98,589,4.67,852
129383760,61.92,590,4.67,852
129662528,61.86,591,4.67,852
129941552,61.8,592,4.67,852
130220812,61.75,593,4.67,852
130500388,61.68,594,4.67,852
130780220,61.62,595,4.67,852
131060296,61.57,596,4.67,852
131340660,61.51,597,4.67,852
131621320,61.44,598,4.67,852
131902220,61.39,599,4.67,852
132183408,61.33,600,4.67,852
132464852,61.27,601,4.67,852
132746572,61.21,602,4.67,852
133028592,61.14,603,4.67,852
133310848,61.09,604,4.67,852
133593376,61.03,605,4.67,852
133876216,60.97,606,4.67,852
134159296,60.92,607,4.67,852
134442668,60.85,608,4.67,852
134726300,60.8,609,4.67,852
135010240,60.73,610,4.67,852
135294404,60.68,611,4.67,852
135578880,60.62,612,4.67,852
135863592,60.57,613,4.67,852
136148604,60.5,614,4.67,852
136433920,60.44,615,4.67,852
136719448,60.39,616,4.67,852
137005316,60.32,617,4.67,852
137291424,60.27,618,4.67,852
137577828,60.21,619,4.67,852
137864488,60.15,620,4.67,852
138151424,60.1,621,4.67,852
138438688,60.03,622,4.67,852
138726192,59.98,623,4.67,852
139013976,59.92,624,4.67,852
139302040,59.86,625,4.67,852
139590388,59.8,626,4.67,852
139878992,59.75,627,4.67,852
140167904,59.69,628,4.67,852
140457108,59.63,629,4.67,852
140746588,59.57,630,4.67,852
141036336,59.51,631,4.67,852
141326344,59.46,632,4.67,852
141616672,59.39,633,4.67,852
141907224,59.35,634,4.67,852
142198152,59.27,635,4.67,852
142489268,59.23,636,4.67,852
142780728,59.16,637,4.67,852
143072452,59.11,638,4.67,852
143364448,59.06,639,4.67,852
143656744,58.99,640,4.67,852
143949344,58.93,641,4.67,852
144242184,58.89,642,4.67,852
144535316,58.83,643,4.67,852
144828796,58.76,644,4.67,852
145122512,58.71,645,4.67,852
145416500,58.66,646,4.67,852
145710792,58.59,647,4.67,852
146005400,58.53,648,4.67,852
146300248,58.48,649,4.67,852
146595384,58.43,650,4.67,852
146890848,58.36,651,4.67,852
147186556,58.31,652,4.67,852
147482588,58.25,653,4.67,852
147778908,58.19,654,4.67,852
148075512,58.14,655,4.67,852
148372404,58.08,656,4.67,852
148669588,58.02,657,4.67,852
148967052,57.97,658,4.67,852
149264836,57.91,659,4.67,852
149562900,57.85,660,4.67,852
149861252,57.8,661,4.67,852
150159880,57.74,662,4.67,852
150458848,57.68,663,4.67,852
150758076,57.63,664,4.67,852
151057596,57.57,665,4.67,852
151357420,57.51,666,4.67,852
151657556,57.45,667,4.67,852
151957968,57.4,668,4.67,852
152258656,57.35,669,4.67,852
152559652,57.29,670,4.67,852
152860980,57.23,671,4.67,852
153162564,57.18,672,4.67,852
153464472,57.12,673,4.67,852
153766660,57.06,674,4.67,852
154069156,57.01,675,4.67,852
154371924,56.95,676,4.67,852
154675024,56.89,677,4.67,852
154978396,56.84,678,4.67,852
155282100,56.78,679,4.67,852
155586092,56.73,680,4.67,852
155890392,56.67,681,4.67,852
156194968,56.62,682,4.67,852
156499888,56.55,683,4.67,852
156805092,56.5,684,4.67,852
157110588,56.45,685,4.67,852
157416348,56.4,686,4.67,852
157722476,56.33,687,4.67,852
158028860,56.28,688,4.67,852
158335572,56.22,689,4.67,852
158642576,56.17,690,4.67,852
158949908,56.11,691,4.67,852
159257528,56.06,692,4.67,852
159565460,56,693,4.67,852
159873676,55.95,694,4.67,852
160182244,55.88,695,4.67,852
160491092,55.83,696,4.67,852
160800232,55.78,697,4.67,852
161109664,55.73,698,4.67,852
161419436,55.67,699,4.67,852
161729496,55.62,700,4.67,852
162039916,55.55,701,4.67,852
162350616,55.5,702,4.67,852
162661620,55.45,703,4.67,852
162972936,55.39,704,4.67,852
163284508,55.35,705,4.67,852
163596492,55.27,706,4.67,852
163908736,55.23,707,4.67,852
164221292,55.17,708,4.67,852
164534156,55.12,709,4.67,852
164847348,55.06,710,4.67,852
165160852,55,711,4.67,852
165474648,54.95,712,4.67,852
165788768,54.9,713,4.67,852
166103236,54.84,714,4.67,852
166417976,54.79,715,4.67,852
166733064,54.73,716,4.67,852
167048460,54.67,717,4.67,852
167364180,54.62,718,4.67,852
167680208,54.56,719,4.67,852
167996504,54.52,720,4.67,852
168313192,54.45,721,4.67,852
168630196,54.4,722,4.67,852
168947512,54.34,723,4.67,852
169265116,54.29,724,4.67,852
169583032,54.24,725,4.67,852
169901316,54.18,726,4.67,852
170219904,54.13,727,4.67,852
170538820,54.07,728,4.67,852
170858068,54.01,729,4.67,852
171177604,53.97,730,4.67,852
171497480,53.91,731,4.67,852
171817692,53.85,732,4.67,852
172138208,53.8,733,4.67,852
172459064,53.74,734,4.67,852
172780260,53.69,735,4.67,852
173101744,53.64,736,4.67,852
173423572,53.58,737,4.67,852
173745728,53.53,738,4.67,852
174068224,53.47,739,4.67,852
174391016,53.42,740,4.67,852
174714172,53.36,741,4.67,852
175037616,53.31,742,4.67,852
175361392,53.26,743,4.67,852
175685532,53.2,744,4.67,852
176009944,53.15,745,4.67,852
176334732,53.09,746,4.67,852
176659828,53.04,747,4.67,852
176985272,52.99,748,4.67,852
177311048,52.93,749,4.67,852
177637132,52.88,750,4.67,852
177963556,52.83,751,4.67,852
178290312,52.77,752,4.67,852
178617392,52.72,753,4.67,852
178944828,52.66,754,4.67,852
179272576,52.61,755,4.67,852
179600676,52.56,756,4.67,852
179929104,52.5,757,4.67,852
180257852,52.45,758,4.67,852
180586940,52.4,759,4.67,852
180916360,52.35,760,4.67,852
181246120,52.29,761,4.67,852
181576204,52.24,762,4.67,852
181906664,52.18,763,4.67,852
182237420,52.14,764,4.67,852
182568552,52.08,765,4.67,852
182899996,52.03,766,4.67,852
183231784,51.97,767,4.67,852
183563920,51.92,768,4.67,852
183896392,51.87,769,4.67,852
184229204,51.81,770,4.67,852
184562364,51.76,771,4.67,852
184895852,51.71,772,4.67,852
185229696,51.65,773,4.67,852
185563892,51.6,774,4.67,852
185898432,51.55,775,4.67,852
186233280,51.5,776,4.67,852
186568504,51.44,777,4.67,852
186904072,51.39,778,4.67,852
187239988,51.33,779,4.67,852
187576284,51.28,780,4.67,852
187912872,51.23,781,4.67,852
188249836,51.17,782,4.67,852
188587144,51.12,783,4.67,852
188924816,51.07,784,4.67,852
189262832,51.02,785,4.67,852
189601204,50.96,786,4.67,852
189939908,50.91,787,4.67,852
190279000,50.85,788,4.67,852
190618400,50.81,789,4.67,852
190958164,50.75,790,4.67,852
191298288,50.7,791,4.67,852
191638788,50.64,792,4.67,852
191979604,50.6,793,4.67,852
192320804,50.54,794,4.67,852
192662364,50.49,795,4.67,852
193004264,50.44,796,4.67,852
193346500,50.39,797,4.67,852
193689132,50.33,798,4.67,852
194032092,50.28,799,4.67,852
194375416,50.23,800,4.67,852
194719092,50.18,801,4.67,852
195063136,50.12,802,4.67,852
195407540,50.07,803,4.67,852
195752292,50.02,804,4.67,852
196097412,49.97,805,4.67,852
196442872,49.92,806,4.67,852
196788724,49.86,807,4.67,852
197134936,49.81,808,4.67,852
197481488,49.76,809,4.67,852
197828424,49.7,810,4.67,852
198175708,49.65,811,4.67,852
198523380,49.6,812,4.67,852
198871432,49.54,813,4.67,852
199219760,49.51,814,4.67,852
199568500,49.45,815,4.67,852
199917656,49.39,816,4.67,852
200267156,49.34,817,4.67,852
200617012,49.29,818,4.67,852
200967212,49.24,819,4.67,852
201317808,49.18,820,4.67,852
201668800,49.13,821,4.67,852
202020100,49.09,822,4.67,852
202371796,49.03,823,4.67,852
202723872,48.98,824,4.67,852
203076324,48.93,825,4.67,852
203429136,48.88,826,4.67,852
203782284,48.83,827,4.67,852
204135868,48.77,828,4.67,852
204489784,48.72,829,4.67,852
204844112,48.67,830,4.67,852
205198764,48.62,831,4.67,852
205553828,48.57,832,4.67,852
205909256,48.52,833,4.67,852
206265080,48.46,834,4.67,852
206621268,48.41,835,4.67,852
206977832,48.36,836,4.67,852
207334748,48.31,837,4.67,852
207692076,48.26,838,4.67,852
208049788,48.21,839,4.67,852
208407844,48.16,840,4.67,852
208766296,48.11,841,4.67,852
209125148,48.05,842,4.67,852
209484344,48.01,843,4.67,852
209843968,47.95,844,4.67,852
210203964,47.9,845,4.67,852
210564324,47.85,846,4.67,852
210925060,47.8,847,4.67,852
211286208,47.75,848,4.67,852
211647756,47.69,849,4.67,852
212009664,47.65,850,4.67,852
212371928,47.6,851,4.67,852
212734644,47.54,852,4.67,852
213097704,47.5,853,4.67,852
213461168,47.44,854,4.67,852
213825052,47.39,855,4.67,852
214189268,47.35,856,4.67,852
214553924,47.29,857,4.67,852
214918928,47.24,858,4.67,852
215284376,47.19,859,4.67,852
215650164,47.14,860,4.67,852
216016404,47.08,861,4.67,852
216383004,47.04,862,4.67,852
216749988,46.99,863,4.67,852
217117400,46.93,864,4.67,852
217485188,46.89,865,4.67,852
217853388,46.83,866,4.67,852
218221968,46.78,867,4.67,852
218590960,46.73,868,4.67,852
218960344,46.68,869,4.67,852
219330144,46.63,870,4.67,852
219700324,46.58,871,4.67,852
220070928,46.53,872,4.67,852
220441928,46.48,873,4.67,852
220813328,46.43,874,4.67,852
221185148,46.38,875,4.67,852
221557360,46.33,876,4.67,852
221929936,46.28,877,4.67,852
222302976,46.23,878,4.67,852
222676376,46.18,879,4.67,852
223050184,46.13,880,4.67,852
223424444,46.07,881,4.67,852
223799068,46.03,882,4.67,852
224174088,45.98,883,4.67,852
224549568,45.93,884,4.67,852
224925420,45.88,885,4.67,852
225301672,45.83,886,4.67,852
225678352,45.78,887,4.67,852
226055444,45.73,888,4.67,852
226432932,45.68,889,4.67,852
226810828,45.63,890,4.67,852
227189140,45.58,891,4.67,852
227567876,45.53,892,4.67,852
227947032,45.48,893,4.67,852
228326604,45.43,894,4.67,852
228706588,45.38,895,4.67,852
229086940,45.34,896,4.67,852
229467760,45.28,897,4.67,852
229848980,45.23,898,4.67,852
230230632,45.18,899,4.67,852
230612660,45.14,900,4.67,852
230995132,45.09,901,4.67,852
231378040,45.03,902,4.67,852
231761340,44.99,903,4.67,852
232145080,44.94,904,4.67,852
232529232,44.89,905,4.67,852
232913808,44.84,906,4.67,852
233298840,44.79,907,4.67,852
233684240,44.74,908,4.67,852
234070068,44.69,909,4.67,852
234456344,44.64,910,4.67,852
234843032,44.59,911,4.67,852
235230204,44.54,912,4.67,852
235617700,44.5,913,4.67,852
236005696,44.44,914,4.67,852
236394096,44.4,915,4.67,852
236782936,44.35,916,4.67,852
237172188,44.3,917,4.67,852
237561884,44.25,918,4.67,852
237951988,44.2,919,4.67,852
238342576,44.15,920,4.67,852
238733564,44.1,921,4.67,852
239124968,44.06,922,4.67,852
239516824,44.01,923,4.67,852
239909148,43.95,924,4.67,852
240301864,43.91,925,4.67,852
240695044,43.86,926,4.67,852
241088656,43.81,927,4.67,852
241482704,43.76,928,4.67,852
241877180,43.71,929,4.67,852
242272104,43.66,930,4.67,852
242667460,43.62,931,4.67,852
243063268,43.57,932,4.67,852
243459500,43.52,933,4.67,852
243856200,43.47,934,4.67,852
244253332,43.42,935,4.67,852
244650860,43.38,936,4.67,852
245048900,43.32,937,4.67,852
245447364,43.28,938,4.67,852
245846276,43.23,939,4.67,852
246245612,43.18,940,4.67,852
246645436,43.13,941,4.67,852
247045688,43.08,942,4.67,852
247446404,43.03,943,4.67,852
247847532,42.99,944,4.67,852
248249144,42.94,945,4.67,852
248651172,42.89,946,4.67,852
249053648,42.84,947,4.67,852
249456648,42.79,948,4.67,852
249860068,42.74,949,4.67,852
250263904,42.7,950,4.67,852
250668200,42.65,951,4.67,852
251072976,42.6,952,4.67,852
251478248,42.55,953,4.67,852
251883928,42.51,954,4.67,852
252290080,42.46,955,4.67,852
252696660,42.41,956,4.67,852
253103756,42.36,957,4.67,852
253511248,42.32,958,4.67,852
253919264,42.26,959,4.67,852
254327704,42.22,960,4.67,852
254736572,42.17,961,4.67,852
255145956,42.12,962,4.67,852
255555820,42.07,963,4.67,852
255966124,42.03,964,4.67,852
256376896,41.98,965,4.67,852
256788104,41.93,966,4.67,852
257199828,41.88,967,4.67,852
257611980,41.84,968,4.67,852
258024612,41.79,969,4.67,852
258437692,41.74,970,4.67,852
258851324,41.69,971,4.67,852
259265368,41.65,972,4.67,852
259679888,41.6,973,4.67,852
260094864,41.55,974,4.67,852
260510360,41.5,975,4.67,852
260926292,41.46,976,4.67,852
261342704,41.41,977,4.67,852
261759616,41.36,978,4.67,852
262176992,41.32,979,4.67,852
262594844,41.27,980,4.67,852
263013168,41.22,981,4.67,852
263432020,41.17,982,4.67,852
263851304,41.13,983,4.67,852
264271084,41.08,984,4.67,852
264691396,41.03,985,4.67,852
265112124,40.99,986,4.67,852
265533316,40.94,987,4.67,852
265955056,40.89,988,4.67,852
266377252,40.84,989,4.67,852
266799968,40.79,990,4.67,852
267223128,40.75,991,4.67,852
267646780,40.7,992,4.67,852
268070948,40.65,993,4.67,852
268495628,40.6,994,4.67,852
268920760,40.56,995,4.67,852
269346412,40.51,996,4.67,852
269772532,40.47,997,4.67,852
270199144,40.42,998,4.67,852
270626304,40.37,999,4.67,852
271053880,40.33,1000,4.67,852
271482012,40.28,1001,4.67,852
271910616,40.23,1002,4.67,852
272339724,40.19,1003,4.67,852
272769344,40.14,1004,4.67,852
273199464,40.09,1005,4.67,852
273630024,40.05,1006,4.67,852
274061180,39.99,1007,4.67,852
274492808,39.95,1008,4.67,852
274924928,39.91,1009,4.67,852
275357544,39.86,1010,4.67,852
275790692,39.81,1011,4.67,852
276224312,39.77,1012,4.67,852
276658452,39.72,1013,4.67,852
277093104,39.67,1014,4.67,852
277528284,39.62,1015,4.67,852
277963928,39.58,1016,4.67,852
278400164,39.53,1017,4.67,852
278836860,39.49,1018,4.67,852
279274052,39.44,1019,4.67,852
279711772,39.4,1020,4.67,852
280150012,39.35,1021,4.67,852
280588800,39.3,1022,4.67,852
281028032,39.26,1023,4.67,852
281467848,39.21,1024,4.67,852
281908168,39.16,1025,4.67,852
282348956,39.12,1026,4.67,852
282790348,39.07,1027,4.67,852
283232232,39.02,1028,4.67,852
283674640,38.98,1029,4.67,852
284117572,38.93,1030,4.67,852
284561004,38.89,1031,4.67,852
285005000,38.84,1032,4.67,852
285449484,38.8,1033,4.67,852
285894540,38.75,1034,4.67,852
286340080,38.7,1035,4.67,852
286786192,38.65,1036,4.67,852
287232812,38.61,1037,4.67,852
287679996,38.56,1038,4.67,852
288127700,38.52,1039,4.67,852
288575884,38.48,1040,4.67,852
289024688,38.42,1041,4.67,852
289473976,38.38,1042,4.67,852
289923860,38.33,1043,4.67,852
290374204,38.29,1044,4.67,852
290825128,38.24,1045,4.67,852
291276572,38.2,1046,4.67,852
291728580,38.15,1047,4.67,852
292181156,38.1,1048,4.67,852
292634224,38.06,1049,4.67,852
293087900,38.01,1050,4.67,852
293542072,37.97,1051,4.67,852
293996820,37.92,1052,4.67,852
294452132,37.87,1053,4.67,852
294907940,37.83,1054,4.67,852
295364336,37.78,1055,4.67,852
295821284,37.74,1056,4.67,852
296278812,37.69,1057,4.67,852
296736872,37.65,1058,4.67,852
297195500,37.6,1059,4.67,852
297654640,37.56,1060,4.67,852
298114364,37.51,1061,4.67,852
298574684,37.46,1062,4.67,852
299035532,37.42,1063,4.67,852
299496912,37.37,1064,4.67,852
299958872,37.33,1065,4.67,852
300421424,37.28,1066,4.67,852
300884540,37.23,1067,4.67,852
301348200,37.19,1068,4.67,852
301812396,37.15,1069,4.67,852
302277212,37.1,1070,4.67,852
302742556,37.06,1071,4.67,852
303208500,37.01,1072,4.67,852
303675044,36.96,1073,4.67,852
304142064,36.92,1074,4.67,852
304609760,36.87,1075,4.67,852
305077988,36.83,1076,4.67,852
305546772,36.78,1077,4.67,852
306016136,36.74,1078,4.67,852
306486100,36.69,1079,4.67,852
306956672,36.64,1080,4.67,852
307427780,36.6,1081,4.67,852
307899488,36.56,1082,4.67,852
308371736,36.51,1083,4.67,852
308844636,36.46,1084,4.67,852
309318092,36.42,1085,4.67,852
309792096,36.38,1086,4.67,852
310266752,36.33,1087,4.67,852
310741980,36.29,1088,4.67,852
311217804,36.24,1089,4.67,852
311694156,36.2,1090,4.67,852
312171144,36.15,1091,4.67,852
312648716,36.11,1092,4.67,852
313126904,36.06,1093,4.67,852
313605676,36.02,1094,4.67,852
314085016,35.97,1095,4.67,852
314564988,35.93,1096,4.67,852
315045552,35.88,1097,4.67,852
315526728,35.84,1098,4.67,852
316008516,35.79,1099,4.67,852
316490876,35.75,1100,4.67,852
316973832,35.71,1101,4.67,852
317457408,35.66,1102,4.67,852
317941604,35.61,1103,4.67,852
318426436,35.57,1104,4.67,852
318911812,35.53,1105,4.67,852
319397824,35.48,1106,4.67,852
319884424,35.44,1107,4.67,852
320371672,35.39,1108,4.67,852
320859540,35.35,1109,4.67,852
321348016,35.3,1110,4.67,852
321837120,35.26,1111,4.67,852
322326832,35.21,1112,4.67,852
322817160,35.17,1113,4.67,852
323308136,35.12,1114,4.67,852
323799680,35.08,1115,4.67,852
324291896,35.03,1116,4.67,852
324784720,34.99,1117,4.67,852
325278148,34.95,1118,4.67,852
325772248,34.9,1119,4.67,852
326266984,34.85,1120,4.67,852
326762304,34.81,1121,4.67,852
327258292,34.77,1122,4.67,852
327754880,34.72,1123,4.67,852
328252152,34.68,1124,4.67,852
328750024,34.64,1125,4.67,852
329248580,34.59,1126,4.67,852
329747708,34.55,1127,4.67,852
330247532,34.5,1128,4.67,852
330747948,34.46,1129,4.67,852
331249048,34.41,1130,4.67,852
331750836,34.37,1131,4.67,852
332253172,34.33,1132,4.67,852
332756256,34.28,1133,4.67,852
333259920,34.24,1134,4.67,852
333764248,34.19,1135,4.67,852
334269244,34.15,1136,4.67,852
334774884,34.1,1137,4.67,852
335281200,34.06,1138,4.67,852
335788128,34.02,1139,4.67,852
336295760,33.97,1140,4.67,852
336804032,33.93,1141,4.67,852
337312984,33.88,1142,4.67,852
337822580,33.84,1143,4.67,852
338332840,33.79,1144,4.67,852
338843768,33.75,1145,4.67,852
339355324,33.71,1146,4.67,852
339867600,33.66,1147,4.67,852
340380516,33.62,1148,4.67,852
340894136,33.57,1149,4.67,852
341408424,33.53,1150,4.67,852
341923344,33.49,1151,4.67,852
342439012,33.44,1152,4.67,852
342955280,33.4,1153,4.67,852
343472280,33.35,1154,4.67,852
343989932,33.31,1155,4.67,852
344508300,33.27,1156,4.67,852
345027280,33.23,1157,4.67,852
345547020,33.18,1158,4.67,852
346067436,33.14,1159,4.67,852
346588504,33.09,1160,4.67,852
347110252,33.05,1161,4.67,852
347632720,33,1162,4.67,852
348155892,32.96,1163,4.67,852
348679736,32.92,1164,4.67,852
349204216,32.88,1165,4.67,852
349729536,32.83,1166,4.67,852
350255472,32.79,1167,4.67,852
350782104,32.74,1168,4.67,852
351309448,32.7,1169,4.67,852
351837532,32.65,1170,4.67,852
352366216,32.62,1171,4.67,852
352895704,32.57,1172,4.67,852
353425876,32.53,1173,4.67,852
353956736,32.48,1174,4.67,852
354488360,32.44,1175,4.67,852
355020680,32.39,1176,4.67,852
355553692,32.35,1177,4.67,852
356087424,32.31,1178,4.67,852
356621860,32.27,1179,4.67,852
357157060,32.22,1180,4.67,852
357692956,32.18,1181,4.67,852
358229592,32.13,1182,4.67,852
358766956,32.09,1183,4.67,852
359305004,32.05,1184,4.67,852
359843840,32,1185,4.67,852
360383372,31.96,1186,4.67,852
360923644,31.92,1187,4.67,852
361464636,31.87,1188,4.67,852
362006368,31.83,1189,4.67,852
362548852,31.79,1190,4.67,852
363092040,31.75,1191,4.67,852
363636004,31.7,1192,4.67,852
364180676,31.66,1193,4.67,852
364726072,31.62,1194,4.67,852
365272312,31.57,1195,4.67,852
365819280,31.53,1196,4.67,852
366366920,31.49,1197,4.67,852
366915320,31.44,1198,4.67,852
367464508,31.4,1199,4.67,852
368014440,31.36,1200,4.67,852
368565132,31.31,1201,4.67,852
369116520,31.27,1202,4.67,852
369668776,31.22,1203,4.67,852
370221724,31.19,1204,4.67,852
370775456,31.14,1205,4.67,852
371329940,31.1,1206,4.67,852
371885216,31.05,1207,4.67,852
372441292,31.01,1208,4.67,852
372998056,30.97,1209,4.67,852
373555636,30.93,1210,4.67,852
374113976,30.88,1211,4.67,852
374673112,30.84,1212,4.67,852
375233056,30.8,1213,4.67,852
375793748,30.75,1214,4.67,852
376355184,30.71,1215,4.67,852
376917448,30.67,1216,4.67,852
377480520,30.62,1217,4.67,852
378044352,30.58,1218,4.67,852
378608948,30.54,1219,4.67,852
379174336,30.5,1220,4.67,852
379740556,30.45,1221,4.67,852
380307560,30.41,1222,4.67,852
380875356,30.37,1223,4.67,852
381443996,30.32,1224,4.67,852
382013416,30.28,1225,4.67,852
382583600,30.24,1226,4.67,852
383154624,30.2,1227,4.67,852
383726464,30.16,1228,4.67,852
384299104,30.11,1229,4.67,852
384872500,30.07,1230,4.67,852
385446776,30.03,1231,4.67,852
386021876,29.98,1232,4.67,852
386597776,29.94,1233,4.67,852
387174504,29.9,1234,4.67,852
387752040,29.86,1235,4.67,852
388330404,29.82,1236,4.67,852
388909592,29.77,1237,4.67,852
389489636,29.73,1238,4.67,852
390070452,29.69,1239,4.67,852
390652176,29.64,1240,4.67,852
391234728,29.6,1241,4.67,852
391818068,29.56,1242,4.67,852
392402224,29.52,1243,4.67,852
392987292,29.47,1244,4.67,852
393573136,29.43,1245,4.67,852
394159920,29.39,1246,4.67,852
394747540,29.35,1247,4.67,852
395335924,29.31,1248,4.67,852
395925192,29.26,1249,4.67,852
396515388,29.22,1250,4.67,852
397106380,29.18,1251,4.67,852
397698220,29.14,1252,4.67,852
398290988,29.09,1253,4.67,852
398884544,29.05,1254,4.67,852
399479040,29.01,1255,4.67,852
400074392,28.96,1256,4.67,852
400670592,28.92,1257,4.67,852
401267696,28.88,1258,4.67,852
401865668,28.84,1259,4.67,852
402464512,28.8,1260,4.67,852
403064244,28.75,1261,4.67,852
403664896,28.71,1262,4.67,852
404266356,28.67,1263,4.67,852
404868772,28.62,1264,4.67,852
405472028,28.58,1265,4.67,852
406076204,28.54,1266,4.67,852
406681308,28.5,1267,4.67,852
407287204,28.46,1268,4.67,852
407894048,28.42,1269,4.67,852
408501844,28.37,1270,4.67,852
409110524,28.33,1271,4.67,852
409720152,28.29,1272,4.67,852
410330592,28.25,1273,4.67,852
410941984,28.2,1274,4.67,852
411554284,28.16,1275,4.67,852
412167496,28.12,1276,4.67,852
412781624,28.08,1277,4.67,852
413396696,28.04,1278,4.67,852
414012668,27.99,1279,4.67,852
414629628,27.95,1280,4.67,852
415247396,27.91,1281,4.67,852
415866192,27.87,1282,4.67,852
416485924,27.82,1283,4.67,852
417106616,27.78,1284,4.67,852
417728244,27.74,1285,4.67,852
418350804,27.7,1286,4.67,852
418974332,27.66,1287,4.67,852
419598764,27.62,1288,4.67,852
420224152,27.57,1289,4.67,852
420850504,27.53,1290,4.67,852
421477824,27.49,1291,4.67,852
422106076,27.45,1292,4.67,852
422735352,27.4,1293,4.67,852
423365540,27.36,1294,4.67,852
423996720,27.32,1295,4.67,852
424628864,27.28,1296,4.67,852
425261988,27.24,1297,4.67,852
425896088,27.19,1298,4.67,852
426531144,27.15,1299,4.67,852
427167208,27.11,1300,4.67,852
427804284,27.07,1301,4.67,852
428442264,27.03,1302,4.67,852
429081280,26.99,1303,4.67,852
429721328,26.94,1304,4.67,852
430362304,26.9,1305,4.67,852
431004360,26.86,1306,4.67,852
431647368,26.82,1307,4.67,852
432291380,26.78,1308,4.67,852
432936376,26.74,1309,4.67,852
433582456,26.69,1310,4.67,852
434229496,26.65,1311,4.67,852
434877564,26.61,1312,4.67,852
435526644,26.57,1313,4.67,852
436176764,26.52,1314,4.67,852
436827908,26.48,1315,4.67,852
437480080,26.44,1316,4.67,852
438133216,26.4,1317,4.67,852
438787460,26.36,1318,4.67,852
439442728,26.32,1319,4.67,852
440099088,26.27,1320,4.67,852
440756400,26.23,1321,4.67,852
441414804,26.19,1322,4.67,852
442074244,26.15,1323,4.67,852
442734764,26.11,1324,4.67,852
443396332,26.07,1325,4.67,852
444058940,26.02,1326,4.67,852
444722624,25.98,1327,4.67,852
445387384,25.94,1328,4.67,852
446053188,25.9,1329,4.67,852
446720072,25.86,1330,4.67,852
447388036,25.82,1331,4.67,852
448057060,25.77,1332,4.67,852
448727240,25.73,1333,4.67,852
449398452,25.69,1334,4.67,852
450070756,25.65,1335,4.67,852
450744132,25.61,1336,4.67,852
451418616,25.57,1337,4.67,852
452094208,25.52,1338,4.67,852
452770920,25.48,1339,4.67,852
453448744,25.44,1340,4.67,852
454127664,25.4,1341,4.67,852
454807648,25.36,1342,4.67,852
455488792,25.32,1343,4.67,852
456171136,25.27,1344,4.67,852
456854536,25.23,1345,4.67,852
457539048,25.19,1346,4.67,852
458224672,25.15,1347,4.67,852
458911424,25.11,1348,4.67,852
459599368,25.07,1349,4.67,852
460288368,25.03,1350,4.67,852
460978520,24.99,1351,4.67,852
461669932,24.94,1352,4.67,852
462362424,24.9,1353,4.67,852
463056056,24.86,1354,4.67,852
463750888,24.82,1355,4.67,852
464446888,24.78,1356,4.67,852
465144048,24.73,1357,4.67,852
465842336,24.69,1358,4.67,852
466541836,24.65,1359,4.67,852
467242564,24.61,1360,4.67,852
467944428,24.57,1361,4.67,852
468647476,24.53,1362,4.67,852
469351728,24.49,1363,4.67,852
470057228,24.44,1364,4.67,852
470763868,24.4,1365,4.67,852
471471768,24.36,1366,4.67,852
472180812,24.32,1367,4.67,852
472891132,24.28,1368,4.67,852
473602592,24.24,1369,4.67,852
474315356,24.19,1370,4.67,852
475029388,24.15,1371,4.67,852
475744572,24.11,1372,4.67,852
476461072,24.07,1373,4.67,852
477178744,24.03,1374,4.67,852
477897688,23.99,1375,4.67,852
478617848,23.94,1376,4.67,852
479339284,23.9,1377,4.67,852
480061960,23.86,1378,4.67,852
480785920,23.82,1379,4.67,852
481511140,23.78,1380,4.67,852
482237640,23.74,1381,4.67,852
482965408,23.69,1382,4.67,852
483694420,23.65,1383,4.67,852
484424760,23.61,1384,4.67,852
485156380,23.57,1385,4.67,852
485889304,23.53,1386,4.67,852
486623528,23.49,1387,4.67,852
487359088,23.44,1388,4.67,852
488095816,23.41,1389,4.67,852
488833984,23.36,1390,4.67,852
489573444,23.32,1391,4.67,852
490314148,23.28,1392,4.67,852
491056156,23.24,1393,4.67,852
491799580,23.2,1394,4.67,852
492544308,23.15,1395,4.67,852
493290332,23.11,1396,4.67,852
494037744,23.07,1397,4.67,852
494786488,23.03,1398,4.67,852
495536560,22.99,1399,4.67,852
496287988,22.95,1400,4.67,852
497040776,22.91,1401,4.67,852
497794952,22.86,1402,4.67,852
498550484,22.82,1403,4.67,852
499307404,22.78,1404,4.67,852
500065680,22.74,1405,4.67,852
500825384,22.7,1406,4.67,852
501586412,22.66,1407,4.67,852
502348848,22.62,1408,4.67,852
503112716,22.57,1409,4.67,852
503877964,22.53,1410,4.67,852
504644636,22.49,1411,4.67,852
505412648,22.45,1412,4.67,852
506182084,22.41,1413,4.67,852
506952992,22.37,1414,4.67,852
507725376,22.33,1415,4.67,852
508499080,22.29,1416,4.67,852
509274272,22.24,1417,4.67,852
510050916,22.2,1418,4.67,852
510829012,22.16,1419,4.67,852
511608496,22.12,1420,4.67,852
512389476,22.08,1421,4.67,852
513171960,22.04,1422,4.67,852
513955832,22,1423,4.67,852
514741224,21.96,1424,4.67,852
515528104,21.91,1425,4.67,852
516316468,21.87,1426,4.67,852
517106320,21.83,1427,4.67,852
517897680,21.79,1428,4.67,852
518690532,21.75,1429,4.67,852
519484880,21.71,1430,4.67,852
520280800,21.67,1431,4.67,852
521078216,21.62,1432,4.67,852
521877096,21.59,1433,4.67,852
522677588,21.54,1434,4.67,852
523479576,21.5,1435,4.67,852
524283152,21.46,1436,4.67,852
525088200,21.42,1437,4.67,852
525894936,21.38,1438,4.67,852
526703244,21.33,1439,4.67,852
527513044,21.29,1440,4.67,852
528324536,21.25,1441,4.67,852
529137576,21.21,1442,4.67,852
529952140,21.17,1443,4.67,852
530768400,21.13,1444,4.67,852
531586160,21.09,1445,4.67,852
532405716,21.04,1446,4.67,852
533226640,21.01,1447,4.67,852
534049340,20.96,1448,4.67,852
534873648,20.92,1449,4.67,852
535699516,20.88,1450,4.67,852
536527048,20.84,1451,4.67,852
537356244,20.8,1452,4.67,852
538187048,20.76,1453,4.67,852
539019472,20.72,1454,4.67,852
539853652,20.67,1455,4.67,852
540689408,20.63,1456,4.67,852
541526852,20.59,1457,4.67,852
542365940,20.55,1458,4.67,852
543206836,20.51,1459,4.67,852
544049336,20.47,1460,4.67,852
544893516,20.43,1461,4.67,852
545739500,20.38,1462,4.67,852
546587168,20.34,1463,4.67,852
547436536,20.3,1464,4.67,852
548287648,20.26,1465,4.67,852
549140428,20.22,1466,4.67,852
549994992,20.18,1467,4.67,852
550851336,20.14,1468,4.67,852
551709440,20.1,1469,4.67,852
552569264,20.06,1470,4.67,852
553430872,20.01,1471,4.67,852
554294352,19.97,1472,4.67,852
555159488,19.93,1473,4.67,852
556026452,19.89,1474,4.67,852
556895208,19.85,1475,4.67,852
557765840,19.81,1476,4.67,852
558638216,19.77,1477,4.67,852
559512460,19.72,1478,4.67,852
560388472,19.68,1479,4.67,852
561266372,19.64,1480,4.67,852
562146116,19.6,1481,4.67,852
563027792,19.56,1482,4.67,852
563911260,19.52,1483,4.67,852
564796564,19.48,1484,4.67,852
565683840,19.43,1485,4.67,852
566572952,19.39,1486,4.67,852
567464036,19.35,1487,4.67,852
568356988,19.31,1488,4.67,852
569251832,19.27,1489,4.67,852
570148664,19.23,1490,4.67,852
571047340,19.19,1491,4.67,852
571948064,19.14,1492,4.67,852
572850736,19.1,1493,4.67,852
573755280,19.06,1494,4.67,852
574661896,19.02,1495,4.67,852
575570444,18.98,1496,4.67,852
576481040,18.94,1497,4.67,852
577393620,18.9,1498,4.67,852
578308236,18.85,1499,4.67,852
579224784,18.81,1500,4.67,852
580143492,18.77,1501,4.67,852
581064196,18.73,1502,4.67,852
581986956,18.69,1503,4.67,852
582911752,18.65,1504,4.67,852
583838588,18.61,1505,4.67,852
584767548,18.56,1506,4.67,852
585698524,18.52,1507,4.67,852
586631572,18.48,1508,4.67,852
587566764,18.44,1509,4.67,852
588504032,18.4,1510,4.67,852
589443460,18.36,1511,4.67,852
590385028,18.31,1512,4.67,852
591328720,18.27,1513,4.67,852
592274644,18.23,1514,4.67,852
593222716,18.19,1515,4.67,852
594173012,18.15,1516,4.67,852
595125520,18.1,1517,4.67,852
596080068,18.07,1518,4.67,852
597036976,18.02,1519,4.67,852
597996128,17.98,1520,4.67,852
598957428,17.94,1521,4.67,852
599921012,17.9,1522,4.67,852
600886812,17.85,1523,4.67,852
601854876,17.81,1524,4.67,852
602825260,17.77,1525,4.67,852
603797892,17.73,1526,4.67,852
604772784,17.69,1527,4.67,852
605750060,17.64,1528,4.67,852
606729568,17.6,1529,4.67,852
607711496,17.56,1530,4.67,852
608695708,17.52,1531,4.67,852
609682344,17.48,1532,4.67,852
610671364,17.44,1533,4.67,852
611662752,17.39,1534,4.67,852
612656536,17.35,1535,4.67,852
613652736,17.31,1536,4.67,852
614651404,17.27,1537,4.67,852
615652376,17.23,1538,4.67,852
616655900,17.18,1539,4.67,852
617661868,17.14,1540,4.67,852
618670356,17.1,1541,4.67,852
619681200,17.06,1542,4.67,852
620694624,17.02,1543,4.67,852
621710584,16.97,1544,4.67,852
622728904,16.93,1545,4.67,852
623750016,16.89,1546,4.67,852
624773524,16.85,1547,4.67,852
625799588,16.81,1548,4.67,852
626828352,16.76,1549,4.67,852
627859636,16.72,1550,4.67,852
628893588,16.68,1551,4.67,852
629930160,16.64,1552,4.67,852
630969436,16.59,1553,4.67,852
632011300,16.55,1554,4.67,852
633055944,16.51,1555,4.67,852
634103192,16.47,1556,4.67,852
635153100,16.42,1557,4.67,852
636205744,16.38,1558,4.67,852
637261212,16.34,1559,4.67,852
638319320,16.3,1560,4.67,852
639380136,16.26,1561,4.67,852
640443840,16.21,1562,4.67,852
641510360,16.17,1563,4.67,852
642579644,16.13,1564,4.67,852
643651748,16.08,1565,4.67,852
644726816,16.04,1566,4.67,852
645804684,16,1567,4.67,852
646885528,15.95,1568,4.67,852
647969280,15.91,1569,4.67,852
649055900,15.87,1570,4.67,852
650145464,15.83,1571,4.67,852
651237936,15.78,1572,4.67,852
652333496,15.74,1573,4.67,852
653431888,15.7,1574,4.67,852
654533400,15.65,1575,4.67,852
655637976,15.61,1576,4.67,852
656745504,15.57,1577,4.67,852
657856092,15.53,1578,4.67,852
658969828,15.48,1579,4.67,852
660086660,15.44,1580,4.67,852
661206652,15.4,1581,4.67,852
662329764,15.35,1582,4.67,852
663456184,15.31,1583,4.67,852
664585840,15.26,1584,4.67,852
665718712,15.22,1585,4.67,852
666854816,15.18,1586,4.67,852
667994184,15.13,1587,4.67,852
669136816,15.09,1588,4.67,852
670282776,15.05,1589,4.67,852
671432108,15,1590,4.67,852
672584792,14.96,1591,4.67,852
673740808,14.92,1592,4.67,852
674900220,14.87,1593,4.67,852
676063100,14.83,1594,4.67,852
677229420,14.78,1595,4.67,852
678399148,14.74,1596,4.67,852
679572448,14.7,1597,4.67,852
680749196,14.65,1598,4.67,852
681929432,14.61,1599,4.67,852
683113332,14.57,1600,4.67,852
684300804,14.52,1601,4.67,852
685491880,14.48,1602,4.67,852
686686732,14.43,1603,4.67,852
687885108,14.39,1604,4.67,852
689087312,14.34,1605,4.67,852
690293144,14.3,1606,4.67,852
691502828,14.25,1607,4.67,852
692716352,14.21,1608,4.67,852
693933612,14.17,1609,4.67,852
695154756,14.12,1610,4.67,852
696379836,14.08,1611,4.67,852
697608784,14.03,1612,4.67,852
698841660,13.99,1613,4.67,852
700078544,13.94,1614,4.67,852
701319388,13.9,1615,4.67,852
702564220,13.85,1616,4.67,852
703813196,13.81,1617,4.67,852
705066180,13.76,1618,4.67,852
706323308,13.72,1619,4.67,852
707584692,13.67,1620,4.67,852
708850120,13.63,1621,4.67,852
710119848,13.58,1622,4.67,852
711393744,13.54,1623,4.67,852
712672080,13.49,1624,4.67,852
713954736,13.44,1625,4.67,852
715241740,13.4,1626,4.67,852
716533208,13.35,1627,4.67,852
717829064,13.31,1628,4.67,852
719129400,13.26,1629,4.67,852
720434308,13.21,1630,4.67,852
721743716,13.17,1631,4.67,852
723057852,13.12,1632,4.67,852
724376456,13.08,1633,4.67,852
725699880,13.03,1634,4.67,852
727028044,12.98,1635,4.67,852
728360932,12.94,1636,4.67,852
729698768,12.89,1637,4.67,852
731041548,12.84,1638,4.67,852
732389144,12.8,1639,4.67,852
733741736,12.75,1640,4.67,852
735099396,12.7,1641,4.67,852
736462036,12.65,1642,4.67,852
737829916,12.61,1643,4.67,852
739202888,12.56,1644,4.67,852
740581036,12.51,1645,4.67,852
741964404,12.47,1646,4.67,852
743353216,12.42,1647,4.67,852
744747224,12.37,1648,4.67,852
746146632,12.32,1649,4.67,852
747551660,12.27,1650,4.67,852
748962116,12.23,1651,4.67,852
750378052,12.18,1652,4.67,852
751799632,12.13,1653,4.67,852
753226932,12.08,1654,4.67,852
754659900,12.03,1655,4.67,852
756098708,11.98,1656,4.67,852
757543344,11.94,1657,4.67,852
758993896,11.89,1658,4.67,852
760450416,11.84,1659,4.67,852
761913036,11.79,1660,4.67,852
763381728,11.74,1661,4.67,852
764856616,11.69,1662,4.67,852
766337620,11.64,1663,4.67,852
767825060,11.59,1664,4.67,852
769318772,11.54,1665,4.67,852
770818992,11.49,1666,4.67,852
772325728,11.44,1667,4.67,852
773838976,11.4,1668,4.67,852
775358992,11.34,1669,4.67,852
776885652,11.3,1670,4.67,852
778419116,11.25,1671,4.67,852
779959516,11.19,1672,4.67,852
781506944,11.14,1673,4.67,852
783061336,11.09,1674,4.67,852
784622900,11.04,1675,4.67,852
786191660,10.99,1676,4.67,852
787767760,10.94,1677,4.67,852
789351344,10.89,1678,4.67,852
790942376,10.84,1679,4.67,852
792541092,10.79,1680,4.67,852
794147708,10.73,1681,4.67,852
795761824,10.68,1682,4.67,852
797384052,10.63,1683,4.67,852
799014040,10.58,1684,4.67,852
800652296,10.53,1685,4.67,852
802298796,10.47,1686,4.67,852
803953612,10.42,1687,4.67,852
805616688,10.37,1688,4.67,852
807288540,10.31,1689,4.67,852
808968800,10.26,1690,4.67,852
810658076,10.21,1691,4.67,852
812355992,10.16,1692,4.67,852
814063224,10.1,1693,4.67,852
815779632,10.05,1694,4.67,852
817505196,9.99,1695,4.67,852
819240300,9.94,1696,4.67,852
820984776,9.88,1697,4.67,852
822738924,9.83,1698,4.67,852
824503164,9.77,1699,4.67,852
826277348,9.72,1700,4.67,852
828061676,9.66,1701,4.67,852
829856288,9.61,1702,4.67,852
831661444,9.55,1703,4.67,852
833477180,9.5,1704,4.67,852
835303584,9.44,1705,4.67,852
837140904,9.39,1706,4.67,852
838989208,9.33,1707,4.67,852
840848992,9.27,1708,4.67,852
842720052,9.22,1709,4.67,852
844602640,9.16,1710,4.67,852
846497052,9.1,1711,4.67,852
848403588,9.04,1712,4.67,852
850322180,8.99,1713,4.67,852
852253200,8.93,1714,4.67,852
854197016,8.87,1715,4.67,852
856153584,8.81,1716,4.67,852
858123332,8.75,1717,4.67,852
860106480,8.7,1718,4.67,852
862103056,8.64,1719,4.67,852
864113368,8.58,1720,4.67,852
866137872,8.52,1721,4.67,852
868176660,8.46,1722,4.67,852
870230268,8.4,1723,4.67,852
872298552,8.34,1724,4.67,852
874382272,8.28,1725,4.67,852
876481552,8.21,1726,4.67,852
878596672,8.15,1727,4.67,852
880727944,8.09,1728,4.67,852
882875744,8.03,1729,4.67,852
885040680,7.97,1730,4.67,852
887222592,7.9,1731,4.67,852
889422300,7.84,1732,4.67,852
891640052,7.78,1733,4.67,852
893876152,7.71,1734,4.67,852
896131332,7.65,1735,4.67,852
898406000,7.58,1736,4.67,852
900700388,7.52,1737,4.67,852
903014980,7.45,1738,4.67,852
905350664,7.38,1739,4.67,852
907707712,7.32,1740,4.67,852
910086748,7.25,1741,4.67,852
912488424,7.18,1742,4.67,852
914913020,7.11,1743,4.67,852
917361636,7.04,1744,4.67,852
919834464,6.97,1745,4.67,852
922332352,6.9,1746,4.67,852
924855980,6.83,1747,4.67,852
927405960,6.76,1748,4.67,852
929983280,6.69,1749,4.67,852
932588432,6.62,1750,4.67,852
935222672,6.55,1751,4.67,852
937886580,6.47,1752,4.67,852
940581212,6.4,1753,4.67,852
943307616,6.32,1754,4.67,852
946066888,6.25,1755,4.67,852
948860028,6.17,1756,4.67,852
951688352,6.1,1757,4.67,852
954553388,6.02,1758,4.67,852
957456072,5.94,1759,4.67,852
960397960,5.86,1760,4.67,852
963380712,5.78,1761,4.67,852
966405756,5.7,1762,4.67,852
969474956,5.62,1763,4.67,852
972590616,5.53,1764,4.67,852
975754132,5.45,1765,4.67,852
978968320,5.36,1766,4.67,852
982234968,5.28,1767,4.67,852
985556728,5.19,1768,4.67,852
988936380,5.1,1769,4.67,852
992377160,5.01,1770,4.67,852
995882592,4.92,1771,4.67,852
999455776,4.83,1772,4.67,852
1003100428,4.73,1773,4.67,852
1006821584,4.63,1774,4.67,852
1010622448,4.54,1775,4.67,852
1014508676,4.44,1776,4.67,852
1018485920,4.34,1777,4.67,852
1022560700,4.23,1778,4.67,852
1026740408,4.13,1779,4.67,852
1031032788,4.02,1780,4.67,852
1035447108,3.91,1781,4.67,852
1039994200,3.79,1782,4.67,852
1044686008,3.68,1783,4.67,852
1049536752,3.55,1784,4.67,852
1054563312,3.43,1785,4.67,852
1059784684,3.3,1786,4.67,852
1065225252,3.17,1787,4.67,852
1070914528,3.03,1788,4.67,852
1076889088,2.89,1789,4.67,852
1083195700,2.73,1790,4.67,852
1089895772,2.57,1791,4.67,852
1097069888,2.4,1792,4.67,852
1104834188,2.22,1793,4.67,852
1113361588,2.02,1794,4.67,852
1122931892,1.8,1795,4.67,852
1134052472,1.55,1796,4.67,852
1147889516,1.25,1797,4.67,852
1168776356,0.83,1798,4.67,852
