482947384,49.63,2072,99.31,2869
483017976,49.63,2072,99.04,2870
483084984,99.28,2072,99.04,2871
483088392,99.28,2073,99.28,2871
483158984,99.28,2073,99.04,2872
483229368,99.28,2073,99.33,2873
483258536,99.36,2073,99.33,2874
483299784,99.36,2074,99.28,2874
483370392,99.36,2074,99.01,2875
483432248,99.27,2074,99.01,2876
483440808,99.27,2075,99.28,2876
483511176,99.27,2075,99.35,2877
483581784,99.27,2075,99.01,2878
483606024,99.23,2075,99.01,2879
483652200,99.23,2076,99.28,2879
483722584,99.23,2076,99.33,2880
483779736,99.27,2076,99.33,2881
483793208,99.27,2077,98.99,2881
483863592,99.27,2077,99.33,2882
483933960,99.27,2077,99.35,2883
483953272,99.37,2077,99.35,2884
484004616,99.37,2078,98.95,2884
484075000,99.37,2078,99.33,2885
484127000,99.26,2078,99.33,2886
484145400,99.26,2079,99.31,2886
484216008,99.26,2079,99.01,2887
484286376,99.26,2079,99.35,2888
484300760,99.24,2079,99.35,2889
484356808,99.24,2080,99.26,2889
484427416,99.24,2080,99.01,2890
484474280,99.38,2080,99.01,2891
484497832,99.38,2081,99.28,2891
484568200,99.38,2081,99.35,2892
484638792,99.38,2081,99.04,2893
484648008,99.26,2081,99.04,2894
484709192,99.26,2082,99.31,2894
484779576,99.26,2082,99.33,2895
484821736,99.26,2082,99.33,2896
484850008,99.26,2083,99.26,2896
484920616,99.26,2083,99.01,2897
484990984,99.26,2083,99.35,2898
484995272,99.37,2083,99.35,2899
485061384,99.37,2084,99.31,2899
485131992,99.37,2084,99.01,2900
485169000,99.26,2084,99.01,2901
485202424,99.26,2085,99.26,2901
485272792,99.26,2085,99.35,2902
485342728,99.26,2085,99.35,2903
485344552,99.26,2086,9.15,2903
485413864,99.26,2086,99.25,2904
485484296,99.26,2086,99.26,2905
485516376,99.3,2086,99.26,2906
485554712,99.3,2087,99.28,2906
485625096,99.3,2087,99.33,2907
485690088,99.27,2087,99.33,2908
485695504,99.27,2088,99.3,2908
485766104,99.27,2088,99.03,2909
485836488,99.27,2088,99.33,2910
485863640,99.36,2088,99.33,2911
485906904,99.36,2089,99.28,2911
485977512,99.36,2089,99.01,2912
486037368,99.26,2089,99.01,2913
486047944,99.26,2090,99.26,2913
486118328,99.26,2090,99.33,2914
486188712,99.26,2090,99.33,2915
486210936,99.35,2090,99.33,2916
486259128,99.35,2091,99.28,2916
486329736,99.35,2091,99.01,2917
486384664,99.26,2091,99.01,2918
486400168,99.26,2092,99.26,2918
486470536,99.26,2092,99.35,2919
486541144,99.26,2092,99.01,2920
486558216,99.36,2092,99.01,2921
486611560,99.36,2093,99.28,2921
486681944,99.36,2093,99.33,2922
486731928,99.27,2093,99.33,2923
486752344,99.27,2094,99.31,2923
486822936,99.27,2094,99.04,2924
486893320,99.27,2094,99.33,2925
486905688,99.24,2094,99.33,2926
486963752,99.24,2095,99.26,2926
487034120,99.24,2095,99.35,2927
487079192,99.39,2095,99.35,2928
487104760,99.39,2096,98.97,2928
487175128,99.39,2096,99.35,2929
487245512,99.39,2096,99.33,2930
487252952,99.24,2096,99.33,2931
487315944,99.24,2097,99.26,2931
487386552,99.24,2097,99.01,2932
487426456,99.39,2097,99.01,2933
487456952,99.39,2098,99.31,2933
487527320,99.39,2098,99.35,2934
487597928,99.39,2098,99.01,2935
487600200,99.25,2098,99.01,2936
487668168,99.25,2099,99.53,2936
487738760,99.25,2099,99.04,2937
487773736,99.37,2099,99.04,2938
487809160,99.37,2100,99.31,2938
487879528,99.37,2100,99.35,2939
487947448,99.27,2100,99.35,2940
487950168,99.27,2101,98.97,2940
488020600,99.27,2101,99.26,2941
488090984,99.27,2101,99.33,2942
488121048,99.33,2101,99.33,2943
488161416,99.33,2102,99.26,2943
488231784,99.33,2102,99.35,2944
488294776,99.26,2102,99.35,2945
488302200,99.26,2103,99.28,2945
488372808,99.26,2103,99.01,2946
488443176,99.26,2103,99.35,2947
488468312,99.37,2103,99.35,2948
488513608,99.37,2104,99.26,2948
488584200,99.37,2104,99.04,2949
488642024,99.27,2104,99.04,2950
488654600,99.27,2105,99.31,2950
488724984,99.27,2105,99.33,2951
488795352,99.27,2105,99.35,2952
488815560,99.37,2105,99.35,2953
488865784,99.37,2106,99.26,2953
488936392,99.37,2106,99.01,2954
488989304,99.25,2106,99.01,2955
489006824,99.25,2107,99.26,2955
489077208,99.25,2107,99.33,2956
489147576,99.25,2107,99.35,2957
489162840,99.37,2107,99.35,2958
489217976,99.37,2108,99.31,2958
489288584,99.37,2108,99.01,2959
489336568,99.26,2108,99.01,2960
489359016,99.26,2109,99.26,2960
489429400,99.26,2109,99.33,2961
489499784,99.26,2109,99.33,2962
489510136,99.35,2109,99.33,2963
489570200,99.35,2110,99.28,2963
489640808,99.35,2110,99.01,2964
489683640,99.39,2110,99.01,2965
489711240,99.39,2111,99.26,2965
489781624,99.39,2111,99.33,2966
489851992,99.39,2111,99.35,2967
489857408,99.24,2111,99.35,2968
489922408,99.24,2112,99.28,2968
489993016,99.24,2112,99.01,2969
490030920,99.38,2112,99.01,2970
490063448,99.38,2113,99.26,2970
490133832,99.38,2113,99.33,2971
490204216,99.38,2113,99.33,2972
490206040,98.47,2113,99.33,2973
490274680,98.47,2114,99.22,2973
490345064,98.47,2114,99.33,2974
490378264,100.13,2114,99.33,2975
490415544,100.13,2115,99.19,2975
490485976,100.13,2115,99.26,2976
490551704,99.42,2115,99.26,2977
490556440,99.42,2116,99.22,2977
490626824,99.42,2116,99.33,2978
490697432,99.42,2116,99.01,2979
490725480,99.23,2116,99.01,2980
490767848,99.23,2117,99.28,2980
490838232,99.23,2117,99.33,2981
490898984,99.39,2117,99.33,2982
490908648,99.39,2118,99.28,2982
490979032,99.39,2118,99.33,2983
491049416,99.39,2118,99.33,2984
491072536,99.36,2118,99.33,2985
491119848,99.36,2119,99.26,2985
491190456,99.36,2119,99.01,2986
491246280,99.25,2119,99.01,2987
491260888,99.25,2120,99.26,2987
491331272,99.25,2120,99.33,2988
491401656,99.25,2120,99.33,2989
491419848,99.35,2120,99.33,2990
491472072,99.35,2121,99.28,2990
491542680,99.35,2121,99.01,2991
491593336,99.4,2121,99.01,2992
491613096,99.4,2122,99.28,2992
491683480,99.4,2122,99.33,2993
491753864,99.4,2122,99.33,2994
491767112,99.23,2122,99.33,2995
491824264,99.23,2123,99.31,2995
491894632,99.23,2123,99.35,2996
491940600,99.4,2123,99.35,2997
491965064,99.4,2124,99.26,2997
492035672,99.4,2124,99.01,2998
492106040,99.4,2124,99.35,2999
492114360,99.24,2124,99.35,3000
492176440,99.24,2125,99.31,3000
492246808,99.24,2125,99.35,3001
492287848,99.4,2125,99.35,3002
492317240,99.4,2126,99.26,3002
492387848,99.4,2126,99.01,3003
492458216,99.4,2126,99.35,3004
492461384,99.37,2126,99.35,3005
492528616,99.37,2127,99.31,3005
492599000,99.37,2127,99.33,3006
492635112,99.26,2127,99.33,3007
492669432,99.26,2128,99.26,3007
492740040,99.26,2128,99.01,3008
492808616,99.39,2128,99.01,3009
492810432,99.39,2129,99.32,3009
492880872,99.39,2129,99.25,3010
492951256,99.39,2129,99.33,3011
492982216,99.33,2129,99.33,3012
493021688,99.33,2130,99.26,3012
493092056,99.33,2130,99.35,3013
493155928,99.27,2130,99.35,3014
493162488,99.27,2131,99.26,3014
493232872,99.27,2131,99.33,3015
493303256,99.27,2131,99.33,3016
493329496,99.35,2131,99.33,3017
493373880,99.35,2132,98.99,3017
493444264,99.35,2132,99.33,3018
493502984,99.4,2132,99.33,3019
493514680,99.4,2133,99.28,3019
493585064,99.4,2133,99.33,3020
493655448,99.4,2133,99.33,3021
493676536,99.36,2133,99.33,3022
493725864,99.36,2134,99.28,3022
493796456,99.36,2134,99.04,3023
493850248,99.27,2134,99.04,3024
493866872,99.27,2135,99.28,3024
493937256,99.27,2135,99.33,3025
494007640,99.27,2135,99.33,3026
494023800,99.36,2135,99.33,3027
494078040,99.36,2136,99.31,3027
494148424,99.36,2136,99.33,3028
494197304,99.39,2136,99.33,3029
494218872,99.39,2137,99.24,3029
494289256,99.39,2137,99.33,3030
494359864,99.39,2137,99.01,3031
494370872,99.35,2137,99.01,3032
494430264,99.35,2138,99.31,3032
494500632,99.35,2138,99.35,3033
494544584,99.27,2138,99.35,3034
494571064,99.27,2139,99.26,3034
494641432,99.27,2139,99.35,3035
494711800,99.27,2139,99.35,3036
494718120,99.37,2139,99.35,3037
494782216,99.37,2140,99.28,3037
494852824,99.37,2140,99.01,3038
494891624,99.39,2140,99.01,3039
494923032,99.39,2141,99.58,3039
494993624,99.39,2141,99.04,3040
495063992,99.39,2141,99.35,3041
495134376,99.39,2141,99.33,3042
495204760,99.39,2141,99.33,3043
495238856,49.66,2141,99.33,3044
495275192,49.66,2142,99.26,3044
495345800,49.66,2142,99.01,3045
495412376,99.38,2142,99.01,3046
495415992,99.38,2143,99.6,3046
495486600,99.38,2143,99.01,3047
495556984,99.38,2143,99.33,3048
495585928,99.36,2143,99.33,3049
495627416,99.36,2144,99.26,3049
495697784,99.36,2144,99.35,3050
495759432,99.39,2144,99.35,3051
495768200,99.39,2145,99.28,3051
495838584,99.39,2145,99.33,3052
495908968,99.39,2145,99.33,3053
495932984,99.36,2145,99.33,3054
495979400,99.36,2146,99.26,3054
496050008,99.36,2146,99.01,3055
496106728,99.25,2146,99.01,3056
496120424,99.25,2147,99.28,3056
496191032,99.25,2147,99.01,3057
496261624,99.25,2147,99.04,3058
496280696,99.12,2147,99.04,3059
496332248,99.12,2148,98.99,3059
496402856,99.12,2148,99.01,3060
496454856,99.01,2148,99.01,3061
496473704,99.01,2149,98.68,3061
496544536,99.01,2149,98.7,3062
496615368,99.01,2149,98.7,3063
496629528,98.72,2149,98.7,3064
496686248,98.72,2150,98.63,3064
496757064,98.72,2150,98.72,3065
496804360,98.63,2150,98.72,3066
496827944,98.63,2151,98.63,3066
496898984,98.63,2151,98.41,3067
496970040,98.63,2151,98.39,3068
496979480,98.47,2151,98.39,3069
497041336,98.47,2152,98.06,3069
497112392,98.47,2152,98.39,3070
497154760,98.38,2152,98.39,3071
497183704,98.38,2153,98.04,3071
497254984,98.38,2153,98.08,3072
497326248,98.38,2153,98.1,3073
497330536,98.1,2153,98.1,3074
497397560,98.1,2154,98.04,3074
497469064,98.1,2154,97.77,3075
497506520,97.99,2154,97.77,3076
497540376,97.99,2155,98.04,3076
497611880,97.99,2155,97.77,3077
497682696,97.88,2155,97.77,3078
497684512,97.88,2156,96.26,3078
497755176,97.88,2156,98.94,3079
497826664,97.88,2156,97.8,3080
497859192,97.7,2156,97.8,3081
497898440,97.7,2157,97.4,3081
497970168,97.7,2157,97.47,3082
498036072,97.49,2157,97.47,3083
498041944,97.49,2158,97.4,3083
498113896,97.49,2158,97.16,3084
498185624,97.49,2158,97.47,3085
498213208,97.35,2158,97.47,3086
498257592,97.35,2159,97.14,3086
498329768,97.35,2159,96.86,3087
498390728,97.14,2159,96.86,3088
498401752,97.14,2160,97.12,3088
498473720,97.14,2160,97.14,3089
498545896,97.14,2160,96.86,3090
498568552,96.97,2160,96.86,3091
498618104,96.97,2161,96.82,3091
498690280,96.97,2161,96.86,3092
498746536,96.89,2161,96.86,3093
498762696,96.89,2162,96.54,3093
498834872,96.89,2162,96.86,3094
498907256,96.89,2162,96.58,3095
498924984,96.63,2162,96.58,3096
498979672,96.63,2163,96.54,3096
499052296,96.63,2163,96.27,3097
499103640,96.52,2163,96.27,3098
499124744,96.52,2164,96.5,3098
499197368,96.52,2164,96.27,3099
499269992,96.52,2164,96.27,3100
499282584,96.37,2164,96.27,3101
499342664,96.37,2165,96.2,3101
499415496,96.37,2165,95.99,3102
499461672,96.29,2165,95.99,3103
499488136,96.29,2166,96.24,3103
499560968,96.29,2166,95.99,3104
499633800,96.29,2166,95.99,3105
499641232,96.03,2166,95.99,3106
499706904,96.03,2167,95.63,3106
499779752,96.03,2167,95.97,3107
499821224,95.8,2167,95.97,3108
499852856,95.8,2168,95.63,3108
499925912,95.8,2168,95.7,3109
499998984,95.8,2168,95.68,3110
500001248,95.79,2168,95.68,3111
500072136,95.79,2169,95.57,3111
500145432,95.79,2169,95.38,3112
500181752,95.53,2169,95.38,3113
500218760,95.53,2170,95.34,3113
500292056,95.53,2170,95.38,3114
500362648,95.33,2170,95.38,3115
500365368,95.33,2171,95.36,3115
500438936,95.33,2171,95.03,3116
500512232,95.33,2171,95.38,3117
500543624,95.28,2171,95.38,3118
500585768,95.28,2172,95.07,3118
500659496,95.28,2172,94.82,3119
500724936,95.11,2172,94.82,3120
500733032,95.11,2173,95.07,3120
500806776,95.11,2173,94.8,3121
500880504,95.11,2173,94.82,3122
500906744,94.85,2173,94.82,3123
500954280,94.85,2174,94.76,3123
501028008,94.85,2174,94.82,3124
501088744,94.75,2174,94.82,3125
501101992,94.75,2175,94.5,3125
501175960,94.75,2175,94.52,3126
501249928,94.75,2175,94.52,3127
501271032,94.6,2175,94.52,3128
501323928,94.6,2176,94.48,3128
501398120,94.6,2176,94.23,3129
501453720,94.39,2176,94.23,3130
501472136,94.39,2177,94.46,3130
501546328,94.39,2177,94.23,3131
501620744,94.39,2177,93.95,3132
501636680,94.25,2177,93.95,3133
501694952,94.25,2178,94.21,3133
501769384,94.25,2178,93.93,3134
501819816,94.16,2178,93.93,3135
501843592,94.16,2179,94.21,3135
501918232,94.16,2179,93.67,3136
501992648,94.16,2179,93.95,3137
502003432,93.91,2179,93.95,3138
502067320,93.91,2180,93.63,3138
502141720,93.91,2180,93.97,3139
502187240,93.82,2180,93.97,3140
502216392,93.82,2181,93.63,3140
502291256,93.82,2181,93.39,3141
502365896,93.82,2181,93.67,3142
502371544,93.56,2181,93.67,3143
502440792,93.56,2182,93.35,3143
502515656,93.56,2182,93.39,3144
502556024,93.47,2182,93.39,3145
502590552,93.47,2183,93.35,3145
502665640,93.47,2183,93.11,3146
502740488,93.47,2183,93.41,3147
502742312,92.57,2183,93.41,3148
502815656,92.57,2184,93.01,3148
502890744,92.57,2184,93.11,3149
502925960,93.9,2184,93.11,3150
502965880,93.9,2185,93.05,3150
503041192,93.9,2185,92.83,3151
503111560,92.91,2185,92.83,3152
503116528,92.91,2186,92.8,3152
503191832,92.91,2186,92.84,3153
503267144,92.91,2186,92.83,3154
503297432,92.77,2186,92.83,3155
503342712,92.77,2187,92.52,3155
503418248,92.77,2187,92.55,3156
503483480,92.69,2187,92.55,3157
503493816,92.69,2188,92.52,3157
503569336,92.69,2188,92.57,3158
503645096,92.69,2188,92.28,3159
503669784,92.56,2188,92.28,3160
503720680,92.56,2189,92.5,3160
503796440,92.56,2189,92.28,3161
503856744,92.23,2189,92.28,3162
503872248,92.23,2190,92.22,3162
503948232,92.23,2190,92.01,3163
504024216,92.23,2190,92.01,3164
504043736,92.22,2190,92.01,3165
504100216,92.22,2191,91.99,3165
504176184,92.22,2191,92.03,3166
504231096,92.04,2191,92.03,3167
504252184,92.04,2192,91.99,3167
504328392,92.04,2192,91.74,3168
504404584,92.04,2192,91.76,3169
504418968,91.79,2192,91.76,3170
504480840,91.79,2193,91.68,3170
504557032,91.79,2193,91.76,3171
504607016,91.7,2193,91.76,3172
504633480,91.7,2194,91.45,3172
504709896,91.7,2194,91.49,3173
504786328,91.7,2194,91.47,3174
504795320,91.58,2194,91.47,3175
504863000,91.58,2195,91.18,3175
504939416,91.58,2195,91.49,3176
504984040,91.37,2195,91.49,3177
505016104,91.37,2196,91.16,3177
505092760,91.37,2196,91.2,3178
505169640,91.37,2196,90.94,3179
505173264,91.13,2196,90.94,3180
505246328,91.13,2197,91.16,3180
505323208,91.13,2197,90.94,3181
505362680,91.04,2197,90.94,3182
505400120,91.04,2198,90.9,3182
505477000,91.04,2198,90.94,3183
505552312,90.93,2198,90.94,3184
505554128,90.93,2199,90.64,3184
505631064,90.93,2199,90.87,3185
505708376,90.93,2199,90.43,3186
505742472,90.68,2199,90.43,3187
505785512,90.68,2200,90.63,3187
505862824,90.68,2200,90.43,3188
505932760,90.62,2200,90.43,3189
505939976,90.62,2201,90.62,3189
506017288,90.62,2201,90.43,3190
506094824,90.62,2201,90.17,3191
506123528,90.39,2201,90.17,3192
506172168,90.39,2202,90.39,3192
506249720,90.39,2202,90.15,3193
506314712,90.2,2202,90.15,3194
506327304,90.2,2203,90.11,3194
506404840,90.2,2203,90.17,3195
506482616,90.2,2203,89.89,3196
506506184,90.06,2203,89.89,3197
506560440,90.06,2204,89.83,3197
506638216,90.06,2204,89.89,3198
506697848,89.97,2204,89.89,3199
506716024,89.97,2205,89.85,3199
506794024,89.97,2205,89.63,3200
506871784,89.97,2205,89.91,3201
506889976,89.75,2205,89.91,3202
506949832,89.75,2206,89.58,3202
507028040,89.75,2206,89.39,3203
507082280,89.67,2206,89.39,3204
507106056,89.67,2207,89.61,3204
507184280,89.67,2207,89.37,3205
507262488,89.67,2207,89.39,3206
507275288,89.34,2207,89.39,3207
507340968,89.34,2208,89.08,3207
507419176,89.34,2208,89.39,3208
507468264,89.36,2208,89.39,3209
507497640,89.36,2209,89.1,3209
507576072,89.36,2209,89.14,3210
507654744,89.36,2209,88.87,3211
507661720,89.14,2209,88.87,3212
507733208,89.14,2210,89.1,3212
507811880,89.14,2210,88.87,3213
507855592,88.95,2210,88.87,3214
507890584,88.95,2211,88.83,3214
507969256,88.95,2211,88.87,3215
508048152,88.95,2211,88.61,3216
508127048,88.95,2211,88.61,3217
508205944,88.95,2211,88.61,3218
508244296,44.36,2211,88.61,3219
508284872,44.36,2212,88.58,3219
508363992,44.36,2212,88.36,3220
508439304,88.43,2212,88.36,3221
508443152,88.43,2213,88.32,3221
508522264,88.43,2213,88.37,3222
508601384,88.43,2213,88.36,3223
508634344,88.41,2213,88.36,3224
508680744,88.41,2214,88.09,3224
508760072,88.41,2214,88.13,3225
508829992,88.14,2214,88.13,3226
508839432,88.14,2215,88.09,3226
508918984,88.14,2215,87.88,3227
508998552,88.14,2215,87.86,3228
509025928,88.01,2215,87.86,3229
509077944,88.01,2216,88.06,3229
509157720,88.01,2216,87.64,3230
509222264,87.83,2216,87.64,3231
509237304,87.83,2217,87.85,3231
509317080,87.83,2217,87.64,3232
509396872,87.83,2217,87.62,3233
509418872,87.71,2217,87.62,3234
509476696,87.71,2218,87.58,3234
509556712,87.71,2218,87.37,3235
509615896,87.52,2218,87.37,3236
509636776,87.52,2219,87.32,3236
509716792,87.52,2219,87.37,3237
509796808,87.52,2219,87.37,3238
509813208,87.39,2219,87.37,3239
509876856,87.39,2220,87.34,3239
509957096,87.39,2220,87.13,3240
510010904,87.22,2220,87.13,3241
510037400,87.22,2221,87.06,3241
510117848,87.22,2221,86.9,3242
510198088,87.22,2221,87.13,3243
510209096,87.01,2221,87.13,3244
510278568,87.01,2222,86.87,3244
510359256,87.01,2222,86.64,3245
510407464,86.93,2222,86.64,3246
510439768,86.93,2223,86.83,3246
510520456,86.93,2223,86.64,3247
510601144,86.93,2223,86.64,3248
510606344,86.71,2223,86.64,3249
510681864,86.71,2224,86.61,3249
510762552,86.71,2224,86.64,3250
510805384,86.64,2224,86.64,3251
510843496,86.64,2225,86.37,3251
510924408,86.64,2225,86.4,3252
511005096,86.34,2225,86.4,3253
511006912,86.34,2226,84.74,3253
511086536,86.34,2226,87.8,3254
511167672,86.34,2226,86.17,3255
511204904,86.3,2226,86.17,3256
511248840,86.3,2227,86.13,3256
511329960,86.3,2227,86.18,3257
511405272,86.06,2227,86.18,3258
511411352,86.06,2228,85.9,3258
511492696,86.06,2228,85.95,3259
511574056,86.06,2228,85.93,3260
511605912,85.94,2228,85.93,3261
511655672,85.94,2229,85.66,3261
511737256,85.94,2229,85.69,3262
511806968,85.77,2229,85.69,3263
511818872,85.77,2230,85.66,3263
511900456,85.77,2230,85.69,3264
511982264,85.77,2230,85.46,3265
512008296,85.65,2230,85.46,3266
512063880,85.65,2231,85.66,3266
512145896,85.65,2231,85.24,3267
512209992,85.49,2231,85.24,3268
512227720,85.49,2232,85.44,3268
512309736,85.49,2232,85.24,3269
512391752,85.49,2232,85.24,3270
512412168,85.29,2232,85.24,3271
512473800,85.29,2233,85.21,3271
512556056,85.29,2233,84.99,3272
512614792,85.1,2233,84.99,3273
512638344,85.1,2234,84.96,3273
512720584,85.1,2234,85.01,3274
512802840,85.1,2234,84.99,3275
512817672,85,2234,84.99,3276
512885352,85,2235,84.73,3276
512967832,85,2235,84.76,3277
513020952,84.83,2235,84.76,3278
513050344,84.83,2236,84.73,3278
513132824,84.83,2236,84.76,3279
513215512,84.83,2236,84.55,3280
513224520,84.71,2236,84.55,3281
513298264,84.71,2237,84.48,3281
513380968,84.71,2237,84.53,3282
513428504,84.54,2237,84.53,3283
513463944,84.54,2238,84.26,3283
513546872,84.54,2238,84.3,3284
513629800,84.54,2238,84.3,3285
513632976,84.33,2238,84.3,3286
513712760,84.33,2239,84.27,3286
513795912,84.33,2239,84.08,3287
513837848,84.17,2239,84.08,3288
513879112,84.17,2240,84.03,3288
513962248,84.17,2240,84.09,3289
514042920,84.09,2240,84.09,3290
514045640,84.09,2241,83.84,3290
514129064,84.09,2241,83.8,3291
514212424,84.09,2241,83.87,3292
514248520,83.87,2241,83.87,3293
514295832,83.87,2242,83.82,3293
514379432,83.87,2242,83.63,3294
514454520,83.71,2242,83.63,3295
514463072,83.71,2243,83.59,3295
514546664,83.71,2243,83.63,3296
514630488,83.71,2243,83.4,3297
514661000,83.51,2243,83.4,3298
514714136,83.51,2244,83.58,3298
514798168,83.51,2244,83.2,3299
514867640,83.45,2244,83.2,3300
514882008,83.45,2245,83.39,3300
514966040,83.45,2245,83.2,3301
515050072,83.45,2245,83.2,3302
515074744,83.26,2245,83.2,3303
515134152,83.26,2246,83.15,3303
515218424,83.26,2246,82.96,3304
515282312,83.08,2246,82.96,3305
515302728,83.08,2247,82.93,3305
515386984,83.08,2247,82.98,3306
515471480,83.08,2247,82.74,3307
515490328,82.9,2247,82.74,3308
515555768,82.9,2248,82.94,3308
515640248,82.9,2248,82.76,3309
515698536,82.82,2248,82.76,3310
515725016,82.82,2249,82.47,3310
515809512,82.82,2249,82.74,3311
515894216,82.82,2249,82.54,3312
515907256,82.62,2249,82.54,3313
515978984,82.62,2250,82.47,3313
516063928,82.62,2250,82.3,3314
516116392,82.45,2250,82.3,3315
516148920,82.45,2251,82.26,3315
516233864,82.45,2251,82.3,3316
516318808,82.45,2251,82.3,3317
516326008,82.26,2251,82.3,3318
516404008,82.26,2252,82.06,3318
516489176,82.26,2252,82.09,3319
516535816,82.19,2252,82.09,3320
516574376,82.19,2253,82.06,3320
516659752,82.19,2253,81.89,3321
516745128,82.19,2253,81.89,3322
516746952,81.67,2253,81.89,3323
516830376,81.67,2254,82.01,3323
516915992,81.67,2254,81.66,3324
516956808,82.17,2254,81.66,3325
517001432,82.17,2255,81.83,3325
517087256,82.17,2255,81.46,3326
517167944,81.67,2255,81.46,3327
517172912,81.67,2256,81.62,3327
517258744,81.67,2256,81.45,3328
517344568,81.67,2256,81.46,3329
517379544,81.49,2256,81.46,3330
517430424,81.49,2257,81.43,3330
517516472,81.49,2257,81.25,3331
517591560,81.33,2257,81.25,3332
517602376,81.33,2258,81.38,3332
517688664,81.33,2258,81.02,3333
517774712,81.33,2258,81.25,3334
517803864,81.22,2258,81.25,3335
517861032,81.22,2259,80.99,3335
517947320,81.22,2259,81.02,3336
518016584,81.06,2259,81.02,3337
518033640,81.06,2260,80.99,3337
518120136,81.06,2260,80.83,3338
518206648,81.06,2260,80.81,3339
518229752,80.89,2260,80.81,3340
518293192,80.89,2261,80.78,3340
518379928,80.89,2261,80.6,3341
518443368,80.72,2261,80.6,3342
518466712,80.72,2262,80.56,3342
518553432,80.72,2262,80.62,3343
518640168,80.72,2262,80.6,3344
518657448,80.55,2262,80.6,3345
518727144,80.55,2263,80.38,3345
518814088,80.55,2263,80.41,3346
518871912,80.41,2263,80.41,3347
518901304,80.41,2264,80.16,3347
518988472,80.41,2264,80.2,3348
519075656,80.41,2264,80.19,3349
519086680,80.29,2264,80.19,3350
519162872,80.29,2265,80.16,3350
519250280,80.29,2265,79.98,3351
519302072,80.06,2265,79.98,3352
519337736,80.06,2266,79.94,3352
519425144,80.06,2266,79.98,3353
519512760,80.06,2266,79.79,3354
519517736,79.96,2266,79.79,3355
519600424,79.96,2267,79.75,3355
519688056,79.96,2267,79.78,3356
519733800,79.81,2267,79.78,3357
519775720,79.81,2268,79.75,3357
519863576,79.81,2268,79.58,3358
519950312,79.64,2268,79.58,3359
519952136,79.64,2269,78.94,3359
520039592,79.64,2269,79.94,3360
520127432,79.64,2269,79.59,3361
520167352,79.45,2269,79.59,3362
520215560,79.45,2270,79.33,3362
520303848,79.45,2270,79.19,3363
520384744,79.32,2270,79.19,3364
520392168,79.32,2271,79.16,3364
520480472,79.32,2271,79.17,3365
520568776,79.32,2271,79.17,3366
520602648,79.14,2271,79.17,3367
520657352,79.14,2272,78.93,3367
520745880,79.14,2272,78.97,3368
520820968,78.98,2272,78.97,3369
520834440,78.98,2273,78.94,3369
520923176,78.98,2273,78.79,3370
521011928,78.98,2273,78.77,3371
521039752,78.82,2273,78.77,3372
521100728,78.82,2274,78.73,3372
521189704,78.82,2274,78.57,3373
521258744,78.74,2274,78.57,3374
521278504,78.74,2275,78.73,3374
521367688,78.74,2275,78.39,3375
521456648,78.74,2275,78.59,3376
521478408,78.5,2275,78.59,3377
521545864,78.5,2276,78.36,3377
521635272,78.5,2276,78.19,3378
521698472,78.36,2276,78.19,3379
521724488,78.36,2277,78.36,3379
521813896,78.36,2277,78.19,3380
521903320,78.36,2277,78.18,3381
521918808,78.26,2277,78.18,3382
521992984,78.26,2278,77.97,3382
522082632,78.26,2278,77.99,3383
522139784,78.04,2278,77.99,3384
522172296,78.04,2279,77.97,3384
522262168,78.04,2279,77.79,3385
522351816,78.04,2279,77.99,3386
522361032,77.94,2279,77.99,3387
522441928,77.94,2280,77.58,3387
522531784,77.94,2280,77.8,3388
522582904,77.72,2280,77.8,3389
522621928,77.72,2281,77.56,3389
522712024,77.72,2281,77.6,3390
522802120,77.72,2281,77.6,3391
522805072,77.62,2281,77.6,3392
522892488,77.62,2282,77.36,3392
522982792,77.62,2282,77.42,3393
523027848,77.41,2282,77.42,3394
523073352,77.41,2283,77.2,3394
523163896,77.41,2283,77.21,3395
523251080,77.25,2283,77.21,3396
523254480,77.25,2284,77.18,3396
523345016,77.25,2284,77.22,3397
523435784,77.25,2284,77.02,3398
523474584,77.15,2284,77.02,3399
523526600,77.15,2285,76.98,3399
523617576,77.15,2285,76.85,3400
523698696,76.94,2285,76.85,3401
523708360,76.94,2286,77.01,3401
523799576,76.94,2286,76.64,3402
523890568,76.94,2286,76.83,3403
523923096,76.84,2286,76.83,3404
523981832,76.84,2287,76.6,3404
524073032,76.84,2287,76.66,3405
524148104,76.64,2287,76.66,3406
524164264,76.64,2288,76.63,3406
524255688,76.64,2288,76.47,3407
524347352,76.64,2288,76.27,3408
524373608,76.47,2288,76.27,3409
524438840,76.47,2289,76.42,3409
524530488,76.47,2289,76.28,3410
524599528,76.33,2289,76.28,3411
524622184,76.33,2290,76.24,3411
524714072,76.33,2290,76.08,3412
524805944,76.33,2290,76.1,3413
524825928,76.17,2290,76.1,3414
524897864,76.17,2291,76.06,3414
524989736,76.17,2291,76.1,3415
525052712,76.04,2291,76.1,3416
525081880,76.04,2292,75.87,3416
525173976,76.04,2292,75.91,3417
525266296,76.04,2292,75.73,3418
525279992,75.87,2292,75.73,3419
525358664,75.87,2293,75.69,3419
525450984,75.87,2293,75.73,3420
525507704,75.73,2293,75.73,3421
525543576,75.73,2294,75.51,3421
525636120,75.73,2294,75.54,3422
525728664,75.73,2294,75.54,3423
525735880,75.57,2294,75.54,3424
525821496,75.57,2295,75.31,3424
525914280,75.57,2295,75.35,3425
525964712,75.36,2295,75.35,3426
526007080,75.36,2296,75.34,3426
526100088,75.36,2296,75.17,3427
526193096,75.36,2296,75.17,3428
526194928,74.9,2296,75.17,3429
526286184,74.9,2297,75.1,3429
526379416,74.9,2297,74.99,3430
526423576,75.42,2297,74.99,3431
526472664,75.42,2298,74.97,3431
526566104,75.42,2298,74.82,3432
526653736,74.92,2298,74.82,3433
526659592,74.92,2299,74.78,3433
526753032,74.92,2299,74.82,3434
526846696,74.92,2299,74.64,3435
526884376,74.77,2299,74.64,3436
526940184,74.77,2300,74.78,3436
527034088,74.77,2300,74.45,3437
527115448,74.63,2300,74.45,3438
527127800,74.63,2301,74.6,3438
527221688,74.63,2301,74.46,3439
527315816,74.63,2301,74.27,3440
527347000,74.47,2301,74.27,3441
527409752,74.47,2302,74.43,3441
527503864,74.47,2302,74.29,3442
527579160,74.28,2302,74.29,3443
527598248,74.28,2303,74.07,3443
527692376,74.28,2303,74.27,3444
527786936,74.28,2303,73.93,3445
527811624,74.18,2303,73.93,3446
527881320,74.18,2304,74.07,3446
527975880,74.18,2304,73.93,3447
528044680,73.99,2304,73.93,3448
528070488,73.99,2305,73.9,3448
528165288,73.99,2305,73.75,3449
528260072,73.99,2305,73.76,3450
528278264,73.82,2305,73.76,3451
528354920,73.82,2306,73.71,3451
528449944,73.82,2306,73.57,3452
528512472,73.63,2306,73.57,3453
528544984,73.63,2307,73.56,3453
528639992,73.63,2307,73.59,3454
528735240,73.63,2307,73.4,3455
528746920,73.55,2307,73.4,3456
528830504,73.55,2308,73.39,3456
528925960,73.55,2308,73.24,3457
528981992,73.36,2308,73.24,3458
529021240,73.36,2309,73.38,3458
529116920,73.36,2309,73.07,3459
529212392,73.36,2309,73.23,3460
529217584,73.19,2309,73.23,3461
529308120,73.19,2310,73.03,3461
529404024,73.19,2310,72.9,3462
529453560,73.08,2310,72.9,3463
529499736,73.08,2311,73.04,3463
529595864,73.08,2311,72.73,3464
529690200,72.87,2311,72.73,3465
529692024,72.87,2312,72.7,3465
529787992,72.87,2312,72.85,3466
529884120,72.87,2312,72.73,3467
529927176,72.77,2312,72.73,3468
529980520,72.77,2313,72.52,3468
530076872,72.77,2313,72.56,3469
530164936,72.53,2313,72.56,3470
530173256,72.53,2314,72.53,3470
530269832,72.53,2314,72.39,3471
530366424,72.53,2314,72.38,3472
530402984,72.44,2314,72.38,3473
530463064,72.44,2315,72.34,3473
530559864,72.44,2315,72.22,3474
530641672,72.24,2315,72.22,3475
530656728,72.24,2316,72.18,3475
530753752,72.24,2316,72.06,3476
530850776,72.24,2316,72.06,3477
530880840,72.1,2316,72.06,3478
530947848,72.1,2317,72.02,3478
531045112,72.1,2317,71.88,3479
531120424,71.97,2317,71.88,3480
531142408,71.97,2318,71.85,3480
531239896,71.97,2318,71.71,3481
531337384,71.97,2318,71.71,3482
531360488,71.83,2318,71.71,3483
531434904,71.83,2319,71.69,3483
531532600,71.83,2319,71.56,3484
531601192,71.64,2319,71.56,3485
531630360,71.64,2320,71.51,3485
531728056,71.64,2320,71.56,3486
531825992,71.64,2320,71.39,3487
531842600,71.43,2320,71.39,3488
531923944,71.43,2321,71.37,3488
532022104,71.43,2321,71.22,3489
532084200,71.37,2321,71.22,3490
532120328,71.37,2322,71.18,3490
532218488,71.37,2322,71.22,3491
532316872,71.37,2322,71.06,3492
532326552,71.15,2322,71.06,3493
532415288,71.15,2323,71.04,3493
532513896,71.15,2323,70.9,3494
532569480,70.98,2323,70.9,3495
532612520,70.98,2324,70.89,3495
532711112,70.98,2324,70.91,3496
532809944,70.98,2324,70.74,3497
532812664,70.91,2324,70.74,3498
532908856,70.91,2325,70.68,3498
533007688,70.91,2325,70.74,3499
533056552,70.7,2325,70.74,3500
533106760,70.7,2326,70.57,3500
533206024,70.7,2326,70.43,3501
533301032,70.53,2326,70.43,3502
533305112,70.53,2327,70.56,3502
533404392,70.53,2327,70.42,3503
533503896,70.53,2327,70.26,3504
533546056,70.38,2327,70.26,3505
533603432,70.38,2328,70.24,3505
533702920,70.38,2328,70.27,3506
533791656,70.21,2328,70.27,3507
533802680,70.21,2329,70.08,3507
533902408,70.21,2329,70.1,3508
534002344,70.21,2329,69.96,3509
534037784,70.06,2329,69.96,3510
534102328,70.06,2330,69.92,3510
534202264,70.06,2330,69.96,3511
534284296,69.95,2330,69.96,3512
534302472,69.95,2331,69.77,3512
534402648,69.95,2331,69.79,3513
534503032,69.95,2331,69.64,3514
534531528,69.75,2331,69.64,3515
534603464,69.75,2332,69.61,3515
534703864,69.75,2332,69.63,3516
534779176,69.63,2332,69.63,3517
534804520,69.63,2333,69.46,3517
534905128,69.63,2333,69.49,3518
535005960,69.63,2333,69.34,3519
535027512,69.44,2333,69.34,3520
535106856,69.44,2334,69.29,3520
535207688,69.44,2334,69.34,3521
535276280,69.32,2334,69.34,3522
535308808,69.32,2335,69.14,3522
535409864,69.32,2335,69.18,3523
535511144,69.32,2335,69.03,3524
535525736,69.13,2335,69.03,3525
535612472,69.13,2336,69,3525
535713976,69.13,2336,68.88,3526
535775832,68.95,2336,68.88,3527
535815512,68.95,2337,68.85,3527
535917016,68.95,2337,68.88,3528
536018744,68.95,2337,68.72,3529
536026408,68.82,2337,68.72,3530
536120520,68.82,2338,68.69,3530
536222472,68.82,2338,68.57,3531
536277400,68.7,2338,68.57,3532
536324472,68.7,2339,68.54,3532
536426424,68.7,2339,68.57,3533
536528616,68.7,2339,68.41,3534
536530440,68.15,2339,68.41,3535
536630888,68.15,2340,68.36,3535
536733304,68.15,2340,68.26,3536
536781512,68.68,2340,68.26,3537
536835768,68.68,2341,68.23,3537
536938408,68.68,2341,68.11,3538
537034328,68.21,2341,68.11,3539
537040888,68.21,2342,68.22,3539
537143752,68.21,2342,67.97,3540
537246616,68.21,2342,67.97,3541
537287656,68.07,2342,67.97,3542
537349528,68.07,2343,67.93,3542
537452600,68.07,2343,67.83,3543
537541784,67.86,2343,67.83,3544
537555704,67.86,2344,67.81,3544
537659016,67.86,2344,67.67,3545
537762328,67.86,2344,67.67,3546
537796408,67.72,2344,67.67,3547
537865672,67.72,2345,67.65,3547
537969192,67.72,2345,67.53,3548
538051656,67.56,2345,67.53,3549
538072744,67.56,2346,67.51,3549
538176504,67.56,2346,67.38,3550
538280264,67.56,2346,67.38,3551
538307400,67.43,2346,67.38,3552
538384280,67.43,2347,67.21,3552
538488264,67.43,2347,67.23,3553
538563784,67.26,2347,67.23,3554
538592488,67.26,2348,67.08,3554
538696680,67.26,2348,67.1,3555
538800888,67.26,2348,67.09,3556
538820872,67.07,2348,67.09,3557
538905352,67.07,2349,66.92,3557
539009784,67.07,2349,66.94,3558
539078376,66.97,2349,66.94,3559
539114488,66.97,2350,66.77,3559
539219144,66.97,2350,66.8,3560
539324008,66.97,2350,66.67,3561
539336600,66.78,2350,66.67,3562
539428712,66.78,2351,66.77,3562
539533816,66.78,2351,66.52,3563
539595448,66.62,2351,66.52,3564
539638952,66.62,2352,66.5,3564
539744056,66.62,2352,66.52,3565
539849384,66.62,2352,66.38,3566
539854800,66.49,2352,66.38,3567
539954744,66.49,2353,66.36,3567
540060296,66.49,2353,66.23,3568
540114776,66.33,2353,66.23,3569
540165896,66.33,2354,66.2,3569
540271672,66.33,2354,66.09,3570
540375416,66.16,2354,66.09,3571
540377456,66.16,2355,66.09,3571
540483288,66.16,2355,66.06,3572
540589288,66.16,2355,65.95,3573
540636600,66.02,2355,65.95,3574
540695544,66.02,2356,65.8,3574
540801768,66.02,2356,65.82,3575
540898584,65.82,2356,65.82,3576
540908024,65.82,2357,65.8,3576
541014456,65.82,2357,65.69,3577
541120888,65.82,2357,65.69,3578
541161016,65.71,2357,65.69,3579
541227608,65.71,2358,65.51,3579
541334296,65.71,2358,65.53,3580
541424168,65.53,2358,65.53,3581
541441256,65.53,2359,65.36,3581
541548136,65.53,2359,65.41,3582
541655256,65.53,2359,65.27,3583
541687992,65.36,2359,65.27,3584
541762392,65.36,2360,65.26,3584
541869512,65.36,2360,65.27,3585
541952424,65.21,2360,65.27,3586
541976872,65.21,2361,65.12,3586
542084424,65.21,2361,65,3587
542191976,65.21,2361,65,3588
542217560,65.04,2361,65,3589
542299576,65.04,2362,64.97,3589
542407368,65.04,2362,64.86,3590
542483128,64.93,2362,64.86,3591
542515432,64.93,2363,64.69,3591
542623432,64.93,2363,64.73,3592
542731448,64.93,2363,64.72,3593
542749400,64.76,2363,64.72,3594
542839720,64.76,2364,64.57,3594
542947960,64.76,2364,64.59,3595
543016552,64.55,2364,64.59,3596
543056472,64.55,2365,64.43,3596
543164920,64.55,2365,64.47,3597
543273592,64.55,2365,64.33,3598
543284168,64.44,2365,64.33,3599
543382328,64.44,2366,64.3,3599
543491240,64.44,2366,64.19,3600
543552424,64.28,2366,64.19,3601
543600184,64.28,2367,64.17,3601
543709080,64.28,2367,64.2,3602
543818440,64.28,2367,63.93,3603
543821392,64.11,2367,63.93,3604
543927656,64.11,2368,64.01,3604
544037016,64.11,2368,63.93,3605
544090808,64.01,2368,63.93,3606
544146632,64.01,2369,63.78,3606
544256200,64.01,2369,63.81,3607
544361288,63.75,2369,63.81,3608
544365808,63.75,2370,63.78,3608
544475832,63.75,2370,63.54,3609
544585640,63.75,2370,63.67,3610
544632056,63.69,2370,63.67,3611
544695704,63.69,2371,63.52,3611
544805944,63.69,2371,63.42,3612
544903640,63.49,2371,63.42,3613
544916216,63.49,2372,63.4,3613
545026472,63.49,2372,63.41,3614
545136936,63.49,2372,63.29,3615
545175960,63.32,2372,63.29,3616
545247672,63.32,2373,63.13,3616
545358376,63.32,2373,63.15,3617
545448936,63.17,2373,63.15,3618
545469144,63.17,2374,63.12,3618
545580072,63.17,2374,63.02,3619
545691208,63.17,2374,62.91,3620
545722600,63.01,2374,62.91,3621
545802376,63.01,2375,62.89,3621
545913736,63.01,2375,62.78,3622
545996888,62.87,2375,62.78,3623
546025144,62.87,2376,62.75,3623
546136520,62.87,2376,62.77,3624
546248328,62.87,2376,62.53,3625
546272120,62.65,2376,62.53,3626
546359976,62.65,2377,62.62,3626
546471800,62.65,2377,62.52,3627
546547784,62.55,2377,62.52,3628
546583880,62.55,2378,62.38,3628
546695912,62.55,2378,62.4,3629
546808184,62.55,2378,62.27,3630
546824120,62.4,2378,62.27,3631
546920488,62.4,2379,62.25,3631
547032744,62.4,2379,62.28,3632
547101336,62.2,2379,62.28,3633
547145288,62.2,2380,62.12,3633
547257992,62.2,2380,62.03,3634
547370936,62.2,2380,61.9,3635
547379272,62.04,2380,61.9,3636
547483688,62.04,2381,62.01,3636
547596840,62.04,2381,61.79,3637
547657576,61.96,2381,61.79,3638
547709816,61.96,2382,61.88,3638
547823208,61.96,2382,61.66,3639
547936600,61.96,2382,61.66,3640
547938424,61.4,2382,61.66,3641
548050072,61.4,2383,61.61,3641
548163672,61.4,2383,61.54,3642
548216792,61.95,2383,61.54,3643
548277320,61.95,2384,61.52,3643
548391144,61.95,2384,61.42,3644
548497592,61.41,2384,61.42,3645
548505240,61.41,2385,61.27,3645
548619304,61.41,2385,61.29,3646
548733352,61.41,2385,61.3,3647
548779096,61.26,2385,61.3,3648
548847672,61.26,2386,61.15,3648
548962168,61.26,2386,61.06,3649
549061224,61.12,2386,61.06,3650
549076728,61.12,2387,61.03,3650
549191464,61.12,2387,60.93,3651
549306200,61.12,2387,60.93,3652
549344104,60.96,2387,60.93,3653
549421208,60.96,2388,60.79,3653
549536168,60.96,2388,60.81,3654
549627592,60.83,2388,60.81,3655
549651384,60.83,2389,60.68,3655
549766568,60.83,2389,60.7,3656
549881960,60.83,2389,60.59,3657
549912024,60.63,2389,60.59,3658
549997624,60.63,2390,60.44,3658
550113240,60.63,2390,60.47,3659
550197064,60.5,2390,60.47,3660
550228920,60.5,2391,60.44,3660
550345000,60.5,2391,60.23,3661
550461080,60.5,2391,60.23,3662
550483080,60.29,2391,60.23,3663
550577192,60.29,2392,60.21,3663
550693480,60.29,2392,60.12,3664
550769464,60.21,2392,60.12,3665
550809832,60.21,2393,60.09,3665
550926344,60.21,2393,60,3666
551043080,60.21,2393,59.89,3667
551057000,59.97,2393,59.89,3668
551159864,59.97,2394,59.86,3668
551276600,59.97,2394,59.89,3669
551345176,59.84,2394,59.89,3670
551393608,59.84,2395,59.75,3670
551510792,59.84,2395,59.66,3671
551628216,59.84,2395,59.54,3672
551634080,59.69,2395,59.54,3673
551745448,59.69,2396,59.64,3673
551863096,59.69,2396,59.42,3674
551923624,59.56,2396,59.42,3675
551980792,59.56,2397,59.4,3675
552098440,59.56,2397,59.42,3676
552214072,59.37,2397,59.42,3677
552216352,59.37,2398,59.29,3677
552334520,59.37,2398,59.16,3678
552452600,59.37,2398,59.21,3679
552505304,59.21,2398,59.21,3680
552570984,59.21,2399,59.06,3680
552689512,59.21,2399,58.98,3681
552797304,59.05,2399,58.98,3682
552808088,59.05,2400,58.96,3682
552926632,59.05,2400,58.98,3683
553045624,59.05,2400,58.75,3684
553090248,58.86,2400,58.75,3685
553164424,58.86,2401,58.85,3685
553283640,58.86,2401,58.64,3686
553383800,58.74,2401,58.64,3687
553402664,58.74,2402,58.74,3687
553522088,58.74,2402,58.54,3688
553641528,58.74,2402,58.53,3689
553678072,58.6,2402,58.53,3690
553761208,58.6,2403,58.42,3690
553880872,58.6,2403,58.42,3691
553973192,58.43,2403,58.42,3692
554000776,58.43,2404,58.31,3692
554120872,58.43,2404,58.21,3693
554240984,58.43,2404,58.21,3694
554269256,58.24,2404,58.21,3695
554361368,58.24,2405,58.07,3695
554481704,58.24,2405,58.1,3696
554566184,58.07,2405,58.1,3697
554602280,58.07,2406,57.98,3697
554723064,58.07,2406,57.88,3698
554843848,58.07,2406,57.88,3699
554863832,57.93,2406,57.88,3700
554964904,57.93,2407,57.75,3700
555085912,57.93,2407,57.77,3701
555162120,57.81,2407,57.77,3702
555207176,57.81,2408,57.65,3702
555328408,57.81,2408,57.67,3703
555449864,57.81,2408,57.56,3704
555461544,57.59,2408,57.56,3705
555571576,57.59,2409,57.44,3705
555693480,57.59,2409,57.35,3706
555761624,57.46,2409,57.35,3707
555815208,57.46,2410,57.43,3707
555937320,57.46,2410,57.25,3708
556059432,57.46,2410,57.25,3709
556062608,57.29,2410,57.25,3710
556181816,57.29,2411,57.13,3710
556304376,57.29,2411,57.04,3711
556364456,57.13,2411,57.04,3712
556427000,57.13,2412,57.01,3712
556549800,57.13,2412,56.93,3713
556667224,56.95,2412,56.93,3714
556672632,56.95,2413,56.92,3714
556795656,56.95,2413,56.83,3715
556918904,56.95,2413,56.72,3716
556970696,56.82,2413,56.72,3717
557042200,56.82,2414,56.7,3717
557165672,56.82,2414,56.62,3718
557275016,56.66,2414,56.62,3719
557289176,56.66,2415,56.61,3719
557412872,56.66,2415,56.52,3720
557536776,56.66,2415,56.42,3721
557580280,56.49,2415,56.42,3722
557660968,56.49,2416,56.29,3722
557785112,56.49,2416,56.32,3723
557886408,56.33,2416,56.32,3724
557909304,56.33,2417,56.29,3724
558033880,56.33,2417,56.12,3725
558158472,56.33,2417,56.11,3726
558193464,56.16,2417,56.11,3727
558283112,56.16,2418,56.09,3727
558407928,56.16,2418,56.01,3728
558501144,56.05,2418,56.01,3729
558532984,56.05,2419,55.9,3729
558658232,56.05,2419,55.82,3730
558783496,56.05,2419,55.81,3731
558809976,55.84,2419,55.81,3732
558909032,55.84,2420,55.69,3732
559034744,55.84,2420,55.61,3733
559119688,55.68,2420,55.61,3734
559160488,55.68,2421,55.6,3734
559286408,55.68,2421,55.52,3735
559412328,55.68,2421,55.52,3736
559430280,55.52,2421,55.52,3737
559538744,55.52,2422,55.3,3737
559665128,55.52,2422,55.32,3738
559741560,55.4,2422,55.32,3739
559791560,55.4,2423,55.3,3739
559918168,55.4,2423,55.22,3740
560045000,55.4,2423,55.12,3741
560054008,55.19,2423,55.12,3742
560172104,55.19,2424,55,3742
560299144,55.19,2424,55.03,3743
560367288,55.04,2424,55.03,3744
560426472,55.04,2425,54.91,3744
560553736,55.04,2425,54.93,3745
560681464,54.89,2425,54.93,3746
560683060,54.89,2426,54.06,3746
560809048,54.89,2426,55.49,3747
560936984,54.89,2426,54.65,3748
560996616,54.72,2426,54.65,3749
561064968,54.72,2427,54.63,3749
561193128,54.72,2427,54.55,3750
561312776,54.54,2427,54.55,3751
561321544,54.54,2428,54.44,3751
561450152,54.54,2428,54.36,3752
561578760,54.54,2428,54.36,3753
561629656,54.42,2428,54.36,3754
561707672,54.42,2429,54.23,3754
561836520,54.42,2429,54.26,3755
561947672,54.22,2429,54.26,3756
561965640,54.22,2430,54.14,3756
562094952,54.22,2430,54.06,3757
562224472,54.22,2430,53.98,3758
562266632,54.06,2430,53.98,3759
562354024,54.06,2431,53.96,3759
562483768,54.06,2431,53.88,3760
562586392,53.93,2431,53.88,3761
562613544,53.93,2432,53.87,3761
562743736,53.93,2432,53.7,3762
562873928,53.93,2432,53.7,3763
562907336,53.73,2432,53.7,3764
563004360,53.73,2433,53.6,3764
563135000,53.73,2433,53.52,3765
563229128,53.59,2433,53.52,3766
563265672,53.59,2434,53.5,3766
563396520,53.59,2434,53.43,3767
563527608,53.59,2434,53.33,3768
563552072,53.4,2434,53.33,3769
563658744,53.4,2435,53.31,3769
563790056,53.4,2435,53.24,3770
563875656,53.29,2435,53.24,3771
563921624,53.29,2436,53.14,3771
564053384,53.29,2436,53.06,3772
564185128,53.29,2436,53.07,3773
564200616,53.06,2436,53.07,3774
564317128,53.06,2437,52.96,3774
564449336,53.06,2437,52.88,3775
564526200,52.96,2437,52.88,3776
564581784,52.96,2438,52.78,3776
564714200,52.96,2438,52.8,3777
564847080,52.96,2438,52.61,3778
564853160,52.74,2438,52.61,3779
564979752,52.74,2439,52.7,3779
565112840,52.74,2439,52.53,3780
565180984,52.6,2439,52.53,3781
565245976,52.6,2440,52.51,3781
565379304,52.6,2440,52.44,3782
565509704,52.46,2440,52.44,3783
565512872,52.46,2441,52.34,3783
565646648,52.46,2441,52.26,3784
565780408,52.46,2441,52.27,3785
565839592,52.27,2441,52.27,3786
565914456,52.27,2442,52.15,3786
566048680,52.27,2442,52.09,3787
566170584,52.1,2442,52.09,3788
566183176,52.1,2443,51.98,3788
566317624,52.1,2443,52,3789
566452504,52.1,2443,51.83,3790
566502488,51.95,2443,51.83,3791
566587416,51.95,2444,51.82,3791
566722312,51.95,2444,51.83,3792
566835480,51.79,2444,51.83,3793
566857688,51.79,2445,51.64,3793
566993032,51.79,2445,51.66,3794
567128584,51.79,2445,51.58,3795
567169384,51.64,2445,51.58,3796
567264408,51.64,2446,51.47,3796
567400408,51.64,2446,51.41,3797
567504616,51.44,2446,51.41,3798
567536472,51.44,2447,51.38,3798
567672936,51.44,2447,51.23,3799
567809400,51.44,2447,51.23,3800
567840792,51.29,2447,51.23,3801
567945896,51.29,2448,51.22,3801
568082808,51.29,2448,51.06,3802
568178040,51.13,2448,51.06,3803
568219736,51.13,2449,51.06,3803
568357080,51.13,2449,50.9,3804
568494424,51.13,2449,50.9,3805
568516408,50.96,2449,50.9,3806
568632040,50.96,2450,50.8,3806
568769624,50.96,2450,50.81,3807
568855896,50.79,2450,50.81,3808
568907672,50.79,2451,50.64,3808
569045704,50.79,2451,50.65,3809
569183960,50.79,2451,50.57,3810
569196552,50.62,2451,50.57,3811
569322472,50.62,2452,50.47,3811
569461176,50.62,2452,50.4,3812
569538040,50.5,2452,50.4,3813
569600120,50.5,2453,50.32,3813
569739032,50.5,2453,50.33,3814
569878408,50.5,2453,50.16,3815
569881132,50.26,2453,50.16,3816
570017640,50.26,2454,50.21,3816
570157240,50.26,2454,50.08,3817
570224936,50.16,2454,50.08,3818
570297096,50.16,2455,49.99,3818
570437144,50.16,2455,49.92,3819
570570008,49.97,2455,49.92,3820
570577208,49.97,2456,49.91,3820
570717688,49.97,2456,49.77,3821
570858184,49.97,2456,49.76,3822
570916248,49.8,2456,49.76,3823
570998936,49.8,2457,49.67,3823
571139880,49.8,2457,49.6,3824
571263800,49.62,2457,49.6,3825
571280872,49.62,2458,49.59,3825
571422248,49.62,2458,49.45,3826
571563848,49.62,2458,49.37,3827
571612280,49.48,2458,49.37,3828
571705496,49.48,2459,49.36,3828
571847544,49.48,2459,49.22,3829
571962056,49.3,2459,49.22,3830
571989432,49.3,2460,49.27,3830
572131928,49.3,2460,49.06,3831
572274424,49.3,2460,49.06,3832
572313000,49.14,2460,49.06,3833
572416968,49.14,2461,49.05,3833
572559928,49.14,2461,48.9,3834
572665256,48.95,2461,48.9,3835
572703144,48.95,2462,48.82,3835
572846328,48.95,2462,48.83,3836
572989944,48.95,2462,48.68,3837
573018440,48.82,2462,48.68,3838
573133608,48.82,2463,48.66,3838
573277464,48.82,2463,48.6,3839
573373160,48.61,2463,48.6,3840
573421592,48.61,2464,48.51,3840
573565896,48.61,2464,48.45,3841
573710424,48.61,2464,48.37,3842
573729048,48.45,2464,48.37,3843
573855192,48.45,2465,48.29,3843
574000152,48.45,2465,48.23,3844
574085992,48.31,2465,48.23,3845
574145400,48.31,2466,48.13,3845
574290600,48.31,2466,48.15,3846
574436248,48.31,2466,48,3847
574444360,48.12,2466,48,3848
574582168,48.12,2467,47.91,3848
574728024,48.12,2467,47.93,3849
574803784,47.98,2467,47.93,3850
574874392,47.98,2468,47.76,3850
575020712,47.98,2468,47.78,3851
575164792,47.77,2468,47.78,3852
575167512,47.77,2469,47.62,3852
575314328,47.77,2469,47.62,3853
575461320,47.77,2469,47.56,3854
575527000,47.61,2469,47.56,3855
575608792,47.61,2470,47.41,3855
575756232,47.61,2470,47.42,3856
575890680,47.42,2470,47.42,3857
575903928,47.42,2471,47.34,3857
576052040,47.42,2471,47.2,3858
576200152,47.42,2471,47.2,3859
576255288,47.29,2471,47.2,3860
576348728,47.29,2472,47.05,3860
576497272,47.29,2472,47.06,3861
576621640,47.07,2472,47.06,3862
576646312,47.07,2473,46.91,3862
576795304,47.07,2473,46.92,3863
576944760,47.07,2473,46.78,3864
576988936,46.95,2473,46.78,3865
577094488,46.95,2474,46.69,3865
577244392,46.95,2474,46.64,3866
577357992,46.72,2474,46.64,3867
577394312,46.72,2475,46.63,3867
577544664,46.72,2475,46.5,3868
577695224,46.72,2475,46.43,3869
577728184,46.58,2475,46.43,3870
577846280,46.58,2476,46.28,3870
577997288,46.58,2476,46.3,3871
578100136,46.36,2476,46.3,3872
578148568,46.36,2477,46.21,3872
578300248,46.36,2477,46.09,3873
578452152,46.36,2477,46.02,3874
578473256,46.22,2477,46.02,3875
578604104,46.22,2478,46.01,3875
578756456,46.22,2478,45.89,3876
578847896,46.03,2478,45.89,3877
578909080,46.03,2479,45.81,3877
579062120,46.03,2479,45.68,3878
579215160,46.03,2479,45.68,3879
579223944,45.86,2479,45.68,3880
579368456,45.86,2480,45.61,3880
579521928,45.86,2480,45.55,3881
579601704,45.65,2480,45.55,3882
579675432,45.65,2481,45.54,3882
579829128,45.65,2481,45.49,3883
579980824,45.48,2481,45.49,3884
579983096,45.48,2482,45.41,3884
580137336,45.48,2482,45.33,3885
580291928,45.48,2482,45.22,3886
580361400,45.31,2482,45.22,3887
580446552,45.31,2483,45.21,3887
580601608,45.31,2483,45.09,3888
580743448,45.14,2483,45.09,3889
580756920,45.14,2484,45.01,3889
580912632,45.14,2484,44.9,3890
581068344,45.14,2484,44.9,3891
581127080,44.95,2484,44.9,3892
581224344,44.95,2485,44.82,3892
581380744,44.95,2485,44.7,3893
581512280,44.77,2485,44.7,3894
581537400,44.77,2486,44.63,3894
581694248,44.77,2486,44.57,3895
581851096,44.77,2486,44.57,3896
581898856,44.61,2486,44.57,3897
582008440,44.61,2487,44.43,3897
582165960,44.61,2487,44.38,3898
582287176,44.41,2487,44.38,3899
582323736,44.41,2488,44.31,3899
582481720,44.41,2488,44.25,3900
582640136,44.41,2488,44.13,3901
582676696,44.27,2488,44.13,3902
582798584,44.27,2489,44.12,3902
582957432,44.27,2489,44.01,3903
583068136,44.05,2489,44.01,3904
583116328,44.05,2490,44,3904
583275624,44.05,2490,43.89,3905
583435144,44.05,2490,43.83,3906
583460952,43.9,2490,43.83,3907
583594936,43.9,2491,43.75,3907
583754920,43.9,2491,43.7,3908
583855304,43.73,2491,43.7,3909
583915368,43.73,2492,43.57,3909
584075800,43.73,2492,43.58,3910
584236664,43.73,2492,43.46,3911
584251272,43.55,2492,43.46,3912
584397816,43.55,2493,43.38,3912
584559144,43.55,2493,43.34,3913
584649016,43.35,2493,43.34,3914
584720728,43.35,2494,43.27,3914
584882488,43.35,2494,43.22,3915
585044696,43.35,2494,43.1,3916
585048096,43.21,2494,43.1,3917
585207176,43.21,2495,43.03,3917
585369624,43.21,2495,43.04,3918
585448968,43.02,2495,43.04,3919
585532776,43.02,2496,42.85,3919
585695896,43.02,2496,42.86,3920
585851400,42.85,2496,42.86,3921
585859272,42.85,2497,42.79,3921
586023048,42.85,2497,42.69,3922
586187048,42.85,2497,42.63,3923
586255416,42.68,2497,42.63,3924
586351544,42.68,2498,42.5,3924
586516008,42.68,2498,42.51,3925
586661192,42.5,2498,42.51,3926
586680936,42.5,2499,42.39,3926
586846072,42.5,2499,42.34,3927
587011432,42.5,2499,42.28,3928
587068824,42.3,2499,42.28,3929
587177048,42.3,2500,42.21,3929
587343080,42.3,2500,42.11,3930
587477960,42.15,2500,42.11,3931
587509368,42.15,2501,42.04,3931
587675848,42.15,2501,41.99,3932
587842760,42.15,2501,41.89,3933
587888936,41.96,2501,41.89,3934
588009704,41.96,2502,41.88,3934
588177288,41.96,2502,41.72,3935
588301432,41.8,2502,41.72,3936
588344920,41.8,2503,41.71,3936
588512728,41.8,2503,41.66,3937
588680984,41.8,2503,41.55,3938
588715976,41.6,2503,41.55,3939
588849752,41.6,2504,41.42,3939
589018456,41.6,2504,41.44,3940
589132280,41.42,2504,41.44,3941
589187640,41.42,2505,41.32,3941
589357016,41.42,2505,41.28,3942
589526856,41.42,2505,41.16,3943
589550200,41.26,2505,41.16,3944
589696744,41.26,2506,41.15,3944
589867032,41.26,2506,41.06,3945
589969896,41.09,2506,41.06,3946
590037800,41.09,2507,40.94,3946
590208760,41.09,2507,40.89,3947
590379944,41.09,2507,40.84,3948
590391640,40.89,2507,40.84,3949
590551384,40.89,2508,40.78,3949
590723224,40.89,2508,40.68,3950
590815096,40.72,2508,40.68,3951
590895560,40.72,2509,40.57,3951
591067848,40.72,2509,40.58,3952
591240376,40.55,2509,40.58,3953
591242192,40.55,2510,40.1,3953
591413656,40.55,2510,40.77,3954
591587064,40.55,2510,40.32,3955
591667752,40.35,2510,40.32,3956
591760776,40.35,2511,40.25,3956
591934856,40.35,2511,40.16,3957
592096840,40.19,2511,40.16,3958
592109224,40.19,2512,40.09,3958
592283768,40.19,2512,40.05,3959
592458744,40.19,2512,39.96,3960
592527784,40.01,2512,39.96,3961
592633992,40.01,2513,39.89,3961
592809656,40.01,2513,39.8,3962
592960904,39.81,2513,39.8,3963
592985576,39.81,2514,39.74,3963
593161896,39.81,2514,39.65,3964
593338456,39.81,2514,39.6,3965
593395832,39.65,2514,39.6,3966
593515480,39.65,2515,39.49,3966
593692712,39.65,2515,39.45,3967
593832984,39.45,2515,39.45,3968
593870216,39.45,2516,39.39,3968
594048104,39.45,2516,39.3,3969
594226216,39.45,2516,39.25,3970
594271944,39.28,2516,39.25,3971
594404824,39.28,2517,39.14,3971
594583832,39.28,2517,39.06,3972
594712888,39.11,2517,39.06,3973
594763096,39.11,2518,39,3973
594942552,39.11,2518,38.96,3974
595122488,39.11,2518,38.85,3975
595156120,38.91,2518,38.85,3976
595302872,38.91,2519,38.76,3976
595483448,38.91,2519,38.72,3977
595601320,38.73,2519,38.72,3978
595664312,38.73,2520,38.65,3978
595845784,38.73,2520,38.52,3979
596027272,38.73,2520,38.52,3980
596048600,38.55,2520,38.52,3981
596209480,38.55,2521,38.37,3981
596391640,38.55,2521,38.38,3982
596498088,38.36,2521,38.38,3983
596574520,38.36,2522,38.23,3983
596757560,38.36,2522,38.19,3984
596941048,38.36,2522,38.1,3985
596949592,38.19,2522,38.1,3986
597124792,38.19,2523,38.05,3986
597308968,38.19,2523,37.96,3987
597403528,37.99,2523,37.96,3988
597493400,37.99,2524,37.91,3988
597678248,37.99,2524,37.82,3989
597859512,37.82,2524,37.82,3990
597863576,37.82,2525,37.72,3990
598049080,37.82,2525,37.69,3991
598235256,37.82,2525,37.55,3992
598317720,37.63,2525,37.55,3993
598421480,37.63,2526,37.54,3993
598608344,37.63,2526,37.41,3994
598778184,37.45,2526,37.41,3995
598795464,37.45,2527,37.36,3995
598982776,37.45,2527,37.32,3996
599170760,37.45,2527,37.19,3997
599241144,37.25,2527,37.19,3998
599359000,37.25,2528,37.14,3998
599547656,37.25,2528,37.06,3999
599706296,37.07,2528,37.06,4000
599736584,37.07,2529,37,4000
599926120,37.07,2529,36.89,4001
600115896,37.07,2529,36.84,4002
600173736,36.89,2529,36.84,4003
600305928,36.89,2530,36.79,4003
600496600,36.89,2530,36.67,4004
600643576,36.7,2530,36.67,4005
600687528,36.7,2531,36.62,4005
600878872,36.7,2531,36.54,4006
601070664,36.7,2531,36.45,4007
601115736,36.52,2531,36.45,4008
601262936,36.52,2532,36.36,4008
601455400,36.52,2532,36.32,4009
601590520,36.32,2532,36.32,4010
601648360,36.32,2533,36.23,4010
601841704,36.32,2533,36.16,4011
602035496,36.32,2533,36.08,4012
602067784,36.13,2533,36.08,4013
602229784,36.13,2534,35.98,4013
602424488,36.13,2534,35.91,4014
602547496,35.95,2534,35.91,4015
602619432,35.95,2535,35.86,4015
602814808,35.95,2535,35.78,4016
603010840,35.95,2535,35.66,4017
603029704,35.76,2535,35.66,4018
603207144,35.76,2536,35.61,4018
603403848,35.76,2536,35.54,4019
603514536,35.57,2536,35.54,4020
603601048,35.57,2537,35.45,4020
603798648,35.57,2537,35.38,4021
603996472,35.57,2537,35.34,4022
604002104,35.37,2537,35.34,4023
604195016,35.37,2538,35.21,4023
604393960,35.37,2538,35.14,4024
604492120,35.19,2538,35.14,4025
604593176,35.19,2539,35.09,4025
604793032,35.19,2539,34.98,4026
604984824,35,2539,34.98,4027
604993144,35,2540,34.94,4027
605193896,35,2540,34.83,4028
605395096,35,2540,34.75,4029
605480264,34.81,2540,34.75,4030
605596552,34.81,2541,34.7,4030
605798648,34.81,2541,34.59,4031
605978552,34.61,2541,34.59,4032
606001000,34.61,2542,34.55,4032
606203992,34.61,2542,34.44,4033
606407432,34.61,2542,34.36,4034
606479608,34.42,2542,34.36,4035
606611352,34.42,2543,34.28,4035
606815688,34.42,2543,34.21,4036
606983528,34.22,2543,34.21,4037
607020536,34.22,2544,34.13,4037
607225784,34.22,2544,34.06,4038
607431464,34.22,2544,33.99,4039
607490200,34.03,2544,33.99,4040
607637848,34.03,2545,33.87,4040
607844424,34.03,2545,33.84,4041
607999928,33.83,2545,33.84,4042
608051720,33.83,2546,33.73,4042
608259400,33.83,2546,33.66,4043
608467528,33.83,2546,33.59,4044
608512584,33.64,2546,33.59,4045
608676136,33.64,2547,33.51,4045
608885384,33.64,2547,33.41,4046
609028120,33.45,2547,33.41,4047
609095144,33.45,2548,33.33,4047
609305304,33.45,2548,33.27,4048
609515912,33.45,2548,33.2,4049
609546856,33.24,2548,33.2,4050
609727000,33.24,2549,33.12,4050
609938728,33.24,2549,33.02,4051
610068680,33.05,2549,33.02,4052
610150920,33.05,2550,32.95,4052
610363752,33.05,2550,32.85,4053
610577048,33.05,2550,32.78,4054
610593448,32.86,2550,32.78,4055
610790840,32.86,2551,32.7,4055
611005032,32.86,2551,32.64,4056
611121560,32.65,2551,32.64,4057
611219928,32.65,2552,32.53,4057
611435224,32.65,2552,32.47,4058
611651208,32.65,2552,32.37,4059
611653032,32.45,2552,32.37,4060
611867720,32.45,2553,32.29,4060
612084600,32.45,2553,32.24,4061
612187688,32.25,2553,32.24,4062
612302184,32.25,2554,32.13,4062
612520184,32.25,2554,32.07,4063
612725624,32.06,2554,32.07,4064
612738888,32.06,2555,31.97,4064
612958232,32.06,2555,31.87,4065
613178024,32.06,2555,31.81,4066
613267000,31.85,2555,31.81,4067
613398296,31.85,2556,31.74,4067
613619208,31.85,2556,31.65,4068
613811672,31.66,2556,31.65,4069
613840600,31.66,2557,31.58,4069
614062632,31.66,2557,31.49,4070
614285336,31.66,2557,31.39,4071
614360200,31.44,2557,31.39,4072
614508520,31.44,2558,31.32,4072
614732344,31.44,2558,31.24,4073
614912024,31.25,2558,31.24,4074
614956872,31.25,2559,31.14,4074
615181816,31.25,2559,31.08,4075
615407432,31.25,2559,30.99,4076
615467512,31.04,2559,30.99,4077
615633752,31.04,2560,30.89,4077
615860488,31.04,2560,30.83,4078
616026728,30.84,2560,30.83,4079
616087928,30.84,2561,30.74,4079
616315992,30.84,2561,30.65,4080
616544744,30.84,2561,30.56,4081
616589816,30.62,2561,30.56,4082
616773976,30.62,2562,30.5,4082
617004056,30.62,2562,30.39,4083
617156648,30.42,2562,30.39,4084
617234632,30.42,2563,30.32,4084
617465848,30.42,2563,30.24,4085
617697512,30.42,2563,30.18,4086
617727336,30.22,2563,30.18,4087
617930104,30.22,2564,30.06,4087
618163320,30.22,2564,29.98,4088
618302008,30.01,2564,29.98,4089
618397240,30.01,2565,29.89,4089
618631592,30.01,2565,29.83,4090
618866840,30.01,2565,29.72,4091
618880552,29.81,2565,29.72,4092
619102792,29.81,2566,29.63,4092
619339160,29.81,2566,29.58,4093
619463304,29.59,2566,29.58,4094
619576472,29.59,2567,29.46,4094
619814392,29.59,2567,29.38,4095
620050312,29.38,2567,29.38,4096
620052808,29.38,2568,29.32,4096
620292136,29.38,2568,29.21,4097
620532296,29.38,2568,29.11,4098
620641656,29.16,2568,29.11,4099
620772952,29.16,2569,29.05,4099
621014472,29.16,2569,28.95,4100
621237176,28.96,2569,28.95,4101
621256488,28.96,2570,28.89,4101
621499352,28.96,2570,28.79,4102
621743112,28.96,2570,28.68,4103
621837240,28.74,2570,28.68,4104
621987368,28.74,2571,28.62,4104
622232472,28.74,2571,28.52,4105
622441736,28.53,2571,28.52,4106
622478280,28.53,2572,28.44,4106
622724952,28.53,2572,28.34,4107
622972296,28.53,2572,28.27,4108
623050728,28.32,2572,28.27,4109
623220568,28.32,2573,28.16,4109
623469480,28.32,2573,28.09,4110
623664632,28.09,2573,28.09,4111
623719096,28.09,2574,28.01,4111
623969576,28.09,2574,27.91,4112
624220952,28.09,2574,27.81,4113
624283272,27.87,2574,27.81,4114
624473048,27.87,2575,27.73,4114
624725992,27.87,2575,27.64,4115
624906584,27.67,2575,27.64,4116
624979640,27.67,2576,27.56,4116
625234152,27.67,2576,27.47,4117
625489544,27.67,2576,27.37,4118
625535288,27.43,2576,27.37,4119
625745880,27.43,2577,27.27,4119
626002856,27.43,2577,27.21,4120
626168664,27.23,2577,27.21,4121
626260776,27.23,2578,27.11,4121
626519544,27.23,2578,27.02,4122
626779208,27.23,2578,26.92,4123
626807464,26.99,2578,26.92,4124
627039800,26.99,2579,26.83,4124
627301032,26.99,2579,26.76,4125
627451608,26.77,2579,26.76,4126
627563432,26.77,2580,26.64,4126
627826680,26.77,2580,26.56,4127
628090600,26.77,2580,26.49,4128
628101176,26.55,2580,26.49,4129
628355672,26.55,2581,26.37,4129
628621592,26.55,2581,26.29,4130
628756264,26.32,2581,26.29,4131
628888472,26.32,2582,26.2,4131
629156424,26.32,2582,26.09,4132
629417192,26.09,2582,26.09,4133
629425064,26.09,2583,26.02,4133
629695000,26.09,2583,25.9,4134
629965624,26.09,2583,25.83,4135
630083944,25.86,2583,25.83,4136
630237208,25.86,2584,25.74,4136
630509864,25.86,2584,25.64,4137
630756520,25.64,2584,25.64,4138
630783656,25.64,2585,25.53,4138
631058328,25.64,2585,25.45,4139
631333896,25.64,2585,25.37,4140
631435400,25.4,2585,25.37,4141
631610824,25.4,2586,25.25,4141
631888408,25.4,2586,25.19,4142
632120280,25.18,2586,25.19,4143
632167368,25.18,2587,25.06,4143
632447192,25.18,2587,24.98,4144
632728120,25.18,2587,24.89,4145
632811928,24.93,2587,24.89,4146
633010200,24.93,2588,24.78,4146
633293384,24.93,2588,24.69,4147
633510024,24.7,2588,24.69,4148
633577480,24.7,2589,24.61,4148
633862904,24.7,2589,24.49,4149
634149448,24.7,2589,24.4,4150
634214888,24.46,2589,24.4,4151
634437128,24.46,2590,24.3,4151
634725896,24.46,2590,24.21,4152
634926856,24.22,2590,24.21,4153
635015832,24.22,2591,24.11,4153
635307080,24.22,2591,24,4154
635599448,24.22,2591,23.91,4155
635645848,23.98,2591,23.91,4156
635892968,23.98,2592,23.82,4156
636188008,23.98,2592,23.7,4157
636372184,23.74,2592,23.7,4158
636483992,23.74,2593,23.62,4158
636781496,23.74,2593,23.5,4159
637080136,23.74,2593,23.41,4160
637106376,23.49,2593,23.41,4161
637380136,23.49,2594,23.3,4161
637681448,23.49,2594,23.2,4162
637848376,23.24,2594,23.2,4163
637984168,23.24,2595,23.09,4163
638288168,23.24,2595,23,4164
638593752,23.24,2595,22.88,4165
638598720,22.98,2595,22.88,4166
638900488,22.98,2596,22.79,4166
639208744,22.98,2596,22.68,4167
639357288,22.73,2596,22.68,4168
639518392,22.73,2597,22.58,4168
639829352,22.73,2597,22.48,4169
640124632,22.47,2597,22.48,4170
640141704,22.47,2598,22.38,4170
640455560,22.47,2598,22.28,4171
640770776,22.47,2598,22.18,4172
640900520,22.22,2598,22.18,4173
641087592,22.22,2599,22.07,4173
641405704,22.22,2599,21.98,4174
641685752,21.96,2599,21.98,4175
641725432,21.96,2600,21.87,4175
642046920,21.96,2600,21.75,4176
642369528,21.96,2600,21.67,4177
642480008,21.71,2600,21.67,4178
642693976,21.71,2601,21.55,4178
643019944,21.71,2601,21.45,4179
643283864,21.45,2601,21.45,4180
643347528,21.45,2602,21.34,4180
643676616,21.45,2602,21.24,4181
644007496,21.45,2602,21.13,4182
644097800,21.19,2602,21.13,4183
644339992,21.19,2603,21.03,4183
644674232,21.19,2603,20.92,4184
644921800,20.93,2603,20.92,4185
645010312,20.93,2604,20.8,4185
645347928,20.93,2604,20.71,4186
645687544,20.93,2604,20.59,4187
645756568,20.66,2604,20.59,4188
646028776,20.66,2605,20.49,4188
646371768,20.66,2605,20.38,4189
646602072,20.39,2605,20.38,4190
646716792,20.39,2606,20.26,4190
647063592,20.39,2606,20.16,4191
647412408,20.39,2606,20.04,4192
647459048,20.12,2606,20.04,4193
647763048,20.12,2607,19.94,4193
648115656,20.12,2607,19.83,4194
648327816,19.85,2607,19.83,4195
648470328,19.85,2608,19.71,4195
648826984,19.85,2608,19.6,4196
649185640,19.85,2608,19.49,4197
649208984,19.57,2608,19.49,4198
649546584,19.57,2609,19.37,4198
649909512,19.57,2609,19.26,4199
650102856,19.29,2609,19.26,4200
650274696,19.29,2610,19.14,4200
650642104,19.29,2610,19.03,4201
651009960,19.01,2610,19.03,4202
651011776,19.01,2611,18.91,4202
651383496,19.01,2611,18.81,4203
651757624,19.01,2611,18.69,4204
651930808,18.73,2611,18.69,4205
652134008,18.73,2612,18.57,4205
652513064,18.73,2612,18.44,4206
652866136,18.44,2612,18.44,4207
652894168,18.44,2613,18.34,4207
653278152,18.44,2613,18.21,4208
653664376,18.44,2613,18.1,4209
653816504,18.14,2613,18.1,4210
654053320,18.14,2614,17.97,4210
654444920,18.14,2614,17.85,4211
654782520,17.85,2614,17.85,4212
654839000,17.85,2615,17.74,4212
655235976,17.85,2615,17.61,4213
655635640,17.85,2615,17.49,4214
655765144,17.55,2615,17.49,4215
656038024,17.55,2616,17.37,4215
656443496,17.55,2616,17.24,4216
656764968,17.25,2616,17.24,4217
656851688,17.25,2617,17.13,4217
657263000,17.25,2617,17,4218
657677432,17.25,2617,16.87,4219
657782744,16.94,2617,16.87,4220
658095048,16.94,2618,16.74,4220
658515768,16.94,2618,16.62,4221
658820008,16.62,2618,16.62,4222
658939672,16.62,2619,16.49,4222
659367112,16.62,2619,16.36,4223
659797672,16.62,2619,16.24,4224
659877240,16.31,2619,16.24,4225
660231864,16.31,2620,16.1,4225
660669832,16.31,2620,15.96,4226
660955912,15.99,2620,15.96,4227
661111192,15.99,2621,15.84,4227
661556760,15.99,2621,15.69,4228
662005912,15.99,2621,15.57,4229
662057688,15.65,2621,15.57,4230
662459368,15.65,2622,15.42,4230
662916600,15.65,2622,15.29,4231
663183416,15.32,2622,15.29,4232
663378328,15.32,2623,15.14,4232
663844504,15.32,2623,15,4233
664314728,15.32,2623,14.87,4234
664335384,14.97,2623,14.87,4235
664789704,14.97,2624,14.72,4235
665268888,14.97,2624,14.59,4236
665514440,14.63,2624,14.59,4237
665752808,14.63,2625,14.45,4237
666241832,14.63,2625,14.3,4238
666722584,14.27,2625,14.3,4239
666735384,14.27,2626,14.17,4239
667234280,14.27,2626,14.01,4240
667738552,14.27,2626,13.86,4241
667961688,13.92,2626,13.86,4242
668247992,13.92,2627,13.72,4242
668763240,13.92,2627,13.57,4243
669234344,13.55,2627,13.57,4244
669284104,13.55,2628,13.42,4244
669811000,13.55,2628,13.27,4245
670344152,13.55,2628,13.11,4246
670542888,13.18,2628,13.11,4247
670883400,13.18,2629,12.96,4247
671429320,13.18,2629,12.81,4248
671890584,12.8,2629,12.81,4249
671982008,12.8,2630,12.65,4249
672542040,12.8,2630,12.48,4250
673109016,12.8,2630,12.33,4251
673281096,12.4,2630,12.33,4252
673683656,12.4,2631,12.17,4252
674266312,12.4,2631,12,4253
674718152,12,2631,12,4254
674857064,12,2632,11.83,4254
675456296,12,2632,11.67,4255
676064264,12,2632,11.5,4256
676206536,11.59,2632,11.5,4257
676681912,11.59,2633,11.32,4257
677308920,11.59,2633,11.15,4258
677752024,11.16,2633,11.15,4259
677946040,11.16,2634,10.97,4259
678593896,11.16,2634,10.79,4260
679252728,11.16,2634,10.61,4261
679360968,10.72,2634,10.61,4262
679923464,10.72,2635,10.42,4262
680606488,10.72,2635,10.24,4263
681041768,10.26,2635,10.24,4264
681302328,10.26,2636,10.05,4264
682011992,10.26,2636,9.85,4265
682736168,10.26,2636,9.65,4266
682804488,9.78,2636,9.65,4267
683476216,9.78,2637,9.45,4267
684233064,9.78,2637,9.24,4268
684663320,9.28,2637,9.24,4269
685008008,9.28,2638,9.02,4269
685801784,9.28,2638,8.81,4270
686614856,9.28,2638,8.6,4271
686634296,8.75,2638,8.6,4272
687450504,8.75,2639,8.37,4272
688311288,8.75,2639,8.12,4273
688737736,8.2,2639,8.12,4274
689194648,8.2,2640,7.91,4274
690106504,8.2,2640,7.67,4275
691004920,7.61,2640,7.67,4276
691049224,7.61,2641,7.42,4276
692026712,7.61,2641,7.15,4277
693040712,7.61,2641,6.89,4278
693477016,6.98,2641,6.89,4279
694097208,6.98,2642,6.62,4279
695201928,6.98,2642,6.33,4280
696221528,6.28,2642,6.33,4281
696359688,6.28,2643,6.04,4281
697583320,6.28,2643,5.71,4282
698879112,6.28,2643,5.4,4283
699350584,5.51,2643,5.4,4284
700264456,5.51,2644,5.05,4284
701760024,5.51,2644,4.67,4285
703077096,4.63,2644,4.67,4286
703392216,4.63,2645,4.28,4286
705214408,4.63,2645,3.84,4287
707295768,4.63,2645,3.36,4288
707938600,3.55,2645,3.36,4289
709810072,3.55,2646,2.78,4289
713204728,3.55,2646,2.06,4290
