5456680,3.16,26,0,26
5500648,3.16,27,1.27,26
5568392,3.16,27,103.47,27
5622584,103.94,27,103.47,28
5635864,103.94,28,103.88,28
5703368,103.94,28,103.83,29
5771096,103.94,28,103.49,30
5788648,103.84,28,103.49,31
5838440,103.84,29,104.08,31
5906152,103.84,29,103.51,32
5954616,103.9,29,103.51,33
5973720,103.9,30,103.74,33
6041224,103.9,30,103.83,34
6108712,103.9,30,103.86,35
6120424,104,30,103.86,36
6176264,104,31,103.76,36
6243752,104,31,103.86,37
6286376,103.91,31,103.86,38
6311304,103.91,32,103.76,38
6379016,103.91,32,103.51,39
6446504,103.91,32,103.86,40
6452392,103.87,32,103.86,41
6514056,103.87,33,103.76,41
6581544,103.87,33,103.86,42
6618344,103.91,33,103.86,43
6649096,103.91,34,103.76,43
6716584,103.91,34,103.86,44
6784072,103.91,34,103.86,45
6785696,103.04,34,103.86,46
6851672,103.04,35,103.69,46
6919160,103.04,35,103.86,47
6950152,104.85,35,103.86,48
6986728,104.85,36,103.74,48
7054232,104.85,36,103.83,49
7116136,103.89,36,103.83,50
7121800,103.89,37,103.74,50
7189304,103.89,37,103.83,51
7256808,103.89,37,103.83,52
7281976,103.98,37,103.83,53
7324376,103.98,38,103.74,53
7391880,103.98,38,103.83,54
7447720,104.04,38,103.83,55
7459432,104.04,39,103.76,55
7526920,104.04,39,103.86,56
7594408,104.04,39,103.86,57
7613736,103.87,39,103.86,58
7661960,103.87,40,103.76,58
7729448,103.87,40,103.86,59
7779464,104.05,40,103.86,60
7797000,104.05,41,103.76,60
7864488,104.05,41,103.86,61
7931976,104.05,41,103.86,62
7945480,103.87,41,103.86,63
7999528,103.87,42,103.76,63
8067016,103.87,42,103.86,64
8111224,104.04,42,103.86,65
8134360,104.04,43,104.08,65
8202088,104.04,43,103.49,66
8269368,104.04,43,104.18,67
8277048,103.99,43,104.18,68
8336920,103.99,44,103.76,68
8404408,103.99,44,103.86,69
8443016,103.9,44,103.86,70
8471976,103.9,45,103.74,70
8539464,103.9,45,103.86,71
8606952,103.9,45,103.86,72
8608800,104.01,45,103.86,73
8674328,104.01,46,104.03,73
8741816,104.01,46,103.86,74
8774600,104,46,103.86,75
8809384,104,47,103.74,75
8876888,104,47,103.83,76
8940360,104.03,47,103.83,77
8944456,104.03,48,103.74,77
9011960,104.03,48,103.83,78
9079240,104.03,48,104.18,79
9106184,103.99,48,104.18,80
9146808,103.99,49,103.74,80
9214312,103.99,49,103.83,81
9271944,104.03,49,103.83,82
9281864,104.03,50,103.76,82
9349352,104.03,50,103.86,83
9416840,104.03,50,103.86,84
9437736,104.01,50,103.86,85
9484168,104.01,51,104.11,85
9551672,104.01,51,103.83,86
9603496,104.03,51,103.83,87
9619240,104.03,52,103.74,87
9686744,104.03,52,103.83,88
9754024,104.03,52,104.18,89
9769320,103.99,52,104.18,90
9821576,103.99,53,103.76,90
9889064,103.99,53,103.86,91
9935048,104.05,53,103.86,92
9956392,104.05,54,104.11,92
10023880,104.05,54,103.86,93
10091416,104.05,54,103.78,94
10100712,104.09,54,103.78,95
10158840,104.09,55,103.96,95
10226376,104.09,55,103.78,96
10266584,103.96,55,103.78,97
10293800,103.96,56,103.96,97
10361336,103.96,56,103.78,98
10428648,103.96,56,104.13,99
10432336,104.03,56,104.13,100
10496120,104.03,57,103.88,100
10563704,104.03,57,103.71,101
10597912,104.15,57,103.71,102
10631000,104.15,58,104.15,102
10698600,104.15,58,103.69,103
10763736,103.99,58,103.69,104
10765904,103.99,59,104.14,104
10833528,103.99,59,103.65,105
10900888,103.99,59,104.06,106
10929496,104.03,59,104.06,107
10968184,104.03,60,104.15,107
11035768,104.03,60,103.71,108
11095064,104.15,60,103.71,109
11103064,104.15,61,104.15,109
11170664,104.15,61,103.69,110
11238040,104.15,61,104.03,111
11260840,104.02,61,104.03,112
11305592,104.02,62,103.76,112
11372952,104.02,62,104.06,113
11426424,104.14,62,104.06,114
11440248,104.14,63,104.15,114
11507832,104.14,63,103.71,115
11575192,104.14,63,104.06,116
11592168,104.04,63,104.06,117
11642728,104.04,64,103.78,117
11710104,104.04,64,104.03,118
11757768,104.13,64,104.03,119
11777416,104.13,65,104.13,119
11845000,104.13,65,103.71,120
11912360,104.13,65,104.06,121
11923496,104.05,65,104.06,122
11979880,104.05,66,103.81,122
12047240,104.05,66,104.06,123
12089080,104.14,66,104.06,124
12114568,104.14,67,104.11,124
12182184,104.14,67,103.66,125
12249560,104.14,67,104.03,126
12254664,104.14,67,104.03,127
12316872,104.14,68,104.13,127
12384232,104.14,68,104.06,128
12420472,104,68,104.06,129
12451768,104,69,103.78,129
12519144,104,69,104.03,130
12586072,104.13,69,104.03,131
12587792,104.13,70,102.1,131
12653880,104.13,70,106.06,132
12721464,104.13,70,103.71,133
12751640,104.15,70,103.71,134
12788776,104.15,71,104.13,134
12856152,104.15,71,104.03,135
12917256,104.12,71,104.03,136
12923464,104.12,72,104.13,136
12991080,104.12,72,103.66,137
13058472,104.12,72,104.01,138
13082824,104.15,72,104.01,139
13125768,104.15,73,104.15,139
13193128,104.15,73,104.06,140
13248408,104.14,73,104.06,141
13260680,104.14,74,103.76,141
13328056,104.14,74,104.03,142
13395432,104.14,74,104.03,143
13413960,104.16,74,104.03,144
13462728,104.16,75,104.15,144
13530312,104.16,75,103.71,145
13579528,104.15,75,103.71,146
13597608,104.15,76,104.15,146
13664984,104.15,76,104.03,147
13732360,104.15,76,104.03,148
13745288,104.03,76,104.03,149
13799656,104.03,77,104.15,149
13867256,104.03,77,103.69,150
13910872,104.14,77,103.69,151
13934568,104.14,78,104.13,151
14001944,104.14,78,104.03,152
14069320,104.14,78,104.03,153
14076424,104.16,78,104.03,154
14136616,104.16,79,104.15,154
14203976,104.16,79,104.06,155
14241784,104.28,79,104.06,156
14271528,104.28,80,103.76,156
14338888,104.28,80,104.06,157
14406264,104.28,80,104.03,158
14407992,103.75,80,104.03,159
14473624,103.75,81,104.06,159
14540984,103.75,81,104.06,160
14572952,104.53,81,104.06,161
14608280,104.53,82,104.15,161
14675656,104.53,82,104.03,162
14738552,104.13,82,104.03,163
14742968,104.13,83,104.13,163
14810344,104.13,83,104.03,164
14877720,104.13,83,104.03,165
14904088,104.17,83,104.03,166
14945256,104.17,84,103.78,166
15012632,104.17,84,104.03,167
15069480,104.26,84,104.03,168
15079944,104.26,85,104.13,168
15147304,104.26,85,104.06,169
15214680,104.26,85,104.03,170
15235000,104.18,85,104.03,171
15281992,104.18,86,104.13,171
15349368,104.18,86,104.03,172
15400616,104.12,86,104.03,173
15416696,104.12,87,104.11,173
15484056,104.12,87,104.06,174
15551416,104.12,87,104.06,175
15565928,104.31,87,104.06,176
15618728,104.31,88,104.13,176
15686104,104.31,88,104.03,177
15731512,104.14,88,104.03,178
15753416,104.14,89,104.13,178
15820776,104.14,89,104.06,179
15888152,104.14,89,104.03,180
15897064,104.16,89,104.03,181
15955464,104.16,90,104.13,181
16022824,104.16,90,104.06,182
16062408,104.29,90,104.06,183
16090136,104.29,91,104.13,183
16157720,104.29,91,103.71,184
16224856,104.29,91,104.4,185
16227928,104.18,91,104.4,186
16292376,104.18,92,103.81,186
16359736,104.18,92,104.06,187
16393288,104.28,92,104.06,188
16427048,104.28,93,104.13,188
16494408,104.28,93,104.06,189
16558872,104.14,93,104.06,190
16561728,104.14,94,104.12,190
16628888,104.14,94,104.37,191
16696248,104.14,94,104.06,192
16724200,104.3,94,104.06,193
16763576,104.3,95,104.11,193
16830952,104.3,95,104.03,194
16889576,104.27,95,104.03,195
16898264,104.27,96,104.13,195
16965624,104.27,96,104.06,196
17033000,104.27,96,104.03,197
17055128,104.16,96,104.03,198
17100312,104.16,97,104.13,198
17167688,104.16,97,104.03,199
17220488,104.28,97,104.03,200
17235000,104.28,98,104.13,200
17302360,104.28,98,104.06,201
17369512,104.28,98,104.38,202
17385816,104.3,98,104.38,203
17436824,104.3,99,104.13,203
17504184,104.3,99,104.06,204
17551400,104.14,99,104.06,205
17571496,104.14,100,104.13,205
17638920,104.14,100,103.96,206
17706120,104.14,100,104.3,207
17716648,104.35,100,104.3,208
17773544,104.35,101,103.96,208
17840968,104.35,101,103.96,209
17882184,104.17,101,103.96,210
17908168,104.17,102,104.3,210
17975592,104.17,102,103.96,211
18042792,104.17,102,104.3,212
18047496,104.31,102,104.3,213
18109992,104.31,103,104.3,213
18177416,104.31,103,103.96,214
18212808,104.31,103,103.96,215
18244616,104.31,104,104.3,215
18312040,104.31,104,103.96,216
18378120,104.31,104,103.96,217
18379896,104.31,105,103.3,217
18446728,104.31,105,104.88,218
18513928,104.31,105,104.3,219
18543496,104.27,105,104.3,220
18581128,104.27,106,104.3,220
18648552,104.27,106,103.96,221
18708808,104.31,106,103.96,222
18715752,104.31,107,104.3,222
18783176,104.31,107,103.96,223
18850376,104.31,107,104.3,224
18874344,104.17,107,104.3,225
18917800,104.17,108,103.96,225
18985000,104.17,108,104.3,226
19039656,104.31,108,104.3,227
19052200,104.31,109,104.3,227
19119624,104.31,109,103.96,228
19186824,104.31,109,104.3,229
19204968,104.31,109,104.3,230
19254248,104.31,110,103.96,230
19321448,104.31,110,104.3,231
19370280,104.31,110,104.3,232
19388648,104.31,111,104.3,232
19456072,104.31,111,103.96,233
19523272,104.31,111,104.3,234
19535592,104.31,111,104.3,235
19590696,104.31,112,103.96,235
19657896,104.31,112,104.3,236
19700904,104.31,112,104.3,237
19725096,104.31,113,104.3,237
19792520,104.31,113,103.96,238
19859720,104.31,113,104.3,239
19866208,104.32,113,104.3,240
19927128,104.32,114,103.98,240
19994328,104.32,114,104.3,241
20031512,104.32,114,104.3,242
20061528,104.32,115,104.3,242
20128952,104.32,115,103.96,243
20196152,104.32,115,104.3,244
20197928,103.62,115,104.3,245
20263384,103.62,116,104.25,245
20330584,103.62,116,104.3,246
20361944,105.14,116,104.3,247
20398008,105.14,117,103.96,247
20465208,105.14,117,104.3,248
20527256,104.31,117,104.3,249
20532400,104.31,118,104.32,249
20599816,104.31,118,103.97,250
20667016,104.31,118,104.3,251
20692552,104.32,118,104.3,252
20734216,104.32,119,104.3,252
20801640,104.32,119,103.96,253
20857864,104.31,119,103.96,254
20868840,104.31,120,104.3,254
20936040,104.31,120,104.3,255
21003240,104.31,120,104.3,256
21022952,104.45,120,104.3,257
21070440,104.45,121,104.3,257
21137864,104.45,121,103.96,258
21188264,104.31,121,103.96,259
21205064,104.31,122,104.3,259
21272264,104.31,122,104.3,260
21339464,104.31,122,104.3,261
21353576,104.31,122,104.3,262
21406888,104.31,123,103.96,262
21474088,104.31,123,104.3,263
21518664,104.45,123,104.3,264
21541288,104.45,124,104.3,264
21608488,104.45,124,104.3,265
21675688,104.45,124,104.3,266
21683976,104.31,124,104.3,267
21743112,104.31,125,103.96,267
21810312,104.31,125,104.3,268
21849064,104.45,125,104.3,269
21877512,104.45,126,104.3,269
21944712,104.45,126,104.3,270
22011912,104.45,126,104.3,271
22014360,104.32,126,104.3,272
22079144,104.32,127,104.25,272
22146568,104.32,127,103.96,273
22179496,104.42,127,103.96,274
22213768,104.42,128,104.3,274
22280968,104.42,128,104.3,275
22344808,104.31,128,104.3,276
22348160,104.31,129,104.32,276
22415352,104.31,129,104.32,277
22482776,104.31,129,103.96,278
22509880,104.46,129,103.96,279
22549976,104.46,130,104.3,279
22617176,104.46,130,104.3,280
22675192,104.31,130,104.3,281
22684376,104.31,131,104.3,281
22751576,104.31,131,104.3,282
22818776,104.31,131,104.3,283
22840280,104.45,131,104.3,284
22885976,104.45,132,104.3,284
22953176,104.45,132,104.3,285
23005368,104.45,132,104.3,286
23020376,104.45,133,104.3,286
23087800,104.45,133,103.96,287
23155000,104.45,133,104.3,288
23170456,104.45,133,104.3,289
23222200,104.45,134,104.3,289
23289400,104.45,134,104.3,290
23335768,104.31,134,104.3,291
23356600,104.31,135,104.3,291
23423800,104.31,135,104.3,292
23491000,104.31,135,104.3,293
23500856,104.45,135,104.3,294
23558200,104.45,136,104.3,294
23625400,104.45,136,104.3,295
23665944,104.45,136,104.3,296
23692600,104.45,137,104.3,296
23759800,104.45,137,104.3,297
23827000,104.45,137,104.3,298
23831024,104.46,137,104.3,299
23894184,104.46,138,104.33,299
23961384,104.46,138,104.3,300
23996328,104.32,138,104.3,301
24028584,104.32,139,104.3,301
24096008,104.32,139,103.96,302
24161416,104.45,139,103.96,303
24163184,104.45,140,104.34,303
24230216,104.45,140,104.56,304
24297416,104.45,140,104.3,305
24326536,104.43,140,104.3,306
24364616,104.43,141,104.3,306
24431816,104.43,141,104.3,307
24491624,104.45,141,104.3,308
24499008,104.45,142,104.32,308
24566216,104.45,142,104.29,309
24633416,104.45,142,104.3,310
24656712,104.45,142,104.3,311
24700616,104.45,143,104.3,311
24767816,104.45,143,104.3,312
24821800,104.45,143,104.3,313
24835016,104.45,144,104.3,313
24902216,104.45,144,104.3,314
24969416,104.45,144,104.3,315
24986888,104.45,144,104.3,316
25036616,104.45,145,104.3,316
25103816,104.45,145,104.3,317
25151976,104.45,145,104.3,318
25171016,104.45,146,104.3,318
25238216,104.45,146,104.3,319
25305416,104.45,146,104.3,320
25316840,104.6,146,104.3,321
25372616,104.6,147,104.3,321
25439816,104.6,147,104.3,322
25481928,104.45,147,104.3,323
25506792,104.45,148,104.65,323
25574216,104.45,148,103.96,324
25641192,104.45,148,104.65,325
25647008,104.46,148,104.65,326
25708392,104.46,149,104.3,326
25775592,104.46,149,104.3,327
25812104,104.45,149,104.3,328
25842792,104.45,150,104.3,328
25909992,104.45,150,104.3,329
25977192,104.45,150,104.3,330
25978740,104.45,151,101.95,330
26044424,104.45,151,106.71,331
26111400,104.45,151,104.65,332
26142088,104.57,151,104.65,333
26178600,104.57,152,104.3,333
26245800,104.57,152,104.3,334
26307176,104.45,152,104.3,335
26312992,104.45,153,104.32,335
26380184,104.45,153,104.32,336
26447384,104.45,153,104.3,337
26472248,104.46,153,104.3,338
26514584,104.46,154,104.3,338
26581784,104.46,154,104.3,339
26637112,104.6,154,104.3,340
26648760,104.6,155,104.65,340
26715960,104.6,155,104.3,341
26783160,104.6,155,104.3,342
26802200,104.45,155,104.3,343
26850360,104.45,156,104.3,343
26917560,104.45,156,104.3,344
26967288,104.45,156,104.3,345
26984536,104.45,157,104.65,345
27051736,104.45,157,104.3,346
27118936,104.45,157,104.3,347
27132152,104.6,157,104.3,348
27186136,104.6,158,104.3,348
27253336,104.6,158,104.3,349
27297240,104.45,158,104.3,350
27320312,104.45,159,104.65,350
27387512,104.45,159,104.3,351
27454712,104.45,159,104.3,352
27462096,104.6,159,104.3,353
27521896,104.6,160,104.33,353
27589096,104.6,160,104.3,354
27627176,104.46,160,104.3,355
27656072,104.46,161,104.65,355
27723272,104.46,161,104.3,356
27790472,104.46,161,104.3,357
27857448,104.46,161,104.65,358
27924648,104.46,161,104.3,359
27957128,52.26,161,104.3,360
27991800,52.26,162,104.38,360
28058952,52.26,162,104.38,361
28122056,104.55,162,104.38,362
28126088,104.55,163,104.4,362
28193288,104.55,163,104.3,363
28260488,104.55,163,104.3,364
28286920,104.6,163,104.3,365
28327464,104.6,164,104.65,365
28394664,104.6,164,104.3,366
28452008,104.45,164,104.3,367
28461864,104.45,165,104.3,367
28528840,104.45,165,104.65,368
28596040,104.45,165,104.3,369
28616872,104.6,165,104.3,370
28663240,104.6,166,104.3,370
28730440,104.6,166,104.3,371
28781736,104.6,166,104.3,372
28797416,104.6,167,104.65,372
28864616,104.6,167,104.3,373
28931592,104.6,167,104.65,374
28946600,104.6,167,104.65,375
28998792,104.6,168,104.3,375
29065992,104.6,168,104.3,376
29111688,104.45,168,104.3,377
29132968,104.45,169,104.65,377
29200168,104.45,169,104.3,378
29267368,104.45,169,104.3,379
29276552,104.6,169,104.3,380
29334344,104.6,170,104.65,380
29401544,104.6,170,104.3,381
29441416,104.6,170,104.3,382
29468744,104.6,171,104.3,382
29535720,104.6,171,104.65,383
29602920,104.6,171,104.3,384
29606272,104.6,171,104.3,385
29670104,104.6,172,104.33,385
29737080,104.6,172,104.65,386
29771128,104.6,172,104.65,387
29804280,104.6,173,104.3,387
29871256,104.6,173,104.65,388
29935992,104.6,173,104.65,389
29938440,104.6,174,104.33,389
30005464,104.6,174,104.58,390
30072664,104.6,174,104.3,391
30100888,104.57,174,104.3,392
30139640,104.57,175,104.65,392
30206840,104.57,175,104.3,393
30265752,104.6,175,104.3,394
30274040,104.6,176,104.3,394
30341016,104.6,176,104.65,395
30408216,104.6,176,104.3,396
30430616,104.6,176,104.3,397
30475192,104.6,177,104.65,397
30542392,104.6,177,104.3,398
30595480,104.6,177,104.3,399
30609368,104.6,178,104.65,399
30676568,104.6,178,104.3,400
30743768,104.6,178,104.3,401
30760344,104.6,178,104.3,402
30810744,104.6,179,104.65,402
30877944,104.6,179,104.3,403
30925208,104.6,179,104.3,404
30944920,104.6,180,104.65,404
31012120,104.6,180,104.3,405
31079096,104.6,180,104.65,406
31090072,104.6,180,104.65,407
31146296,104.6,181,104.3,407
31213272,104.6,181,104.65,408
31254936,104.6,181,104.65,409
31280472,104.6,182,104.3,409
31347448,104.6,182,104.65,410
31414648,104.6,182,104.3,411
31419792,104.6,182,104.3,412
31481624,104.6,183,104.65,412
31548824,104.6,183,104.3,413
31584440,104.73,183,104.3,414
31615800,104.73,184,104.65,414
31683000,104.73,184,104.3,415
31749304,104.6,184,104.3,416
31751072,104.6,185,102.97,416
31816984,104.6,185,106.34,417
31884184,104.6,185,104.3,418
31914200,104.57,185,104.3,419
31951160,104.57,186,104.65,419
32018360,104.57,186,104.3,420
32079064,104.6,186,104.3,421
32085336,104.6,187,104.65,421
32152536,104.6,187,104.3,422
32219512,104.6,187,104.65,423
32243704,104.74,187,104.65,424
32286712,104.74,188,104.3,424
32353688,104.74,188,104.65,425
32408568,104.6,188,104.65,426
32420664,104.6,189,104.65,426
32487864,104.6,189,104.3,427
32554840,104.6,189,104.65,428
32573432,104.6,189,104.65,429
32622040,104.6,190,104.3,429
32689016,104.6,190,104.65,430
32738072,104.74,190,104.65,431
32755992,104.74,191,104.65,431
32823192,104.74,191,104.3,432
32890168,104.74,191,104.65,433
32902936,104.6,191,104.65,434
32957368,104.6,192,104.3,434
33024344,104.6,192,104.65,435
33067576,104.74,192,104.65,436
33091320,104.74,193,104.65,436
33158520,104.74,193,104.3,437
33225496,104.74,193,104.65,438
33232440,104.6,193,104.65,439
33292696,104.6,194,104.3,439
33359672,104.6,194,104.65,440
33397080,104.74,194,104.65,441
33426648,104.74,195,104.65,441
33493848,104.74,195,104.3,442
33560824,104.74,195,104.65,443
33562592,104.19,195,104.65,444
33627832,104.19,196,104.6,444
33695032,104.19,196,104.3,445
33726616,105.13,196,104.3,446
33762008,105.13,197,104.65,446
33828984,105.13,197,104.65,447
33891480,104.6,197,104.65,448
33896176,104.6,198,104.32,448
33963160,104.6,198,104.64,449
34030136,104.6,198,104.65,450
34056120,104.74,198,104.65,451
34097336,104.74,199,104.3,451
34164312,104.74,199,104.65,452
34220760,104.74,199,104.65,453
34231288,104.74,200,104.65,453
34298488,104.74,200,104.3,454
34365464,104.74,200,104.65,455
34385624,104.6,200,104.65,456
34432440,104.6,201,104.65,456
34499640,104.6,201,104.3,457
34550264,104.74,201,104.3,458
34566616,104.74,202,104.65,458
34633592,104.74,202,104.65,459
34700568,104.74,202,104.65,460
34714904,104.74,202,104.65,461
34767768,104.74,203,104.3,461
34834744,104.74,203,104.65,462
34879768,104.6,203,104.65,463
34901720,104.6,204,104.65,463
34968696,104.6,204,104.65,464
35035896,104.6,204,104.3,465
35044408,104.74,204,104.3,466
35102872,104.74,205,104.65,466
35169848,104.74,205,104.65,467
35209048,104.74,205,104.65,468
35236824,104.74,206,104.65,468
35304024,104.74,206,104.3,469
35371000,104.74,206,104.65,470
35373688,104.74,206,104.65,471
35438008,104.74,207,104.6,471
35504984,104.74,207,104.65,472
35538360,104.72,207,104.65,473
35571960,104.72,208,104.65,473
35639160,104.72,208,104.3,474
35703000,104.74,208,104.3,475
35706128,104.74,209,104.66,475
35773096,104.74,209,104.66,476
35840072,104.74,209,104.65,477
35867848,104.61,209,104.65,478
35907048,104.61,210,104.65,478
35974248,104.61,210,104.3,479
36032488,104.74,210,104.3,480
36041224,104.74,211,104.65,480
36108200,104.74,211,104.65,481
36175176,104.74,211,104.65,482
36197128,104.74,211,104.65,483
36242152,104.74,212,104.65,483
36309352,104.74,212,104.3,484
36361768,104.74,212,104.3,485
36376328,104.74,213,104.65,485
36443304,104.74,213,104.65,486
36510280,104.74,213,104.65,487
36526408,104.74,213,104.65,488
36577256,104.74,214,104.65,488
36644456,104.74,214,104.3,489
36691048,104.74,214,104.3,490
36711432,104.74,215,104.65,490
36774152,104.74,215,111.75,491
36778400,104.74,215,104.61,492
36845400,104.74,215,104.61,493
36855704,104.73,215,104.61,494
36912376,104.73,216,104.65,494
36979352,104.73,216,104.65,495
37020344,104.74,216,104.65,496
37046328,104.74,217,104.65,496
37113304,104.74,217,104.65,497
37180280,104.74,217,104.65,498
37184760,104.88,217,104.65,499
37247480,104.88,218,104.3,499
37314456,104.88,218,104.65,500
37349400,104.74,218,104.65,501
37381432,104.74,219,104.65,501
37448408,104.74,219,104.65,502
37514040,104.74,219,104.65,503
37515816,104.74,220,103.98,503
37582392,104.74,220,105.28,504
37649368,104.74,220,104.65,505
37678712,104.72,220,104.65,506
37716344,104.72,221,104.65,506
37783320,104.72,221,104.65,507
37843352,104.74,221,104.65,508
37850296,104.74,222,104.65,508
37917272,104.74,222,104.65,509
37984248,104.74,222,104.65,510
38007768,104.88,222,104.65,511
38051224,104.88,223,104.65,511
38118424,104.88,223,104.3,512
38172408,104.74,223,104.3,513
38185400,104.74,224,104.65,513
38252376,104.74,224,104.65,514
38319352,104.74,224,104.65,515
38337048,104.74,224,104.65,516
38386328,104.74,225,104.65,516
38453304,104.74,225,104.65,517
38501688,104.74,225,104.65,518
38520280,104.74,226,104.65,518
38587256,104.74,226,104.65,519
38654232,104.74,226,104.65,520
38666104,104.88,226,104.65,521
38721208,104.88,227,104.65,521
38788184,104.88,227,104.65,522
38830744,104.74,227,104.65,523
38855160,104.74,228,104.65,523
38922136,104.74,228,104.65,524
38989112,104.74,228,104.65,525
38995384,104.74,228,104.65,526
39056088,104.74,229,104.65,526
39123064,104.74,229,104.65,527
39159800,104.88,229,104.65,528
39190040,104.88,230,104.65,528
39257016,104.88,230,104.65,529
39323992,104.88,230,104.65,530
39325760,103.9,230,104.65,531
39391000,103.9,231,104.6,531
39457976,103.9,231,104.65,532
39488888,105.71,231,104.65,533
39524952,105.71,232,104.65,533
39591928,105.71,232,104.65,534
39653528,104.74,232,104.65,535
39658896,104.74,233,104.66,535
39725880,104.74,233,104.64,536
39792856,104.74,233,104.65,537
39817944,104.88,233,104.65,538
39859608,104.88,234,105,538
39926776,104.88,234,104.35,539
39982552,104.76,234,104.35,540
39993528,104.76,235,105,540
40060728,104.76,235,104.3,541
40127480,104.76,235,105,542
40146952,104.89,235,105,543
40194440,104.89,236,104.68,543
40261416,104.89,236,104.65,544
40311592,104.74,236,104.65,545
40328392,104.74,237,104.65,545
40395368,104.74,237,104.65,546
40462344,104.74,237,104.65,547
40476008,104.88,237,104.65,548
40529320,104.88,238,104.65,548
40596296,104.88,238,104.65,549
40640648,104.74,238,104.65,550
40663272,104.74,239,104.65,550
40730248,104.74,239,104.65,551
40797224,104.74,239,104.65,552
40805056,104.89,239,104.65,553
40863976,104.89,240,105,553
40930952,104.89,240,104.65,554
40969480,104.88,240,104.65,555
40997928,104.88,241,104.65,555
41064904,104.88,241,104.65,556
41131880,104.88,241,104.65,557
41134112,104.74,241,104.65,558
41198888,104.74,242,104.6,558
41265864,104.74,242,104.65,559
41298568,104.85,242,104.65,560
41332616,104.85,243,105,560
41399592,104.85,243,104.65,561
41462984,104.88,243,104.65,562
41466560,104.88,244,104.66,562
41533544,104.88,244,104.64,563
41600520,104.88,244,104.65,564
41627400,104.88,244,104.65,565
41667496,104.88,245,104.65,565
41734472,104.88,245,104.65,566
41791816,104.88,245,104.65,567
41801224,104.88,246,105,567
41868200,104.88,246,104.65,568
41935176,104.88,246,104.65,569
41956456,104.74,246,104.65,570
42002152,104.74,247,104.65,570
42069128,104.74,247,104.65,571
42120872,104.88,247,104.65,572
42135880,104.88,248,105,572
42203048,104.88,248,104.35,573
42269800,104.88,248,105,574
42285224,104.92,248,105,575
42336744,104.92,249,104.7,575
42403720,104.92,249,104.65,576
42449640,104.88,249,104.65,577
42470696,104.88,250,104.65,577
42537672,104.88,250,104.65,578
42604424,104.88,250,105,579
42614056,104.88,250,105,580
42671400,104.88,251,104.65,580
42738376,104.88,251,104.65,581
42778472,104.88,251,104.65,582
42805352,104.88,252,104.65,582
42872328,104.88,252,104.65,583
42939080,104.88,252,105,584
42942888,104.88,252,105,585
43006024,104.88,253,104.7,585
43073000,104.88,253,104.65,586
43107496,104.76,253,104.65,587
43139976,104.76,254,104.65,587
43206952,104.76,254,104.65,588
43271912,104.88,254,104.65,589
43273688,104.88,255,105.03,589
43340712,104.88,255,104.58,590
43407688,104.88,255,104.65,591
43436136,105,255,104.65,592
43474440,105,256,105,592
43541416,105,256,104.65,593
43600536,104.89,256,104.65,594
43608376,104.89,257,104.68,594
43675352,104.89,257,104.65,595
43742104,104.89,257,105,596
43764936,104.89,257,105,597
43809064,104.89,258,104.68,597
43876040,104.89,258,104.65,598
43929352,104.88,258,104.65,599
43942792,104.88,259,105,599
44009768,104.88,259,104.65,600
44076744,104.88,259,104.65,601
44093768,104.88,259,104.65,602
44143720,104.88,260,104.65,602
44210472,104.88,260,105,603
44258152,104.9,260,105,604
44277416,104.9,261,104.7,604
44344392,104.9,261,104.65,605
44411144,104.9,261,105,606
44422536,104.9,261,105,607
44478056,104.9,262,104.75,607
44545032,104.9,262,104.65,608
44586920,104.9,262,104.65,609
44612008,104.9,263,104.65,609
44678984,104.9,263,104.65,610
44745736,104.9,263,105,611
44751304,104.9,263,105,612
44812648,104.9,264,104.75,612
44879624,104.9,264,104.65,613
44915688,104.9,264,104.65,614
44946376,104.9,265,105,614
45013336,104.9,265,104.68,615
45080088,104.89,265,104.68,616
45081856,104.89,266,102.29,616
45147096,104.89,266,107.44,617
45214072,104.89,266,104.65,618
45244312,105,266,104.65,619
45280824,105,267,105,619
45347768,105,267,104.7,620
45408680,104.91,267,104.7,621
45414728,104.91,268,104.68,621
45481704,104.91,268,104.65,622
45548456,104.91,268,105,623
45573080,104.89,268,105,624
45615416,104.89,269,104.68,624
45682392,104.89,269,104.65,625
45737496,104.88,269,104.65,626
45749144,104.88,270,105,626
45816104,104.88,270,104.68,627
45883080,104.88,270,104.65,628
45901672,105.03,270,104.65,629
45949832,105.03,271,105,629
46016792,105.03,271,104.68,630
46066072,104.89,271,104.68,631
46083544,104.89,272,105,631
46150520,104.89,272,104.65,632
46217496,104.89,272,104.65,633
46230488,104.88,272,104.65,634
46284248,104.88,273,105,634
46351192,104.88,273,104.7,635
46394648,105.04,273,104.7,636
46417944,105.04,274,105,636
46484888,105.04,274,104.7,637
46551832,105.04,274,104.7,638
46558984,104.93,274,104.7,639
46618792,104.93,275,104.68,639
46685544,104.93,275,105,640
46723400,104.88,275,105,641
46752520,104.88,276,104.65,641
46819272,104.88,276,105,642
46886232,104.88,276,104.68,643
46888008,104.76,276,104.68,644
46953016,104.76,277,104.95,644
47019992,104.76,277,104.65,645
47052024,105.14,277,104.65,646
47086744,105.14,278,105,646
47153720,105.14,278,104.65,647
47216216,105.02,278,104.65,648
47220464,105.02,279,105.02,648
47287416,105.02,279,104.69,649
47354392,105.02,279,104.65,650
47380376,105.04,279,104.65,651
47421144,105.04,280,105,651
47488104,105.04,280,104.68,652
47544744,104.91,280,104.68,653
47555048,104.91,281,104.7,653
47621800,104.91,281,105,654
47688776,104.91,281,104.65,655
47708936,105.02,281,104.65,656
47755528,105.02,282,105,656
47822472,105.02,282,104.7,657
47873304,104.91,282,104.7,658
47889208,104.91,283,105.03,658
47956184,104.91,283,104.65,659
48023160,104.91,283,104.65,660
48037496,105.02,283,104.65,661
48090360,105.02,284,104.3,661
48158008,105.02,284,103.61,662
48201688,105.02,284,103.61,663
48226328,105.02,285,102.59,663
48294648,105.02,285,102.59,664
48363416,105.02,285,101.93,665
48366104,104.88,285,101.93,666
48432648,104.88,286,101.24,666
48501864,104.88,286,101.27,667
48530760,104.73,286,101.27,668
48571528,104.73,287,100.61,668
48641416,104.73,287,100.29,669
48695400,104.74,287,100.29,670
48711528,104.74,288,99.97,670
48782040,104.74,288,99.4,671
48852776,104.74,288,99.09,672
48860120,104.69,288,99.09,673
48923912,104.69,289,98.53,673
48995320,104.69,289,98.16,674
49025288,104.4,289,98.16,675
49067112,104.4,290,97.63,675
49138968,104.4,290,97.55,676
49190440,104.41,290,97.55,677
49211240,104.41,291,96.98,677
49283992,104.41,291,96.34,678
49355624,104.39,291,96.34,679
49357360,104.39,292,95.53,679
49430168,104.39,292,96.27,680
49503816,104.39,292,95.17,681
49521032,104.25,292,95.17,682
49577640,104.25,293,94.94,682
49651736,104.25,293,94.6,683
49686632,104.13,293,94.6,684
49726216,104.13,294,94.11,684
49801208,104.13,294,93.47,685
49852456,103.99,294,93.47,686
49876360,103.99,295,93.27,686
49951800,103.99,295,92.91,687
50018280,103.99,295,92.91,688
50027408,103.99,296,92.7,688
50103512,103.99,296,92.1,689
50180072,103.99,296,91.55,690
50184272,103.88,296,91.55,691
50256792,103.88,297,91.36,691
50333800,103.88,297,91.02,692
50350552,103.7,297,91.02,693
50411192,103.7,298,90.57,693
50489096,103.7,298,89.97,694
50516824,103.71,298,89.97,695
50567176,103.71,299,89.77,695
50645528,103.71,299,89.46,696
50683336,103.56,299,89.46,697
50724264,103.56,300,89.02,697
50803288,103.56,300,88.7,698
50850072,103.42,300,88.7,699
50882712,103.42,301,88.25,699
50962632,103.42,301,87.7,700
51016792,103.43,301,87.7,701
51042728,103.43,302,87.51,701
51123096,103.43,302,87.21,702
51183752,103.28,302,87.21,703
51203864,103.28,303,86.78,703
51285128,103.28,303,86.25,704
51350696,103.29,303,86.25,705
51366536,103.29,304,86.1,705
51448456,103.29,304,85.56,706
51518056,103.04,304,85.56,707
51530536,103.04,305,85.39,707
51613144,103.04,305,84.85,708
51685432,103.03,305,84.85,709
51695896,103.03,306,84.7,709
51779176,103.03,306,84.16,710
51853032,102.89,306,84.16,711
51862840,102.89,307,83.78,711
51946792,102.89,307,83.49,712
52020648,102.88,307,83.49,713
52031112,102.88,308,83.13,713
52115736,102.88,308,82.83,714
52188472,102.75,308,82.83,715
52200728,102.75,309,82.47,715
52286232,102.75,309,81.98,716
52356520,102.61,309,81.98,717
52371912,102.61,310,81.81,717
52458120,102.61,310,81.31,718
52524616,102.58,310,81.31,719
52544520,102.58,311,81.12,719
52631592,102.58,311,80.5,720
52692920,102.46,311,80.5,721
52718856,102.46,312,80.32,721
52806376,102.46,312,80.09,722
52861432,102.33,312,80.09,723
52894520,102.33,313,79.52,723
52982952,102.33,313,79.26,724
53030152,102.2,313,79.26,725
53071752,102.2,314,78.93,725
53160856,102.2,314,78.66,726
53198888,102.2,314,78.66,727
53250344,102.2,315,78.33,727
53340328,102.2,315,77.89,728
53367816,102.08,315,77.89,729
53430696,102.08,316,77.56,729
53521352,102.08,316,77.32,730
53536984,101.93,316,77.32,731
53612632,101.93,317,76.79,731
53703960,101.93,317,76.75,732
53706136,101.94,317,76.75,733
53795976,101.94,318,76.17,733
53875432,101.86,318,76.17,734
53888168,101.86,319,76.03,734
53981064,101.86,319,75.45,735
54045080,101.65,319,75.45,736
54074136,101.65,320,75.31,736
54167720,101.65,320,74.9,737
54214712,101.66,320,74.9,738
54261688,101.66,321,74.59,738
54355944,101.66,321,74.36,739
54384568,101.52,321,74.36,740
54450824,101.52,322,73.87,740
54545992,101.52,322,73.65,741
54554696,101.36,322,73.65,742
54641544,101.36,323,73.35,742
54724824,101.36,323,73.35,743
54737528,101.36,324,73.02,743
54834008,101.36,324,72.65,744
54895112,101.26,324,72.65,745
54930888,101.26,325,72.35,745
55028264,101.26,325,71.98,746
55065640,101.12,325,71.98,747
55125832,101.12,326,71.84,747
55224120,101.12,326,71.31,748
55236168,101.12,326,71.31,749
55322600,101.12,327,71.17,749
55407000,100.94,327,71.17,750
55421496,100.94,328,70.87,750
55521112,100.94,328,70.36,751
55577960,100.87,328,70.36,752
55620904,100.87,329,70.24,752
55721192,100.87,329,69.89,753
55748920,100.87,329,69.89,754
55821880,100.87,330,69.61,754
55920184,100.69,330,69.61,755
55923056,100.69,331,69.28,755
56024696,100.69,331,68.96,756
56091608,100.59,331,68.96,757
56126728,100.59,332,68.7,757
56229256,100.59,332,68.36,758
56263256,100.46,332,68.36,759
56332216,100.46,333,68.08,759
56434984,100.41,333,68.08,760
56436704,100.41,334,67.08,760
56539320,100.41,334,68.31,761
56606680,100.43,334,68.31,762
56643592,100.43,335,67.22,762
56748360,100.43,335,66.9,763
56778776,100.2,335,66.9,764
56853752,100.2,336,66.51,764
56950920,100.17,336,66.51,765
56959368,100.17,337,66.36,765
57065496,100.17,337,66.04,766
57123240,100.07,337,66.04,767
57172008,100.07,338,65.81,767
57279256,100.07,338,65.36,768
57295784,99.94,338,65.36,769
57386616,99.94,339,65.29,769
57468504,99.84,339,65.29,770
57494840,99.84,340,64.77,770
57603144,99.84,340,64.72,771
57641336,99.77,340,64.72,772
57712248,99.77,341,64.24,772
57814312,99.69,341,64.24,773
57821592,99.69,342,64.1,773
57931464,99.69,342,63.79,774
57987352,99.65,342,63.79,775
58041896,99.65,343,63.47,775
58152888,99.65,343,63.15,776
58160616,99.52,343,63.15,777
58264248,99.52,344,62.94,777
58334248,99.31,344,62.94,778
58376040,99.31,345,62.7,778
58488376,99.31,345,62.39,779
58507784,99.37,345,62.39,780
58601080,99.37,346,62.19,780
58681640,99.19,346,62.19,781
58714456,99.19,347,61.82,781
58828168,99.19,347,61.64,782
58855416,99.23,347,61.64,783
58942664,99.23,348,61.22,783
59029496,99.06,348,61.22,784
59057384,99.06,349,61.1,784
59172632,99.06,349,60.82,785
59203880,98.89,349,60.82,786
59288664,98.89,350,60.41,786
59378152,98.95,350,60.41,787
59404952,98.95,351,60.27,787
59521768,98.95,351,60,788
59552792,98.74,351,60,789
59639368,98.74,352,59.6,789
59727512,98.7,352,59.6,790
59757224,98.7,353,59.47,790
59875640,98.7,353,59.19,791
59902440,98.58,353,59.19,792
59994648,98.58,354,58.9,792
60077416,98.55,354,58.9,793
60114040,98.55,355,58.71,793
60234024,98.55,355,58.42,794
60252536,98.47,355,58.42,795
60354584,98.47,356,58.14,795
60427976,98.29,356,58.14,796
60475576,98.29,357,57.93,796
60597352,98.29,357,57.56,797
60603536,98.22,357,57.56,798
60719256,98.22,358,57.5,798
60779176,98.18,358,57.5,799
60842008,98.18,359,57.1,799
60955048,98.05,359,57.1,800
60965240,98.05,360,56.88,800
61089000,98.05,360,56.64,801
61131000,98,360,56.64,802
61213320,98,361,56.38,802
61307288,97.82,361,56.38,803
61338088,97.82,362,56.18,803
61463416,97.82,362,55.93,804
61483464,97.88,362,55.93,805
61589304,97.88,363,55.68,805
61659976,97.69,363,55.68,806
61715864,97.69,364,55.38,806
61836712,97.57,364,55.38,807
61842872,97.57,365,55.19,807
61970472,97.57,365,54.93,808
62013368,97.61,365,54.93,809
62098824,97.61,366,54.61,809
62190360,97.43,366,54.61,810
62227656,97.43,367,54.41,810
62356824,97.43,367,54.26,811
62367496,97.35,367,54.26,812
62486776,97.35,368,53.94,812
62544904,97.2,368,53.94,813
62617368,97.2,369,53.67,813
62722312,97.2,369,53.67,814
62748424,97.2,370,53.48,814
62880024,97.2,370,53.26,815
62900072,97.01,370,53.26,816
63012184,97.01,371,53.04,816
63077704,97.08,371,53.04,817
63145016,97.08,372,52.77,817
63255784,96.83,372,52.77,818
63278296,96.83,373,52.59,818
63412360,96.83,373,52.28,819
63433976,96.77,373,52.28,820
63546760,96.77,374,52.15,820
63612088,96.82,374,52.15,821
63681864,96.82,375,51.88,821
63790616,96.59,375,51.88,822
63817608,96.59,376,51.64,822
63954136,96.59,376,51.34,823
63969288,96.51,376,51.34,824
64091048,96.51,377,51.19,824
64148056,96.46,377,51.19,825
64228600,96.46,378,50.96,825
64326824,96.46,378,50.96,826
64366808,96.46,379,50.71,826
64505576,96.46,379,50.51,827
64507256,95.57,379,50.51,828
64644968,95.57,380,50.28,828
64685400,96.8,380,50.28,829
64784744,96.8,381,50.15,829
64864824,96.11,381,50.15,830
64925432,96.11,382,49.82,830
65044264,96.1,382,49.82,831
65066776,96.1,383,49.59,831
65208456,96.1,383,49.47,832
65224024,95.93,383,49.47,833
65350920,95.93,384,49.2,833
65404152,95.73,384,49.2,834
65494120,95.73,385,48.95,834
65584088,95.83,385,48.95,835
65637768,95.83,386,48.79,835
65764440,95.61,386,48.79,836
65782248,95.61,387,48.51,836
65927096,95.61,387,48.39,837
65944904,95.55,387,48.39,838
66072920,95.55,388,48.07,838
66125432,95.52,388,48.07,839
66219176,95.52,389,47.92,839
66306232,95.38,389,47.92,840
66366152,95.38,390,47.69,840
66487224,95.27,390,47.69,841
66513768,95.27,391,47.48,841
66661944,95.27,391,47.3,842
66668320,95.22,391,47.3,843
66810920,95.22,392,47.05,843
66849560,95.14,392,47.05,844
66960552,95.14,393,46.84,844
67031000,95.04,393,46.84,845
67110632,95.04,394,46.7,845
67212664,94.92,394,46.7,846
67261624,94.92,395,46.42,846
67394344,94.91,395,46.42,847
67413048,94.91,396,46.29,847
67565256,94.91,396,46.05,848
67576344,94.75,396,46.05,849
67718248,94.75,397,45.81,849
67758456,94.69,397,45.81,850
67871928,94.69,398,45.61,850
67940808,94.56,398,45.61,851
68026040,94.56,399,45.48,851
68123144,94.57,399,45.48,852
68181048,94.57,400,45.22,852
68305704,94.46,400,45.22,853
68336728,94.46,401,45.02,853
68488488,94.34,401,45.02,854
68493080,94.34,402,44.83,854
68650216,94.34,402,44.61,855
68671416,94.27,402,44.61,856
68807944,94.27,403,44.44,856
68854680,94.09,403,44.44,857
68966344,94.09,404,44.25,857
69037912,94.11,404,44.25,858
69125416,94.11,405,44.06,858
69221400,93.98,405,44.06,859
69285352,93.98,406,43.83,859
69405112,93.86,406,43.83,860
69445992,93.86,407,43.63,860
69588792,93.88,407,43.63,861
69607496,93.88,408,43.4,861
69769560,93.88,408,43.25,862
69772800,93.71,408,43.25,863
69932392,93.71,409,43.05,863
69956920,93.66,409,43.05,864
70095912,93.66,410,42.86,864
70141272,93.54,410,42.86,865
70260104,93.54,411,42.69,865
70325848,93.42,411,42.69,866
70425208,93.42,412,42.45,866
70510472,93.4,412,42.45,867
70591000,93.4,413,42.28,867
70695272,93.31,413,42.28,868
70757448,93.31,414,42.11,868
70880344,93.17,414,42.11,869
70924824,93.17,415,41.88,869
71065384,93.19,415,41.88,870
71092824,93.19,416,41.72,870
71250888,92.96,416,41.72,871
71261528,92.96,417,41.55,871
71430984,92.96,417,41.36,872
71436248,93.03,417,41.36,873
71601448,93.03,418,41.12,873
71621944,92.86,418,41.12,874
71772360,92.86,419,41.01,874
71807864,92.75,419,41.01,875
71944168,92.75,420,40.8,875
71994008,92.64,420,40.8,876
72116872,92.64,421,40.59,876
72180168,92.63,421,40.59,877
72290264,92.63,422,40.42,877
72366536,92.53,422,40.42,878
72464312,92.53,423,40.27,878
72553128,92.42,423,40.27,879
72639256,92.42,424,40.07,879
72739720,92.42,424,40.07,880
72814872,92.42,425,39.91,880
72926760,92.19,425,39.91,881
72991416,92.19,426,39.7,881
73113832,92.18,426,39.7,882
73168600,92.18,427,39.56,882
73301096,92.08,427,39.56,883
73346680,92.08,428,39.36,883
73488584,91.97,428,39.36,884
73525656,91.97,429,39.16,884
73676072,91.97,429,39.16,885
73705304,91.97,430,39.02,885
73864008,91.75,430,39.02,886
73885848,91.75,431,38.82,886
74051944,91.75,431,38.82,887
74067064,91.75,432,38.68,887
74240104,91.65,432,38.68,888
74249400,91.65,433,38.44,888
74428264,91.65,433,38.44,889
74432184,91.65,434,38.35,889
74615976,91.65,434,38.14,890
74617664,91.05,434,38.14,891
74800632,91.05,435,37.96,891
74805448,91.83,435,37.96,892
74986104,91.83,436,37.79,892
74994312,91.3,436,37.79,893
75172504,91.3,437,37.6,893
75183368,91.21,437,37.6,894
75359576,91.21,438,37.47,894
75372456,91.2,438,37.47,895
75547512,91.2,439,37.3,895
75561992,90.98,439,37.3,896
75736376,90.98,440,37.11,896
75751528,90.98,440,37.11,897
75926168,90.98,441,36.93,897
75941064,90.98,441,36.93,898
76116568,90.98,442,36.81,898
76131048,90.77,442,36.81,899
76308120,90.77,443,36.59,899
76321224,90.67,443,36.59,900
76500312,90.67,444,36.47,900
76511400,90.67,444,36.47,901
76693624,90.67,445,36.26,901
76701824,90.56,445,36.26,902
76887624,90.56,446,36.13,902
76892456,90.46,446,36.13,903
77082760,90.46,447,35.92,903
77084432,89.82,447,35.92,904
77274328,90.81,448,35.92,904
77278496,90.81,449,35.81,904
77465448,90.23,449,35.81,905
77475416,90.23,450,35.59,905
77656776,90.13,450,35.59,906
77673016,90.13,451,35.47,906
77848328,90.02,451,35.47,907
77871512,90.02,452,35.31,907
78039848,90.04,452,35.31,908
78071096,90.04,453,35.12,908
78231816,89.83,453,35.12,909
78271608,89.83,454,34.96,909
78423816,89.81,454,34.96,910
78472760,89.81,455,34.85,910
78616008,89.72,455,34.85,911
78675256,89.72,456,34.61,911
78808424,89.62,456,34.61,912
78878440,89.62,457,34.5,912
79001080,89.51,457,34.5,913
79082744,89.51,458,34.31,913
79193768,89.49,458,34.31,914
79287736,89.49,459,34.19,914
79386856,89.31,459,34.19,915
79494056,89.31,460,33.97,915
79579960,89.3,460,33.97,916
79701032,89.3,461,33.86,916
79773272,89.2,461,33.86,917
79909160,89.2,462,33.68,917
79966840,89.08,462,33.68,918
80118376,89.08,463,33.5,918
80160376,89.1,463,33.5,919
80328504,89.1,464,33.36,919
80354376,88.89,464,33.36,920
80539512,88.89,465,33.22,920
80548360,88.89,465,33.22,921
80742456,88.84,466,33.22,921
80751528,88.84,467,33.06,921
80936888,88.69,467,33.06,922
80964552,88.69,468,32.9,922
81131544,88.59,468,32.9,923
81178696,88.59,469,32.73,923
81326424,88.49,469,32.73,924
81393736,88.49,470,32.59,924
81521304,88.49,470,32.59,925
81609896,88.49,471,32.43,925
81716408,88.38,471,32.43,926
81826968,88.38,472,32.29,926
81911752,88.28,472,32.29,927
82045144,88.28,473,32.13,927
82107304,88.18,473,32.13,928
82264440,88.18,474,31.96,928
82302872,88.17,474,31.96,929
82484648,88.17,475,31.83,929
82498872,87.98,475,31.83,930
82694984,87.93,476,31.83,930
82705848,87.93,477,31.69,930
82891208,87.88,477,31.69,931
82928056,87.88,478,31.54,931
83087656,87.78,478,31.54,932
83151384,87.78,479,31.39,932
83284104,87.78,479,31.39,933
83375832,87.78,480,31.23,933
83481000,87.58,480,31.23,934
83601176,87.58,481,31.1,934
83677896,87.58,481,31.1,935
83827864,87.58,482,30.92,935
83875240,87.38,482,30.92,936
84055448,87.38,483,30.8,936
84072584,87.38,483,30.8,937
84270040,87.33,484,30.8,937
84284040,87.33,485,30.66,937
84467864,87.17,485,30.66,938
84513688,87.17,486,30.52,938
84665672,87.18,486,30.52,939
84744408,87.18,487,30.38,939
84863688,87.08,487,30.38,940
84976248,87.08,488,30.23,940
85062152,86.89,488,30.23,941
85209208,86.89,489,30.09,941
85260616,86.89,489,30.09,942
85443272,86.89,490,29.95,942
85459288,86.8,490,29.95,943
85658088,86.74,491,29.95,943
85678392,86.74,492,29.81,943
85857032,86.68,492,29.81,944
85914712,86.68,493,29.66,944
86056392,86.5,493,29.66,945
86152152,86.5,494,29.52,945
86255752,86.5,494,29.52,946
86390712,86.5,495,29.38,946
86455336,86.4,495,29.38,947
86630392,86.4,496,29.24,947
86655144,86.3,496,29.24,948
86855064,86.25,497,29.24,948
86871304,86.25,498,29.09,948
87055352,86.1,498,29.09,949
87113256,86.1,499,28.97,949
87255608,86.11,499,28.97,950
87356520,86.11,500,28.81,950
87456120,86,500,28.81,951
87600936,86,501,28.68,951
87657048,85.82,501,28.68,952
87846232,85.82,502,28.57,952
87857992,85.81,502,28.57,953
88059032,85.77,503,28.57,953
88092968,85.77,504,28.41,953
88260408,85.63,504,28.41,954
88340936,85.63,505,28.27,954
88461816,85.62,505,28.27,955
88589832,85.62,506,28.16,955
88663448,85.52,506,28.16,956
88840088,85.52,507,28.01,956
88865288,85.43,507,28.01,957
89067448,85.3,508,28.01,957
89091528,85.3,509,27.88,957
89269720,85.25,509,27.88,958
89344200,85.25,510,27.74,958
89472216,85.16,510,27.74,959
89597992,85.16,511,27.62,959
89674936,85.06,511,27.62,960
89853128,85.06,512,27.47,960
89877656,85.06,512,27.47,961
90080728,84.92,513,27.47,961
90109512,84.92,514,27.34,961
90283928,84.86,514,27.34,962
90367144,84.86,515,27.21,962
90487352,84.77,515,27.21,963
90625896,84.77,516,27.09,963
90690968,84.69,516,27.09,964
90885960,84.69,517,26.95,964
90894808,84.6,517,26.95,965
91098760,84.55,518,26.95,965
91147272,84.55,519,26.82,965
91303064,84.4,519,26.82,966
91409816,84.4,520,26.7,966
91507368,84.4,520,26.7,967
91673688,84.4,521,26.56,967
91711880,84.32,521,26.56,968
91916760,84.17,522,26.56,968
91938824,84.17,523,26.44,968
92121720,84.13,523,26.44,969
92205400,84.13,524,26.29,969
92326920,84.04,524,26.29,970
92473064,84.04,525,26.19,970
92532312,83.96,525,26.19,971
92737848,83.9,526,26.19,971
92742208,83.9,527,26.04,971
92943688,83.77,527,26.04,972
93012568,83.77,528,25.93,972
93149560,83.76,528,25.93,973
93284312,83.76,529,25.79,973
93355656,83.67,529,25.79,974
93557368,83.67,530,25.67,974
93561984,83.58,530,25.67,975
93768616,83.45,531,25.67,975
93831672,83.45,532,25.55,975
93975368,83.4,532,25.55,976
94107416,83.4,533,25.42,976
94182344,83.31,533,25.42,977
94384312,83.31,534,25.31,977
94389376,83.29,534,25.31,978
94596904,83.09,535,25.31,978
94662872,83.09,536,25.16,978
94804328,83.13,536,25.16,979
94942440,83.13,537,25.07,979
95011992,83.04,537,25.07,980
95219976,82.91,538,25.07,980
95223472,82.91,539,24.94,980
95428104,82.85,539,24.94,981
95505944,82.85,540,24.81,981
95636424,82.78,540,24.81,982
95789752,82.78,541,24.7,982
95844968,82.69,541,24.7,983
96053864,82.55,542,24.7,983
96075048,82.55,543,24.57,983
96262648,82.59,543,24.57,984
96361544,82.59,544,24.47,984
96471864,82.42,544,24.47,985
96649608,82.42,545,24.33,985
96681080,82.42,545,24.33,986
96890632,82.29,546,24.33,986
96939128,82.29,547,24.21,986
97100552,82.15,547,24.21,987
97229944,82.15,548,24.1,987
97310504,82.13,548,24.1,988
97520504,82.11,549,24.1,988
97522192,82.11,550,23.98,988
97730904,81.96,550,23.98,989
97816136,81.96,551,23.85,989
97941464,81.9,551,23.85,990
98111368,81.9,552,23.74,990
98152248,81.81,552,23.74,991
98363144,81.77,553,23.74,991
98408056,81.77,554,23.62,991
98574392,81.63,554,23.62,992
98706232,81.63,555,23.51,992
98785640,81.63,555,23.51,993
98997224,81.5,556,23.51,993
99006072,81.5,557,23.38,993
99208936,81.45,557,23.38,994
99307160,81.45,558,23.28,994
99421064,81.29,558,23.28,995
99609784,81.29,559,23.16,995
99633192,81.29,559,23.16,996
99845464,81.24,560,23.16,996
99914120,81.24,561,23.03,996
100058040,81.12,561,23.03,997
100219720,81.12,562,22.94,997
100270968,80.99,562,22.94,998
100483944,80.97,563,22.94,998
100527128,80.97,564,22.8,998
100697064,80.91,564,22.8,999
100836104,80.91,565,22.69,999
100910648,80.74,565,22.69,1000
101124120,80.78,566,22.69,1000
101146504,80.78,567,22.58,1000
101338008,80.62,567,22.58,1001
101458280,80.62,568,22.48,1001
101552120,80.54,568,22.48,1002
101766248,80.53,569,22.48,1002
101771832,80.53,570,22.35,1002
101980600,80.45,570,22.35,1003
102087000,80.45,571,22.24,1003
102195400,80.28,571,22.24,1004
102403928,80.28,572,22.12,1004
102410200,80.28,572,22.12,1005
102625240,80.19,573,22.12,1005
102722248,80.19,574,22.02,1005
102840504,80.11,574,22.02,1006
103042328,80.11,575,21.9,1006
103056008,80.02,575,21.9,1007
103271704,79.95,576,21.9,1007
103364008,79.95,577,21.79,1007
103487640,79.86,577,21.79,1008
103687208,79.86,578,21.69,1008
103703784,79.78,578,21.69,1009
103919928,79.78,579,21.69,1009
104012200,79.78,580,21.57,1009
104136504,79.62,580,21.57,1010
104338792,79.62,581,21.46,1010
104353336,79.53,581,21.46,1011
104570168,79.53,582,21.46,1011
104666920,79.53,583,21.36,1011
104787416,79.37,583,21.36,1012
104996856,79.37,584,21.24,1012
105004712,79.36,584,21.24,1013
105222232,79.28,585,21.24,1013
105328632,79.28,586,21.13,1013
105440200,79.11,586,21.13,1014
105658168,79.11,587,21.13,1014
105661984,79.11,588,21.03,1014
105876360,79.03,588,21.03,1015
105997080,79.03,589,20.92,1015
106094728,78.97,589,20.92,1016
106313352,78.88,590,20.92,1016
106333752,78.88,591,20.82,1016
106532216,78.79,591,20.82,1017
106672440,78.79,592,20.7,1017
106751288,78.71,592,20.7,1018
106970584,78.63,593,20.7,1018
107012920,78.63,594,20.59,1018
107190120,78.55,594,20.59,1019
107355224,78.55,595,20.48,1019
107409864,78.47,595,20.48,1020
107629592,78.48,596,20.48,1020
107699240,78.48,597,20.37,1020
107849752,78.32,597,20.37,1021
108045080,78.32,598,20.27,1021
108070184,78.23,598,20.27,1022
108290600,78.23,599,20.27,1022
108392520,78.23,600,20.17,1022
108511448,78.08,600,20.17,1023
108732520,78,601,20.17,1023
108741688,78,602,20.07,1023
108953576,78.01,602,20.07,1024
109092888,78.01,603,19.96,1024
109175080,77.85,603,19.96,1025
109396824,77.77,604,19.96,1025
109445896,77.77,605,19.86,1025
109618616,77.75,605,19.86,1026
109800488,77.75,606,19.77,1026
109840568,77.69,606,19.77,1027
110062984,77.53,607,19.77,1027
110157288,77.53,608,19.64,1027
110285400,77.53,608,19.64,1028
110508056,77.45,609,19.64,1028
110515880,77.45,610,19.55,1028
110731128,77.3,610,19.55,1029
110876296,77.3,611,19.45,1029
110954264,77.28,611,19.45,1030
111177608,77.21,612,19.45,1030
111238776,77.21,613,19.34,1030
111401192,77.13,613,19.34,1031
111603016,77.13,614,19.24,1031
111624968,77.06,614,19.24,1032
111849176,76.91,615,19.24,1032
111969256,76.91,616,19.14,1032
112073400,76.91,616,19.14,1033
112297864,76.82,617,19.14,1033
112337528,76.82,618,19.03,1033
112522536,76.75,618,19.03,1034
112708216,76.75,619,18.91,1034
112747432,76.68,619,18.91,1035
112972568,76.59,620,18.91,1035
113080776,76.59,621,18.81,1035
113197912,76.52,621,18.81,1036
113423496,76.44,622,18.81,1036
113455752,76.44,623,18.69,1036
113649272,76.38,623,18.69,1037
113832712,76.38,624,18.59,1037
113875256,76.31,624,18.59,1038
114101480,76.23,625,18.59,1038
114211896,76.23,626,18.48,1038
114327912,76.16,626,18.48,1039
114554600,76.07,627,18.48,1039
114593112,76.07,628,18.39,1039
114781480,76,628,18.39,1040
114976792,76,629,18.27,1040
115008584,75.93,629,18.27,1041
115235944,75.84,630,18.27,1041
115362488,75.84,631,18.17,1041
115463528,75.77,631,18.17,1042
115691336,75.7,632,18.17,1042
115750264,75.7,633,18.08,1042
115919368,75.62,633,18.08,1043
116140456,75.62,634,17.96,1043
116147624,75.55,634,17.96,1044
116376104,75.47,635,17.96,1044
116532680,75.47,636,17.87,1044
116604792,75.4,636,17.87,1045
116833704,75.33,637,17.87,1045
116927096,75.33,638,17.77,1045
117062824,75.26,638,17.77,1046
117292200,75.18,639,17.77,1046
117323992,75.18,640,17.66,1046
117521768,75.11,640,17.66,1047
117722920,75.11,641,17.57,1047
117751608,75.03,641,17.57,1048
117981640,74.96,642,17.57,1048
118124088,74.96,643,17.47,1048
118211896,74.89,643,17.47,1049
118442376,74.82,644,17.47,1049
118527272,74.82,645,17.38,1049
118673080,74.75,645,17.38,1050
118904040,74.66,646,17.38,1050
118932920,74.66,647,17.28,1050
119135176,74.61,647,17.28,1051
119340600,74.61,648,17.19,1051
119366584,74.52,648,17.19,1052
119598216,74.45,649,17.19,1052
119750760,74.45,650,17.09,1052
119830040,74.38,650,17.09,1053
120062088,74.31,651,17.09,1053
120163096,74.31,652,17,1053
120294568,74.17,652,17,1054
120527064,74.17,653,17,1054
120577672,74.17,654,16.91,1054
120759768,74.1,654,16.91,1055
120992952,73.95,655,16.91,1055
120994720,73.95,656,16.81,1055
121226168,73.94,656,16.81,1056
121413864,73.94,657,16.72,1056
121459544,73.89,657,16.72,1057
121693384,73.74,658,16.72,1057
121835608,73.74,659,16.62,1057
121927208,73.75,659,16.62,1058
122161512,73.6,660,16.62,1058
122259848,73.6,661,16.52,1058
122395816,73.6,661,16.52,1059
122630344,73.53,662,16.52,1059
122686568,73.53,663,16.43,1059
122865320,73.39,663,16.43,1060
123100504,73.32,664,16.43,1060
123115736,73.32,665,16.33,1060
123335704,73.32,665,16.33,1061
123547160,73.32,666,16.25,1061
123571352,73.18,666,16.25,1062
123807208,73.11,667,16.25,1062
123981256,73.11,668,16.15,1062
124043080,73.11,668,16.15,1063
124279416,72.96,669,16.15,1063
124417640,72.96,670,16.06,1063
124515960,72.9,670,16.06,1064
124752712,72.84,671,16.06,1064
124856408,72.84,672,15.97,1064
124989672,72.77,672,15.97,1065
125226872,72.7,673,15.97,1065
125297896,72.7,674,15.88,1065
125464312,72.62,674,15.88,1066
125701992,72.55,675,15.88,1066
125742072,72.55,676,15.78,1066
125940072,72.43,676,15.78,1067
126178168,72.42,677,15.78,1067
126188712,72.42,678,15.69,1067
126416504,72.35,678,15.69,1068
126637832,72.35,679,15.61,1068
126655096,72.27,679,15.61,1069
126894120,72.14,680,15.61,1069
127089896,72.14,681,15.5,1069
127133112,72.15,681,15.5,1070
127372552,72.02,682,15.5,1070
127544344,72.02,683,15.42,1070
127612200,71.96,683,15.42,1071
127852088,71.88,684,15.42,1071
128001496,71.88,685,15.33,1071
128091976,71.88,685,15.33,1072
128332344,71.74,686,15.33,1072
128461592,71.74,687,15.23,1072
128572936,71.67,687,15.23,1073
128813736,71.61,688,15.23,1073
128924184,71.61,689,15.15,1073
129054776,71.54,689,15.15,1074
129296024,71.48,690,15.15,1074
129389672,71.48,691,15.06,1074
129537496,71.41,691,15.06,1075
129779400,71.28,692,15.06,1075
129857560,71.28,693,14.98,1075
130021288,71.29,693,14.98,1076
130263672,71.14,694,14.98,1076
130328200,71.14,695,14.89,1076
130506040,71.15,695,14.89,1077
130748840,71.02,696,14.89,1077
130801464,71.02,697,14.81,1077
130991848,70.96,697,14.81,1078
131235096,70.89,698,14.81,1078
131277672,70.89,699,14.72,1078
131478616,70.81,699,14.72,1079
131722328,70.76,700,14.72,1079
131756376,70.76,701,14.64,1079
131966248,70.7,701,14.64,1080
132210408,70.63,702,14.64,1080
132237976,70.63,703,14.55,1080
132455016,70.5,703,14.55,1081
132699640,70.49,704,14.55,1081
132722488,70.49,705,14.47,1081
132944680,70.37,705,14.47,1082
133189752,70.36,706,14.47,1082
133209896,70.36,707,14.38,1082
133435256,70.24,707,14.38,1083
133681000,70.17,708,14.38,1083
133700280,70.17,709,14.29,1083
133926760,70.17,709,14.29,1084
134172952,70.04,710,14.29,1084
134193576,70.04,711,14.21,1084
134419576,69.92,711,14.21,1085
134666200,69.92,712,14.21,1085
134689960,69.92,713,14.12,1085
134913064,69.85,713,14.12,1086
135160360,69.73,714,14.12,1086
135189256,69.73,715,14.04,1086
135407640,69.73,715,14.04,1087
135655368,69.61,716,14.04,1087
135691672,69.61,717,13.95,1087
135903336,69.54,717,13.95,1088
136151512,69.48,718,13.95,1088
136196984,69.48,719,13.87,1088
136399944,69.41,719,13.87,1089
136648792,69.3,720,13.87,1089
136705672,69.3,721,13.78,1089
136897656,69.29,721,13.78,1090
137146744,69.23,722,13.78,1090
137217512,69.23,723,13.69,1090
137396248,69.11,723,13.69,1091
137646008,69.04,724,13.69,1091
137732456,69.04,725,13.61,1091
137895960,68.99,725,13.61,1092
138146152,68.92,726,13.61,1092
138250984,68.92,727,13.52,1092
138396600,68.85,727,13.52,1093
138647272,68.79,728,13.52,1093
138772504,68.79,729,13.44,1093
138898376,68.67,729,13.44,1094
139149496,68.67,730,13.44,1094
139297768,68.67,731,13.34,1094
139401048,68.55,731,13.34,1095
139652840,68.49,732,13.34,1095
139826456,68.49,733,13.26,1095
139904872,68.42,733,13.26,1096
140157112,68.36,734,13.26,1096
140358712,68.36,735,13.17,1096
140409560,68.31,735,13.17,1097
140662248,68.24,736,13.17,1097
140894536,68.24,737,13.08,1097
140915352,68.13,737,13.08,1098
141168680,68.07,738,13.08,1098
141422232,68.01,739,13.08,1098
141434088,68.01,740,12.99,1098
141675992,67.95,740,12.99,1099
141929992,67.89,741,12.99,1099
141977032,67.89,742,12.91,1099
142184440,67.77,742,12.91,1100
142438920,67.76,743,12.91,1100
142523368,67.76,744,12.83,1100
142693816,67.65,744,12.83,1101
142948952,67.59,745,12.83,1101
143073272,67.59,746,12.75,1101
143204296,67.53,746,12.75,1102
143459896,67.46,747,12.75,1102
143627000,67.46,748,12.66,1102
143715944,67.35,748,12.66,1103
143971960,67.36,749,12.66,1103
144184328,67.36,750,12.58,1103
144228456,67.23,750,12.58,1104
144485144,67.18,751,12.58,1104
144742088,67.11,752,12.58,1104
144745456,67.11,753,12.49,1104
144999240,67.06,753,12.49,1105
145256600,67,754,12.49,1105
145310568,67,755,12.4,1105
145514392,66.89,755,12.4,1106
145772456,66.82,756,12.4,1106
145879288,66.82,757,12.32,1106
146030712,66.77,757,12.32,1107
146289208,66.71,758,12.32,1107
146452056,66.71,759,12.24,1107
146547928,66.65,759,12.24,1108
146807096,66.54,760,12.24,1108
147029064,66.54,761,12.15,1108
147066472,66.48,761,12.15,1109
147326072,66.43,762,12.15,1109
147585912,66.36,763,12.15,1109
147610120,66.36,764,12.06,1109
147845976,66.31,764,12.06,1110
148106280,66.25,765,12.06,1110
148195192,66.25,766,11.98,1110
148366984,66.14,766,11.98,1111
148627960,66.08,767,11.98,1111
148784744,66.08,768,11.89,1111
148889112,66.03,768,11.89,1112
149150520,65.97,769,11.89,1112
149378568,65.97,770,11.8,1112
149412392,65.85,770,11.8,1113
149674472,65.8,771,11.8,1113
149936536,65.8,772,11.8,1113
149976840,65.8,773,11.72,1113
150199288,65.63,773,11.72,1114
150462056,65.62,774,11.72,1114
150579000,65.62,775,11.64,1114
150725032,65.57,775,11.64,1115
150988456,65.46,776,11.64,1115
151185592,65.46,777,11.56,1115
151252120,65.4,777,11.56,1116
151515976,65.35,778,11.56,1116
151780312,65.24,779,11.56,1116
151796456,65.24,780,11.47,1116
152044632,65.24,780,11.47,1117
152309384,65.13,781,11.47,1117
152411768,65.13,782,11.39,1117
152574376,65.07,782,11.39,1118
152839800,64.97,783,11.39,1118
153031528,64.97,784,11.31,1118
153105240,64.96,784,11.31,1119
153371144,64.85,785,11.31,1119
153637256,64.8,786,11.31,1119
153655848,64.8,787,11.23,1119
153903592,64.75,787,11.23,1120
154170376,64.64,788,11.23,1120
154285064,64.64,789,11.14,1120
154437144,64.64,789,11.14,1121
154704376,64.53,790,11.14,1121
154918744,64.53,791,11.06,1121
154971848,64.47,791,11.06,1122
155239736,64.37,792,11.06,1122
155507848,64.32,793,11.06,1122
155557336,64.32,794,10.98,1122
155776168,64.27,794,10.98,1123
156044744,64.21,795,10.98,1123
156200872,64.21,796,10.89,1123
156313528,64.16,796,10.89,1124
156582760,64.05,797,10.89,1124
156849528,64.05,798,10.81,1124
156852192,64,798,10.81,1125
157121928,63.93,799,10.81,1125
157391848,63.89,800,10.81,1125
157502936,63.89,801,10.73,1125
157662184,63.79,801,10.73,1126
157932792,63.72,802,10.73,1126
158161496,63.72,803,10.64,1126
158203608,63.67,803,10.64,1127
158474856,63.57,804,10.64,1127
158746328,63.52,805,10.64,1127
158825192,63.52,806,10.56,1127
159018072,63.46,806,10.56,1128
159289992,63.42,807,10.56,1128
159494040,63.42,808,10.48,1128
159562344,63.32,808,10.48,1129
159834712,63.31,809,10.48,1129
160107544,63.2,810,10.48,1129
160167560,63.2,811,10.41,1129
160380824,63.1,811,10.41,1130
160654120,63.1,812,10.41,1130
160846328,63.1,813,10.33,1130
160927864,62.99,813,10.33,1131
161201800,62.95,814,10.33,1131
161476184,62.85,815,10.33,1131
161530168,62.85,816,10.25,1131
161750792,62.79,816,10.25,1132
162025624,62.74,817,10.25,1132
162219144,62.74,818,10.17,1132
162300680,62.69,818,10.17,1133
162576184,62.59,819,10.17,1133
162851944,62.53,820,10.17,1133
162913544,62.53,821,10.09,1133
163127896,62.49,821,10.09,1134
163404296,62.39,822,10.09,1134
163613496,62.39,823,10.01,1134
163680904,62.34,823,10.01,1135
163957752,62.29,824,10.01,1135
164234856,62.23,825,10.01,1135
164319096,62.23,826,9.93,1135
164512360,62.14,826,9.93,1136
164790072,62.09,827,9.93,1136
164989368,62.09,828,9.93,1136
165030344,62.09,828,9.85,1137
165068232,61.99,828,9.85,1138
165346472,61.98,829,9.85,1138
165625160,61.88,830,9.85,1138
165747048,61.88,831,9.78,1138
165903992,61.84,831,9.78,1139
166183272,61.74,832,9.78,1139
166462776,61.7,833,9.78,1139
166468768,61.7,834,9.71,1139
166742664,61.61,834,9.71,1140
167022840,61.55,835,9.71,1140
167196168,61.55,836,9.64,1140
167303192,61.51,836,9.64,1141
167583816,61.45,837,9.64,1141
167864888,61.35,838,9.64,1141
167929128,61.35,839,9.56,1141
168146136,61.31,839,9.56,1142
168427880,61.2,840,9.56,1142
168667960,61.2,841,9.49,1142
168709784,61.17,841,9.49,1143
168991976,61.11,842,9.49,1143
169274392,61.06,843,9.49,1143
169412072,61.06,844,9.42,1143
169557144,60.99,844,9.42,1144
169840456,60.87,845,9.42,1144
170123768,60.87,846,9.42,1144
170162248,60.87,847,9.34,1144
170407480,60.78,847,9.34,1145
170691464,60.72,848,9.34,1145
170918328,60.72,849,9.27,1145
170975848,60.64,849,9.27,1146
171260280,60.63,850,9.27,1146
171545384,60.48,851,9.27,1146
171680408,60.48,852,9.2,1146
171830424,60.5,852,9.2,1147
172115976,60.39,853,9.2,1147
172401752,60.34,854,9.2,1147
172448520,60.34,855,9.13,1147
172687928,60.26,855,9.13,1148
172974376,60.2,856,9.13,1148
173223192,60.2,857,9.05,1148
173261192,60.12,857,9.05,1149
173548280,60.07,858,9.05,1149
173835592,60.02,859,9.05,1149
174004408,60.02,860,8.97,1149
174123272,59.94,860,8.97,1150
174411288,59.87,861,8.97,1150
174699528,59.83,862,8.97,1150
174791992,59.83,863,8.9,1150
174987944,59.79,863,8.9,1151
175276840,59.69,864,8.9,1151
175566184,59.6,865,8.9,1151
175586072,59.6,866,8.83,1151
175855720,59.56,866,8.83,1152
176145528,59.5,867,8.83,1152
176387176,59.5,868,8.75,1152
176435512,59.47,868,8.75,1153
176725992,59.36,869,8.75,1153
177016920,59.27,870,8.75,1153
177195848,59.27,871,8.67,1153
177307800,59.28,871,8.67,1154
177599176,59.18,872,8.67,1154
177891000,59.09,873,8.67,1154
178011224,59.09,874,8.6,1154
178182952,59.06,874,8.6,1155
178475224,59,875,8.6,1155
178767912,58.92,876,8.6,1155
178833720,58.92,877,8.52,1155
179060808,58.87,877,8.52,1156
179354200,58.77,878,8.52,1156
179647592,58.77,879,8.52,1156
179663896,58.77,880,8.44,1156
179941608,58.65,880,8.44,1157
180235672,58.64,881,8.44,1157
180501064,58.64,882,8.37,1157
180530360,58.52,882,8.37,1158
180825096,58.51,883,8.37,1158
181120280,58.42,884,8.37,1158
181345352,58.42,885,8.3,1158
181415864,58.34,885,8.3,1159
181711496,58.33,886,8.3,1159
182007800,58.2,887,8.3,1159
182196808,58.2,888,8.23,1159
182304056,58.21,888,8.23,1160
182600808,58.11,889,8.23,1160
182898008,58.02,890,8.23,1160
183055208,58.02,891,8.17,1160
183195368,57.99,891,8.17,1161
183493016,57.93,892,8.17,1161
183791112,57.85,893,8.17,1161
183920760,57.85,894,8.1,1161
184089384,57.81,894,8.1,1162
184388152,57.72,895,8.1,1162
184687144,57.67,896,8.1,1162
184793944,57.67,897,8.03,1162
184986520,57.6,897,8.03,1163
185286184,57.54,898,8.03,1163
185586264,57.46,899,8.03,1163
185675368,57.46,900,7.95,1163
185886536,57.43,900,7.95,1164
186187096,57.37,901,7.95,1164
186488104,57.29,902,7.95,1164
186565112,57.29,903,7.88,1164
186789512,57.21,903,7.88,1165
187090968,57.2,904,7.88,1165
187393096,57.08,905,7.88,1165
187463576,57.08,906,7.8,1165
187695352,57.05,906,7.8,1166
187997896,57,907,7.8,1166
188300904,56.91,908,7.8,1166
188370744,56.91,909,7.73,1166
188604104,56.87,909,7.73,1167
188907800,56.78,910,7.73,1167
189211720,56.74,911,7.73,1167
189286488,56.74,912,7.65,1167
189515816,56.71,912,7.65,1168
189820408,56.61,913,7.65,1168
190125448,56.53,914,7.65,1168
190210968,56.53,915,7.58,1168
190430664,56.5,915,7.58,1169
190736376,56.41,916,7.58,1169
191042312,56.36,917,7.58,1169
191143736,56.36,918,7.51,1169
191348424,56.33,918,7.51,1170
191655032,56.24,919,7.51,1170
191962088,56.16,920,7.51,1170
192085912,56.16,921,7.44,1170
192269320,56.13,921,7.44,1171
192577048,56.04,922,7.44,1171
192884968,56,923,7.44,1171
193037432,56,924,7.37,1171
193193256,55.93,924,7.37,1172
193501880,55.87,925,7.37,1172
193810728,55.83,926,7.37,1172
193998840,55.83,927,7.29,1172
194120200,55.72,927,7.29,1173
194429720,55.71,928,7.29,1173
194739688,55.63,929,7.29,1173
194970136,55.63,930,7.22,1173
195050056,55.56,930,7.22,1174
195360696,55.51,931,7.22,1174
195671784,55.43,932,7.22,1174
195951288,55.43,933,7.14,1174
195983272,55.36,933,7.14,1175
196294808,55.35,934,7.14,1175
196607016,55.23,935,7.14,1175
196919224,55.23,936,7.14,1175
196942472,55.23,937,7.07,1175
197232040,55.13,937,7.07,1176
197545144,55.07,938,7.07,1176
197858664,55,939,7.07,1176
197943704,55,940,7,1176
198172328,54.98,940,7,1177
198486536,54.88,941,7,1177
198800952,54.84,942,7,1177
198955464,54.84,943,6.93,1177
199115800,54.77,943,6.93,1178
199430920,54.72,944,6.93,1178
199746488,54.64,945,6.93,1178
199976712,54.64,946,6.86,1178
200062456,54.58,946,6.86,1179
200378696,54.53,947,6.86,1179
200695160,54.49,948,6.86,1179
201008488,54.49,949,6.79,1179
201012240,54.38,949,6.79,1180
201329368,54.38,950,6.79,1180
201647176,54.26,951,6.79,1180
201965208,54.22,952,6.79,1180
202050728,54.22,953,6.73,1180
202283416,54.19,953,6.73,1181
202602120,54.11,954,6.73,1181
202921272,54.03,955,6.73,1181
203103784,54.03,956,6.66,1181
203240600,54,956,6.66,1182
203560392,53.92,957,6.66,1182
203880664,53.84,958,6.66,1182
204168232,53.84,959,6.58,1182
204201112,53.81,959,6.58,1183
204521832,53.77,960,6.58,1183
204843224,53.65,961,6.58,1183
205164616,53.65,962,6.58,1183
205244760,53.65,963,6.51,1183
205486632,53.55,963,6.51,1184
205808920,53.5,964,6.51,1184
206131656,53.43,965,6.51,1184
206332984,53.43,966,6.44,1184
206454568,53.4,966,6.44,1185
206777976,53.32,967,6.44,1185
207101832,53.25,968,6.44,1185
207425912,53.21,969,6.44,1185
207433256,53.21,970,6.37,1185
207750392,53.14,970,6.37,1186
208075144,53.1,971,6.37,1186
208400344,53.03,972,6.37,1186
208545672,53.03,973,6.3,1186
208725928,52.96,973,6.3,1187
209052008,52.88,974,6.3,1187
209378328,52.84,975,6.3,1187
209669256,52.84,976,6.24,1187
209705048,52.78,976,6.24,1188
210032040,52.74,977,6.24,1188
210359480,52.66,978,6.24,1188
210687144,52.63,979,6.24,1188
210804920,52.63,980,6.17,1188
211015432,52.53,980,6.17,1189
211343992,52.48,981,6.17,1189
211672776,52.45,982,6.17,1189
211953400,52.45,983,6.1,1189
212002184,52.35,983,6.1,1190
212331864,52.31,984,6.1,1190
212661768,52.27,985,6.1,1190
212992344,52.16,986,6.1,1190
213115720,52.16,987,6.03,1190
213323080,52.14,987,6.03,1191
213654296,52.06,988,6.03,1191
213985736,52.03,989,6.03,1191
214291416,52.03,990,5.96,1191
214317784,51.93,990,5.96,1192
214649928,51.92,991,5.96,1192
214982744,51.81,992,5.96,1192
215315784,51.78,993,5.96,1192
215479672,51.78,994,5.9,1192
215649192,51.72,994,5.9,1193
215982904,51.67,995,5.9,1193
216317048,51.61,996,5.9,1193
216651656,51.53,997,5.9,1193
216680728,51.53,998,5.84,1193
216986664,51.47,998,5.84,1194
217321944,51.43,999,5.84,1194
217657672,51.36,1000,5.84,1194
217895336,51.36,1001,5.77,1194
217993880,51.29,1001,5.77,1195
218330344,51.25,1002,5.77,1195
218667224,51.19,1003,5.77,1195
219004552,51.12,1004,5.77,1195
219124408,51.12,1005,5.7,1195
219342120,51.08,1005,5.7,1196
219680120,51.02,1006,5.7,1196
220018568,50.95,1007,5.7,1196
220357464,50.88,1008,5.7,1196
220368456,50.88,1009,5.63,1196
220696616,50.84,1009,5.63,1197
221036408,50.75,1010,5.63,1197
221376232,50.74,1011,5.63,1197
221628440,50.74,1012,5.56,1197
221716680,50.65,1012,5.56,1198
222057368,50.62,1013,5.56,1198
222398760,50.51,1014,5.56,1198
222740136,50.51,1015,5.56,1198
222903896,50.51,1016,5.5,1198
223082200,50.41,1016,5.5,1199
223424488,50.38,1017,5.5,1199
223767224,50.31,1018,5.5,1199
224110408,50.25,1019,5.5,1199
224193976,50.25,1020,5.43,1199
224454024,50.18,1020,5.43,1200
224797864,50.15,1021,5.43,1200
225142376,50.05,1022,5.43,1200
225487096,50.02,1023,5.43,1200
225499192,50.02,1024,5.37,1200
225832264,49.96,1024,5.37,1201
226177656,49.93,1025,5.37,1201
226523752,49.82,1026,5.37,1201
226820760,49.82,1027,5.3,1201
226870056,49.79,1027,5.3,1202
227216824,49.73,1028,5.3,1202
227564008,49.67,1029,5.3,1202
227911640,49.6,1030,5.3,1202
228160296,49.6,1031,5.23,1202
228259544,49.57,1031,5.23,1203
228607880,49.5,1032,5.23,1203
228956632,49.44,1033,5.23,1203
229305848,49.38,1034,5.23,1203
229518200,49.38,1035,5.16,1203
229655496,49.32,1035,5.16,1204
230005400,49.28,1036,5.16,1204
230355944,49.19,1037,5.16,1204
230706744,49.16,1038,5.16,1204
230894456,49.16,1039,5.09,1204
231057960,49.1,1039,5.09,1205
231409640,49.03,1040,5.09,1205
231761752,48.97,1041,5.09,1205
232114088,48.94,1042,5.09,1205
232288792,48.94,1043,5.03,1205
232467080,48.85,1043,5.03,1206
232820312,48.82,1044,5.03,1206
233174008,48.75,1045,5.03,1206
233528136,48.69,1046,5.03,1206
233702392,48.69,1047,4.96,1206
233882696,48.63,1047,4.96,1207
234237720,48.57,1048,4.96,1207
234593192,48.51,1049,4.96,1207
234948888,48.48,1050,4.96,1207
235135048,48.48,1051,4.89,1207
235305272,48.39,1051,4.89,1208
235661864,48.36,1052,4.89,1208
236018920,48.29,1053,4.89,1208
236376408,48.24,1054,4.89,1208
236587400,48.24,1055,4.83,1208
236734344,48.18,1055,4.83,1209
237092728,48.12,1056,4.83,1209
237451368,48.08,1057,4.83,1209
237810648,48,1058,4.83,1209
238060840,48,1059,4.76,1209
238170136,47.97,1059,4.76,1210
238530088,47.91,1060,4.76,1210
238890728,47.81,1061,4.76,1210
239251608,47.78,1062,4.76,1210
239555560,47.78,1063,4.69,1210
239612888,47.73,1063,4.69,1211
239974632,47.67,1064,4.69,1211
240336824,47.61,1065,4.69,1211
240699272,47.58,1066,4.69,1211
241062392,47.49,1067,4.69,1211
241073592,47.49,1068,4.62,1211
241425928,47.43,1068,4.62,1212
241789704,47.4,1069,4.62,1212
242154168,47.31,1070,4.62,1212
242518856,47.28,1071,4.62,1212
242614488,47.28,1072,4.55,1212
242883944,47.23,1072,4.55,1213
243249720,47.14,1073,4.55,1213
243615736,47.11,1074,4.55,1213
243982216,47.05,1075,4.55,1213
244179096,47.05,1076,4.48,1213
244349320,46.97,1076,4.48,1214
244716680,46.94,1077,4.48,1214
245084472,46.89,1078,4.48,1214
245452712,46.83,1079,4.48,1214
245768984,46.83,1080,4.41,1214
245821416,46.77,1080,4.41,1215
246190552,46.71,1081,4.41,1215
246560152,46.66,1082,4.41,1215
246930184,46.6,1083,4.41,1215
247300696,46.54,1084,4.41,1215
247383576,46.54,1085,4.34,1215
247671640,46.49,1085,4.34,1216
248043016,46.43,1086,4.34,1216
248414856,46.37,1087,4.34,1216
248787160,46.32,1088,4.34,1216
249025272,46.32,1089,4.27,1216
249159912,46.26,1089,4.27,1217
249533096,46.21,1090,4.27,1217
249906744,46.15,1091,4.27,1217
250280824,46.1,1092,4.27,1217
250655336,46.04,1093,4.27,1217
250694968,46.04,1094,4.2,1217
251030280,45.99,1094,4.2,1218
251405688,45.93,1095,4.2,1218
251781544,45.88,1096,4.2,1218
252157848,45.82,1097,4.2,1218
252392136,45.82,1098,4.13,1218
252534808,45.74,1098,4.13,1219
252912024,45.71,1099,4.13,1219
253289688,45.66,1100,4.13,1219
253667800,45.61,1101,4.13,1219
254046584,45.52,1102,4.13,1219
254118264,45.52,1103,4.06,1219
254425576,45.5,1103,4.06,1220
254805240,45.42,1104,4.06,1220
255185128,45.39,1105,4.06,1220
255565688,45.31,1106,4.06,1220
255874120,45.31,1107,3.99,1220
255946696,45.26,1107,3.99,1221
256327928,45.23,1108,3.99,1221
256709848,45.15,1109,3.99,1221
257092200,45.1,1110,3.99,1221
257475032,45.04,1111,3.99,1221
257661160,45.04,1112,3.92,1221
257858264,45,1112,3.92,1222
258241992,44.94,1113,3.92,1222
258626360,44.86,1114,3.92,1222
259010984,44.83,1115,3.92,1222
259396248,44.76,1116,3.92,1222
259479592,44.76,1117,3.85,1222
259781752,44.73,1117,3.85,1223
260167912,44.66,1118,3.85,1223
260554520,44.6,1119,3.85,1223
260941576,44.55,1120,3.85,1223
261329112,44.5,1121,3.85,1223
261330880,44.5,1122,3.79,1223
261717112,44.44,1122,3.79,1224
262105512,44.4,1123,3.79,1224
262494584,44.32,1124,3.79,1224
262884120,44.27,1125,3.79,1224
263213416,44.27,1126,3.72,1224
263273880,44.24,1126,3.72,1225
263664296,44.17,1127,3.72,1225
264055192,44.11,1128,3.72,1225
264446744,44.04,1129,3.72,1225
264838504,44.02,1130,3.72,1225
265131720,44.02,1131,3.65,1225
265230936,43.94,1131,3.65,1226
265623832,43.89,1132,3.65,1226
266017192,43.84,1133,3.65,1226
266410968,43.79,1134,3.65,1226
266805224,43.74,1135,3.65,1226
267087928,43.74,1136,3.58,1226
267200152,43.66,1136,3.58,1227
267595304,43.64,1137,3.58,1227
267991112,43.57,1138,3.58,1227
268387352,43.52,1139,3.58,1227
268784264,43.45,1140,3.58,1227
269082872,43.45,1141,3.51,1227
269181432,43.42,1141,3.51,1228
269579256,43.35,1142,3.51,1228
269977544,43.3,1143,3.51,1228
270376280,43.25,1144,3.51,1228
270775656,43.18,1145,3.51,1228
271117704,43.18,1146,3.44,1228
271175272,43.15,1146,3.44,1229
271575544,43.08,1147,3.44,1229
271976264,43.03,1148,3.44,1229
272377656,42.96,1149,3.44,1229
272779496,42.91,1150,3.44,1229
273181560,42.89,1151,3.44,1229
273194344,42.89,1152,3.38,1229
273584536,42.79,1152,3.38,1230
273987720,42.77,1153,3.38,1230
274391576,42.7,1154,3.38,1230
274795896,42.65,1155,3.38,1230
275200648,42.6,1156,3.38,1230
275313560,42.6,1157,3.31,1230
275606088,42.53,1157,3.31,1231
276011752,42.51,1158,3.31,1231
276418104,42.44,1159,3.31,1231
276825112,42.37,1160,3.31,1231
277232568,42.32,1161,3.31,1231
277477416,42.32,1162,3.24,1231
277640488,42.27,1162,3.24,1232
278048824,42.23,1163,3.24,1232
278457848,42.16,1164,3.24,1232
278867320,42.11,1165,3.24,1232
279277240,42.07,1166,3.24,1232
279687592,42.02,1167,3.24,1232
279690928,42.02,1168,3.17,1232
280098616,41.95,1168,3.17,1233
280510344,41.88,1169,3.17,1233
280922264,41.86,1170,3.17,1233
281334872,41.79,1171,3.17,1233
281748136,41.73,1172,3.17,1233
281955352,41.73,1173,3.1,1233
282161656,41.7,1173,3.1,1234
282575832,41.63,1174,3.1,1234
282990696,41.57,1175,3.1,1234
283405992,41.52,1176,3.1,1234
283821752,41.48,1177,3.1,1234
284237928,41.43,1178,3.1,1234
284271528,41.43,1179,3.03,1234
284654776,41.37,1179,3.03,1235
285072296,41.3,1180,3.03,1235
285490264,41.26,1181,3.03,1235
285908680,41.21,1182,3.03,1235
286327576,41.17,1183,3.03,1235
286644744,41.17,1184,2.95,1235
286747336,41.08,1184,2.95,1236
287167320,41.06,1185,2.95,1236
287587976,40.99,1186,2.95,1236
288009080,40.95,1187,2.95,1236
288430888,40.88,1188,2.95,1236
288853144,40.84,1189,2.95,1236
289080504,40.84,1190,2.88,1236
289275816,40.8,1190,2.88,1237
289699384,40.71,1191,2.88,1237
290123192,40.69,1192,2.88,1237
290547656,40.63,1193,2.88,1237
290972568,40.58,1194,2.88,1237
291398152,40.52,1195,2.88,1237
291581160,40.52,1196,2.8,1237
291824408,40.45,1196,2.8,1238
292251144,40.41,1197,2.8,1238
292678312,40.37,1198,2.8,1238
293106136,40.31,1199,2.8,1238
293534424,40.26,1200,2.8,1238
293963368,40.2,1201,2.8,1238
294149944,40.2,1202,2.73,1238
294392744,40.16,1202,2.73,1239
294822840,40.09,1203,2.73,1239
295253352,40.05,1204,2.73,1239
295684536,39.99,1205,2.73,1239
296116392,39.93,1206,2.73,1239
296548696,39.89,1207,2.73,1239
296791720,39.89,1208,2.65,1239
296981432,39.85,1208,2.65,1240
297414888,39.78,1209,2.65,1240
297848984,39.72,1210,2.65,1240
298283528,39.68,1211,2.65,1240
298718760,39.62,1212,2.65,1240
299154440,39.58,1213,2.65,1240
299515736,39.58,1214,2.57,1240
299590760,39.52,1214,2.57,1241
300027560,39.48,1215,2.57,1241
300465016,39.42,1216,2.57,1241
300903144,39.36,1217,2.57,1241
301341752,39.32,1218,2.57,1241
301781016,39.26,1219,2.57,1241
302220728,39.22,1220,2.57,1241
302327128,39.22,1221,2.49,1241
302661096,39.16,1221,2.49,1242
303102152,39.1,1222,2.49,1242
303543672,39.06,1223,2.49,1242
303985832,39,1224,2.49,1242
304428664,38.94,1225,2.49,1242
304871944,38.9,1226,2.49,1242
305235720,38.9,1227,2.41,1242
305315896,38.84,1227,2.41,1243
305760312,38.8,1228,2.41,1243
306205384,38.74,1229,2.41,1243
306651160,38.68,1230,2.41,1243
307097368,38.65,1231,2.41,1243
307544264,38.59,1232,2.41,1243
307991800,38.53,1233,2.41,1243
308250296,38.53,1234,2.33,1243
308440040,38.47,1234,2.33,1244
308888728,38.43,1235,2.33,1244
309338072,38.38,1236,2.33,1244
309787880,38.34,1237,2.33,1244
310238344,38.28,1238,2.33,1244
310689480,38.22,1239,2.33,1244
311141304,38.17,1240,2.33,1244
311377416,38.17,1241,2.24,1244
311593576,38.13,1241,2.24,1245
312046744,38.05,1242,2.24,1245
312500328,38.02,1243,2.24,1245
312954360,37.98,1244,2.24,1245
313409304,37.9,1245,2.24,1245
313864680,37.87,1246,2.24,1245
314320728,37.81,1247,2.24,1245
314629416,37.81,1248,2.16,1245
314777464,37.75,1248,2.16,1246
315234664,37.72,1249,2.16,1246
315692744,37.64,1250,2.16,1246
316151288,37.61,1251,2.16,1246
316610488,37.55,1252,2.16,1246
317070344,37.5,1253,2.16,1246
317530664,37.46,1254,2.16,1246
317991880,37.39,1255,2.16,1246
318018296,37.39,1256,2.07,1246
318453512,37.35,1256,2.07,1247
318915832,37.3,1257,2.07,1247
319378824,37.24,1258,2.07,1247
319842504,37.19,1259,2.07,1247
320306616,37.15,1260,2.07,1247
320771624,37.08,1261,2.07,1247
321237080,37.05,1262,2.07,1247
321560072,37.05,1263,1.98,1247
321703416,36.98,1263,1.98,1248
322170232,36.94,1264,1.98,1248
322637704,36.89,1265,1.98,1248
323105880,36.83,1266,1.98,1248
323574472,36.8,1267,1.98,1248
324043960,36.73,1268,1.98,1248
324514120,36.68,1269,1.98,1248
324984728,36.64,1270,1.98,1248
325057736,36.64,1271,2,1248
325274104,36.64,1271,32.39,1249
325456248,36.57,1271,32.39,1250
325928248,36.53,1272,32.39,1250
326400920,36.48,1273,32.39,1250
326874280,36.43,1274,32.39,1250
327348520,36.36,1275,32.39,1250
327823208,36.33,1276,32.39,1250
328298584,36.27,1277,32.39,1250
328774616,36.22,1278,32.39,1250
329195784,36.22,1279,1.79,1250
329251320,36.17,1279,1.79,1251
329728664,36.12,1280,1.79,1251
330206680,36.07,1281,1.79,1251
330685352,36.02,1282,1.79,1251
331164920,35.96,1283,1.79,1251
331644936,35.92,1284,1.79,1251
332125624,35.87,1285,1.79,1251
332607208,35.81,1286,1.79,1251
333089272,35.77,1287,1.79,1251
333356280,35.77,1288,1.68,1251
333571976,35.72,1288,1.68,1252
334055608,35.66,1289,1.68,1252
334539656,35.62,1290,1.68,1252
335024600,35.56,1291,1.68,1252
335510216,35.51,1292,1.68,1252
335996504,35.46,1293,1.68,1252
336483480,35.41,1294,1.68,1252
336971112,35.36,1295,1.68,1252
337459416,35.31,1296,1.68,1252
337805256,35.31,1297,1.58,1252
337948408,35.26,1297,1.58,1253
338438312,35.2,1298,1.58,1253
338928648,35.17,1299,1.58,1253
339419864,35.1,1300,1.58,1253
339911752,35.06,1301,1.58,1253
340404312,35.01,1302,1.58,1253
340897544,34.96,1303,1.58,1253
341391448,34.91,1304,1.58,1253
341886248,34.85,1305,1.58,1253
342381720,34.8,1306,1.58,1253
342584424,34.8,1307,1.47,1253
342877848,34.76,1307,1.47,1254
343374664,34.71,1308,1.47,1254
343872184,34.66,1309,1.47,1254
344370600,34.6,1310,1.47,1254
344869432,34.57,1311,1.47,1254
345369400,34.49,1312,1.47,1254
345869800,34.46,1313,1.47,1254
346370888,34.41,1314,1.47,1254
346872888,34.35,1315,1.47,1254
347375528,34.31,1316,1.47,1254
347779192,34.31,1317,1.35,1254
347879080,34.24,1317,1.35,1255
348383064,34.22,1318,1.35,1255
348887976,34.15,1319,1.35,1255
349393560,34.11,1320,1.35,1255
349900040,34.05,1321,1.35,1255
350407160,34,1322,1.35,1255
350914952,33.96,1323,1.35,1255
351423656,33.9,1324,1.35,1255
351933016,33.85,1325,1.35,1255
352443064,33.81,1326,1.35,1255
352954024,33.75,1327,1.35,1255
353465656,33.7,1328,1.35,1255
353567336,33.7,1329,1.21,1255
353977912,33.66,1329,1.21,1256
354491096,33.6,1330,1.21,1256
355004936,33.56,1331,1.21,1256
355519688,33.5,1332,1.21,1256
356035112,33.46,1333,1.21,1256
356551432,33.4,1334,1.21,1256
357068408,33.36,1335,1.21,1256
357586088,33.31,1336,1.21,1256
358104648,33.25,1337,1.21,1256
358623880,33.21,1338,1.21,1256
359144024,33.15,1339,1.21,1256
359664824,33.11,1340,1.21,1256
360186520,33.05,1341,1.21,1256
360283528,33.05,1342,1.04,1256
360708888,33.01,1342,1.04,1257
361232136,32.96,1343,1.04,1257
361756056,32.91,1344,1.04,1257
362280872,32.86,1345,1.04,1257
362806584,32.8,1346,1.04,1257
363332968,32.76,1347,1.04,1257
363860024,32.72,1348,1.04,1257
364387976,32.66,1349,1.04,1257
364916824,32.61,1350,1.04,1257
365446344,32.57,1351,1.04,1257
365976760,32.51,1352,1.04,1257
366508072,32.46,1353,1.04,1257
367040056,32.41,1354,1.04,1257
367572728,32.37,1355,1.04,1257
368106504,32.31,1356,1.04,1257
368640952,32.27,1357,1.04,1257
368901000,32.27,1358,0.81,1257
369176280,32.21,1358,0.81,1258
369712328,32.17,1359,0.81,1258
370249240,32.12,1360,0.81,1258
370786840,32.08,1361,0.81,1258
371325544,32.01,1362,0.81,1258
371864920,31.97,1363,0.81,1258
372405192,31.92,1364,0.81,1258
372946136,31.88,1365,0.81,1258
373488200,31.81,1366,0.81,1258
374030952,31.77,1367,0.81,1258
374574584,31.72,1368,0.81,1258
375118904,31.68,1369,0.81,1258
375664104,31.63,1370,0.81,1258
376210424,31.56,1371,0.81,1258
376757416,31.53,1372,0.81,1258
377305080,31.49,1373,0.81,1258
377853864,31.42,1374,0.81,1258
378403544,31.37,1375,0.81,1258
378953928,31.33,1376,0.81,1258
379505176,31.28,1377,0.81,1258
380057336,31.23,1378,0.81,1258
380610376,31.18,1379,0.81,1258
380629176,31.18,1380,0.6,1258
381164296,31.13,1380,0.6,1259
381719160,31.08,1381,0.6,1259
382274664,31.04,1382,0.6,1259
382831288,30.98,1383,0.6,1259
383388584,30.94,1384,0.6,1259
383947000,30.88,1385,0.6,1259
384135368,30.88,1386,2,1259
384506072,30.84,1386,2,1260
385066056,30.79,1387,2,1260
385627160,30.73,1388,2,1260
386188936,30.7,1389,2,1260
386751608,30.65,1390,2,1260
387315176,30.6,1391,2,1260
387879864,30.54,1392,2,1260
388445224,30.5,1393,2,1260
389011480,30.45,1394,2,1260
389578856,30.39,1395,2,1260
390146904,30.36,1396,2,1260
390716072,30.3,1397,2,1260
391285912,30.26,1398,2,1260
391856872,30.2,1399,2,1260
392428728,30.15,1400,2,1260
393001480,30.11,1401,2,1260
393575160,30.06,1402,2,1260
394149704,30.01,1403,2,1260
394725144,29.97,1404,2,1260
395301480,29.92,1405,2,1260
395878936,29.86,1406,2,1260
396242920,29.86,1407,0.58,1260
396457272,29.82,1407,0.58,1261
397036520,29.77,1408,0.58,1261
397616664,29.72,1409,0.58,1261
398197704,29.68,1410,0.58,1261
398779864,29.62,1411,0.58,1261
399362920,29.58,1412,0.58,1261
399946872,29.53,1413,0.58,1261
400531944,29.47,1414,0.58,1261
401117688,29.44,1415,0.58,1261
401704552,29.38,1416,0.58,1261
402292536,29.33,1417,0.58,1261
402881416,29.28,1418,0.58,1261
403471192,29.24,1419,0.58,1261
404061864,29.19,1420,0.58,1261
404653656,29.14,1421,0.58,1261
405246360,29.09,1422,0.58,1261
405839944,29.05,1423,0.58,1261
406434648,29,1424,0.58,1261
407030472,28.94,1425,0.58,1261
407626968,28.91,1426,0.58,1261
408224808,28.84,1427,0.58,1261
408823320,28.81,1428,0.58,1261
409422968,28.76,1429,0.58,1261
410023720,28.7,1430,0.58,1261
410625368,28.66,1431,0.58,1261
411228136,28.61,1432,0.58,1261
411831800,28.57,1433,0.58,1261
412436584,28.51,1434,0.58,1261
413042264,28.47,1435,0.58,1261
413649064,28.42,1436,0.58,1261
414256984,28.37,1437,0.58,1261
414865800,28.32,1438,0.58,1261
415475528,28.28,1439,0.58,1261
416086584,28.22,1440,0.58,1261
416698536,28.18,1441,0.58,1261
417311608,28.13,1442,0.58,1261
417925576,28.09,1443,0.58,1261
418540664,28.04,1444,0.58,1261
419156872,27.98,1445,0.58,1261
419773976,27.94,1446,0.58,1261
420392424,27.88,1447,0.58,1261
421011768,27.84,1448,0.58,1261
421632008,27.8,1449,0.58,1261
422253592,27.74,1450,0.58,1261
422876072,27.7,1451,0.58,1261
423499672,27.65,1452,0.58,1261
424124392,27.6,1453,0.58,1261
424750232,27.55,1454,0.58,1261
425377192,27.5,1455,0.58,1261
426005048,27.46,1456,0.58,1261
426634040,27.42,1457,0.58,1261
427264360,27.36,1458,0.58,1261
427895576,27.32,1459,0.58,1261
428527912,27.27,1460,0.58,1261
429161368,27.22,1461,0.58,1261
429795944,27.17,1462,0.58,1261
430431864,27.12,1463,0.58,1261
431068680,27.08,1464,0.58,1261
431706616,27.03,1465,0.58,1261
432345672,26.98,1466,0.58,1261
432985864,26.94,1467,0.58,1261
433627160,26.89,1468,0.58,1261
434269576,26.84,1469,0.58,1261
434913336,26.79,1470,0.58,1261
435557992,26.75,1471,0.58,1261
436203992,26.69,1472,0.58,1261
436851112,26.65,1473,0.58,1261
437499352,26.6,1474,0.58,1261
438148712,26.56,1475,0.58,1261
438799416,26.5,1476,0.58,1261
439451016,26.46,1477,0.58,1261
440103976,26.41,1478,0.58,1261
440758040,26.36,1479,0.58,1261
441413448,26.31,1480,0.58,1261
442069784,26.27,1481,0.58,1261
442727432,26.22,1482,0.58,1261
443386200,26.18,1483,0.58,1261
444046312,26.12,1484,0.58,1261
444707544,26.08,1485,0.58,1261
445369896,26.03,1486,0.58,1261
446033592,25.98,1487,0.58,1261
446698408,25.94,1488,0.58,1261
447364568,25.89,1489,0.58,1261
448031848,25.84,1490,0.58,1261
448700248,25.8,1491,0.58,1261
449369992,25.75,1492,0.58,1261
450041080,25.7,1493,0.58,1261
450713288,25.65,1494,0.58,1261
451386616,25.61,1495,0.58,1261
452061512,25.55,1496,0.58,1261
452737304,25.52,1497,0.58,1261
453414664,25.46,1498,0.58,1261
454093144,25.42,1499,0.58,1261
454772744,25.37,1500,0.58,1261
455453912,25.32,1501,0.58,1261
456136200,25.27,1502,0.58,1261
456819832,25.22,1503,0.58,1261
457504584,25.18,1504,0.58,1261
458190680,25.13,1505,0.58,1261
458878120,25.08,1506,0.58,1261
459566904,25.04,1507,0.58,1261
460257032,24.99,1508,0.58,1261
460948280,24.95,1509,0.58,1261
461641096,24.89,1510,0.58,1261
462335032,24.85,1511,0.58,1261
463030312,24.8,1512,0.58,1261
463727160,24.75,1513,0.58,1261
464425128,24.71,1514,0.58,1261
465124456,24.66,1515,0.58,1261
465825112,24.61,1516,0.58,1261
466527112,24.56,1517,0.58,1261
467230456,24.52,1518,0.58,1261
467935368,24.46,1519,0.58,1261
468641400,24.42,1520,0.58,1261
469349000,24.37,1521,0.58,1261
470057944,24.32,1522,0.58,1261
470768008,24.29,1523,0.58,1261
471479656,24.23,1524,0.58,1261
472192856,24.18,1525,0.58,1261
472907176,24.14,1526,0.58,1261
473623064,24.09,1527,0.58,1261
474340296,24.04,1528,0.58,1261
475059096,23.99,1529,0.58,1261
475779016,23.95,1530,0.58,1261
476500728,23.89,1531,0.58,1261
477223560,23.86,1532,0.58,1261
477947960,23.8,1533,0.58,1261
478673704,23.76,1534,0.58,1261
479401016,23.71,1535,0.58,1261
480129896,23.66,1536,0.58,1261
480859896,23.62,1537,0.58,1261
481591688,23.56,1538,0.58,1261
482324840,23.52,1539,0.58,1261
483059320,23.48,1540,0.58,1261
483795592,23.42,1541,0.58,1261
484532984,23.39,1542,0.58,1261
485272168,23.33,1543,0.58,1261
486012696,23.29,1544,0.58,1261
486754792,23.24,1545,0.58,1261
487498456,23.19,1546,0.58,1261
488243464,23.15,1547,0.58,1261
488990040,23.1,1548,0.58,1261
489738184,23.05,1549,0.58,1261
490487896,23,1550,0.58,1261
491239176,22.95,1551,0.58,1261
491992024,22.91,1552,0.58,1261
492746216,22.86,1553,0.58,1261
493502200,22.81,1554,0.58,1261
494259528,22.77,1555,0.58,1261
495018648,22.72,1556,0.58,1261
495779336,22.67,1557,0.58,1261
496541368,22.63,1558,0.58,1261
497305192,22.58,1559,0.58,1261
498070808,22.52,1560,0.58,1261
498837800,22.48,1561,0.58,1261
499606328,22.44,1562,0.58,1261
500376648,22.39,1563,0.58,1261
501148536,22.34,1564,0.58,1261
501922216,22.29,1565,0.58,1261
502697464,22.24,1566,0.58,1261
503474280,22.2,1567,0.58,1261
504252888,22.15,1568,0.58,1261
505033064,22.1,1569,0.58,1261
505815032,22.05,1570,0.58,1261
506598568,22.01,1571,0.58,1261
507383672,21.96,1572,0.58,1261
508170792,21.91,1573,0.58,1261
508959480,21.86,1574,0.58,1261
509749736,21.82,1575,0.58,1261
510541784,21.77,1576,0.58,1261
511335624,21.72,1577,0.58,1261
512131256,21.67,1578,0.58,1261
512928456,21.63,1579,0.58,1261
513727448,21.58,1580,0.58,1261
514528232,21.53,1581,0.58,1261
515330808,21.49,1582,0.58,1261
516135176,21.44,1583,0.58,1261
516941112,21.4,1584,0.58,1261
517749064,21.34,1585,0.58,1261
518558584,21.3,1586,0.58,1261
519370120,21.25,1587,0.58,1261
520183464,21.2,1588,0.58,1261
520998360,21.16,1589,0.58,1261
521815272,21.11,1590,0.58,1261
522634200,21.06,1591,0.58,1261
523454696,21.02,1592,0.58,1261
524277208,20.97,1593,0.58,1261
525101512,20.92,1594,0.58,1261
525927608,20.87,1595,0.58,1261
526755720,20.82,1596,0.58,1261
527585624,20.78,1597,0.58,1261
528417320,20.73,1598,0.58,1261
529251048,20.68,1599,0.58,1261
530086776,20.63,1600,0.58,1261
530924520,20.58,1601,0.58,1261
531764056,20.54,1602,0.58,1261
532605384,20.5,1603,0.58,1261
533448952,20.44,1604,0.58,1261
534294312,20.4,1605,0.58,1261
535141688,20.35,1606,0.58,1261
535990856,20.31,1607,0.58,1261
536842280,20.25,1608,0.58,1261
537695480,20.21,1609,0.58,1261
538550920,20.16,1610,0.58,1261
539408376,20.11,1611,0.58,1261
540267656,20.07,1612,0.58,1261
541129144,20.02,1613,0.58,1261
541992648,19.97,1614,0.58,1261
542858168,19.92,1615,0.58,1261
543725928,19.87,1616,0.58,1261
544595480,19.83,1617,0.58,1261
545467272,19.78,1618,0.58,1261
546341304,19.73,1619,0.58,1261
547217352,19.68,1620,0.58,1261
548095416,19.64,1621,0.58,1261
548975720,19.59,1622,0.58,1261
549858264,19.54,1623,0.58,1261
550742824,19.49,1624,0.58,1261
551629624,19.45,1625,0.58,1261
552518664,19.4,1626,0.58,1261
553409944,19.35,1627,0.58,1261
554303464,19.3,1628,0.58,1261
555199000,19.26,1629,0.58,1261
556096792,19.21,1630,0.58,1261
556996840,19.16,1631,0.58,1261
557899320,19.11,1632,0.58,1261
558803832,19.06,1633,0.58,1261
559710568,19.02,1634,0.58,1261
560619768,18.97,1635,0.58,1261
561531208,18.92,1636,0.58,1261
562444888,18.87,1637,0.58,1261
563360808,18.83,1638,0.58,1261
564279192,18.78,1639,0.58,1261
565200040,18.73,1640,0.58,1261
566122904,18.69,1641,0.58,1261
567048456,18.63,1642,0.58,1261
567976248,18.59,1643,0.58,1261
568906280,18.54,1644,0.58,1261
569839000,18.49,1645,0.58,1261
570773960,18.44,1646,0.58,1261
571711384,18.4,1647,0.58,1261
572651272,18.35,1648,0.58,1261
573593624,18.3,1649,0.58,1261
574538440,18.25,1650,0.58,1261
575485720,18.2,1651,0.58,1261
576435464,18.16,1652,0.58,1261
577387896,18.11,1653,0.58,1261
578342792,18.06,1654,0.58,1261
579300152,18.01,1655,0.58,1261
580259976,17.97,1656,0.58,1261
581222712,17.91,1657,0.58,1261
582187688,17.87,1658,0.58,1261
583155576,17.82,1659,0.58,1261
584125704,17.77,1660,0.58,1261
585098744,17.72,1661,0.58,1261
586074248,17.68,1662,0.58,1261
587052664,17.62,1663,0.58,1261
588033544,17.58,1664,0.58,1261
589017112,17.53,1665,0.58,1261
590003592,17.48,1666,0.58,1261
590992760,17.43,1667,0.58,1261
591984616,17.39,1668,0.58,1261
592979384,17.33,1669,0.58,1261
593976840,17.29,1670,0.58,1261
594977224,17.24,1671,0.58,1261
595980504,17.19,1672,0.58,1261
596986472,17.14,1673,0.58,1261
597995352,17.09,1674,0.58,1261
599007144,17.04,1675,0.58,1261
600021848,16.99,1676,0.58,1261
601039464,16.95,1677,0.58,1261
602059992,16.9,1678,0.58,1261
603083432,16.85,1679,0.58,1261
604110008,16.8,1680,0.58,1261
605139272,16.75,1681,0.58,1261
606171672,16.7,1682,0.58,1261
607207208,16.65,1683,0.58,1261
608245656,16.61,1684,0.58,1261
609287240,16.56,1685,0.58,1261
610331736,16.51,1686,0.58,1261
611379368,16.46,1687,0.58,1261
612430136,16.41,1688,0.58,1261
613484040,16.36,1689,0.58,1261
614541080,16.31,1690,0.58,1261
615601032,16.27,1691,0.58,1261
616664568,16.21,1692,0.58,1261
617731016,16.17,1693,0.58,1261
618800824,16.12,1694,0.58,1261
619873768,16.07,1695,0.58,1261
620950072,16.02,1696,0.58,1261
622029736,15.97,1697,0.58,1261
623112760,15.92,1698,0.58,1261
624198920,15.88,1699,0.58,1261
625288664,15.82,1700,0.58,1261
626381544,15.78,1701,0.58,1261
627478008,15.73,1702,0.58,1261
628578072,15.68,1703,0.58,1261
629681480,15.63,1704,0.58,1261
630788248,15.58,1705,0.58,1261
631898600,15.53,1706,0.58,1261
633012760,15.48,1707,0.58,1261
634130280,15.43,1708,0.58,1261
635251384,15.38,1709,0.58,1261
636376296,15.33,1710,0.58,1261
637504792,15.28,1711,0.58,1261
638636904,15.23,1712,0.58,1261
639773016,15.18,1713,0.58,1261
640912488,15.13,1714,0.58,1261
642055992,15.08,1715,0.58,1261
643203304,15.03,1716,0.58,1261
644354424,14.98,1717,0.58,1261
645509352,14.93,1718,0.58,1261
646668312,14.88,1719,0.58,1261
647831080,14.83,1720,0.58,1261
648997656,14.78,1721,0.58,1261
650168488,14.73,1722,0.58,1261
651343352,14.68,1723,0.58,1261
652522024,14.63,1724,0.58,1261
653704968,14.58,1725,0.58,1261
654892152,14.53,1726,0.58,1261
656083368,14.48,1727,0.58,1261
657278840,14.42,1728,0.58,1261
658478344,14.38,1729,0.58,1261
659682328,14.32,1730,0.58,1261
660890568,14.27,1731,0.58,1261
662103064,14.22,1732,0.58,1261
663320040,14.17,1733,0.58,1261
664541496,14.12,1734,0.58,1261
665767208,14.07,1735,0.58,1261
666997624,14.01,1736,0.58,1261
668232520,13.96,1737,0.58,1261
669471896,13.91,1738,0.58,1261
670715976,13.86,1739,0.58,1261
671964760,13.81,1740,0.58,1261
673218248,13.76,1741,0.58,1261
674476440,13.71,1742,0.58,1261
675739560,13.65,1743,0.58,1261
677007384,13.6,1744,0.58,1261
678279912,13.55,1745,0.58,1261
679557592,13.5,1746,0.58,1261
680840200,13.44,1747,0.58,1261
682127736,13.39,1748,0.58,1261
683420424,13.34,1749,0.58,1261
684718040,13.29,1750,0.58,1261
686021032,13.23,1751,0.58,1261
687328952,13.18,1752,0.58,1261
688642472,13.13,1753,0.58,1261
689961160,13.08,1754,0.58,1261
691284984,13.03,1755,0.58,1261
692614632,12.97,1756,0.58,1261
693949432,12.92,1757,0.58,1261
695290056,12.86,1758,0.58,1261
696636056,12.81,1759,0.58,1261
697987656,12.76,1760,0.58,1261
699345080,12.7,1761,0.58,1261
700708328,12.65,1762,0.58,1261
702077400,12.6,1763,0.58,1261
703452296,12.54,1764,0.58,1261
704833016,12.49,1765,0.58,1261
706220008,12.43,1766,0.58,1261
707613048,12.38,1767,0.58,1261
709012136,12.33,1768,0.58,1261
710417496,12.27,1769,0.58,1261
711829128,12.22,1770,0.58,1261
713247256,12.16,1771,0.58,1261
714671656,12.11,1772,0.58,1261
716102568,12.05,1773,0.58,1261
717540184,11.99,1774,0.58,1261
718984520,11.94,1775,0.58,1261
720435576,11.88,1776,0.58,1261
721893576,11.83,1777,0.58,1261
723358296,11.77,1778,0.58,1261
724830184,11.72,1779,0.58,1261
726309016,11.66,1780,0.58,1261
727795016,11.6,1781,0.58,1261
729288408,11.55,1782,0.58,1261
730788968,11.49,1783,0.58,1261
732296920,11.44,1784,0.58,1261
733812488,11.38,1785,0.58,1261
735335672,11.32,1786,0.58,1261
736866696,11.26,1787,0.58,1261
738405352,11.21,1788,0.58,1261
739952088,11.15,1789,0.58,1261
741506632,11.09,1790,0.58,1261
743069464,11.03,1791,0.58,1261
744640584,10.98,1792,0.58,1261
746219992,10.92,1793,0.58,1261
747807912,10.86,1794,0.58,1261
749404568,10.8,1795,0.58,1261
751009736,10.74,1796,0.58,1261
752623640,10.68,1797,0.58,1261
754246728,10.62,1798,0.58,1261
755878776,10.57,1799,0.58,1261
757520232,10.51,1800,0.58,1261
759170872,10.45,1801,0.58,1261
760831144,10.39,1802,0.58,1261
762501048,10.33,1803,0.58,1261
764180808,10.27,1804,0.58,1261
765870424,10.21,1805,0.58,1261
767570120,10.15,1806,0.58,1261
769280344,10.08,1807,0.58,1261
771000872,10.02,1808,0.58,1261
772731928,9.96,1809,0.58,1261
774473896,9.9,1810,0.58,1261
776227064,9.84,1811,0.58,1261
777990984,9.78,1812,0.58,1261
779766568,9.71,1813,0.58,1261
781553576,9.65,1814,0.58,1261
783352456,9.59,1815,0.58,1261
785163208,9.52,1816,0.58,1261
786986280,9.46,1817,0.58,1261
788821656,9.4,1818,0.58,1261
790669816,9.33,1819,0.58,1261
792530728,9.27,1820,0.58,1261
794404872,9.2,1821,0.58,1261
796292216,9.14,1822,0.58,1261
798193224,9.07,1823,0.58,1261
800108120,9.01,1824,0.58,1261
802037352,8.94,1825,0.58,1261
803980936,8.87,1826,0.58,1261
805939320,8.81,1827,0.58,1261
807912680,8.74,1828,0.58,1261
809901496,8.67,1829,0.58,1261
811905992,8.6,1830,0.58,1261
813926632,8.53,1831,0.58,1261
815963608,8.47,1832,0.58,1261
818017608,8.4,1833,0.58,1261
820088632,8.33,1834,0.58,1261
822177160,8.26,1835,0.58,1261
824283800,8.19,1836,0.58,1261
826409064,8.11,1837,0.58,1261
828553144,8.04,1838,0.58,1261
830716456,7.97,1839,0.58,1261
832899928,7.9,1840,0.58,1261
835103576,7.83,1841,0.58,1261
837328280,7.75,1842,0.58,1261
839574696,7.68,1843,0.58,1261
841843064,7.6,1844,0.58,1261
844134504,7.53,1845,0.58,1261
846449272,7.45,1846,0.58,1261
848788216,7.37,1847,0.58,1261
851152024,7.3,1848,0.58,1261
853541160,7.22,1849,0.58,1261
855956696,7.14,1850,0.58,1261
858398888,7.06,1851,0.58,1261
860868632,6.98,1852,0.58,1261
863366600,6.9,1853,0.58,1261
865893688,6.82,1854,0.58,1261
868451016,6.74,1855,0.58,1261
871039272,6.66,1856,0.58,1261
873659544,6.58,1857,0.58,1261
876313192,6.5,1858,0.58,1261
879001128,6.42,1859,0.58,1261
881724888,6.33,1860,0.58,1261
884485608,6.25,1861,0.58,1261
887284856,6.16,1862,0.58,1261
890124200,6.07,1863,0.58,1261
893005208,5.99,1864,0.58,1261
895929672,5.9,1865,0.58,1261
898899160,5.81,1866,0.58,1261
901916136,5.72,1867,0.58,1261
904982392,5.62,1868,0.58,1261
908100184,5.53,1869,0.58,1261
911272424,5.44,1870,0.58,1261
914501528,5.34,1871,0.58,1261
917790456,5.24,1872,0.58,1261
921142776,5.14,1873,0.58,1261
924561608,5.04,1874,0.58,1261
928051000,4.94,1875,0.58,1261
931615240,4.84,1876,0.58,1261
935258968,4.73,1877,0.58,1261
938987384,4.63,1878,0.58,1261
942806520,4.52,1879,0.58,1261
946722856,4.4,1880,0.58,1261
950743800,4.29,1881,0.58,1261
954878104,4.17,1882,0.58,1261
959135144,4.05,1883,0.58,1261
963526808,3.93,1884,0.58,1261
968066312,3.8,1885,0.58,1261
972768888,3.67,1886,0.58,1261
977651800,3.53,1887,0.58,1261
982736296,3.39,1888,0.58,1261
988048376,3.25,1889,0.58,1261
993620088,3.09,1890,0.58,1261
999492392,2.94,1891,0.58,1261
1005717960,2.77,1892,0.58,1261
1012367832,2.59,1893,0.58,1261
1019539384,2.4,1894,0.58,1261
1027374232,2.2,1895,0.58,1261
1036094088,1.98,1896,0.58,1261
1046078664,1.73,1897,0.58,1261
1058099608,1.43,1898,0.58,1261
1074411720,1.06,1899,0.58,1261
