861699048,0,26,0.01,26
861774936,0,26,98.67,27
861779424,0.02,26,98.67,28
861850888,0.02,27,98.59,28
861926824,0.02,27,98.61,29
861954376,98.56,27,98.61,30
862002856,98.56,28,98.48,30
862078632,98.56,28,98.82,31
862129320,98.57,28,98.82,32
862154696,98.57,29,98.44,32
862230472,98.57,29,98.82,33
862304456,98.46,29,98.82,34
862306536,98.46,30,98.44,34
862382360,98.46,30,98.76,35
862458360,98.46,30,98.53,36
862479256,98.65,30,98.53,37
862534424,98.65,31,98.44,37
862610200,98.65,31,98.82,38
862654392,98.46,31,98.82,39
862686264,98.46,32,98.44,39
862762040,98.46,32,98.82,40
862829304,98.59,32,98.82,41
862838104,98.59,33,98.44,41
862914104,98.59,33,98.53,42
862989880,98.59,33,98.82,43
863004280,98.55,33,98.82,44
863065944,98.55,34,98.44,44
863141944,98.55,34,98.53,45
863179192,98.59,34,98.53,46
863217784,98.59,35,98.73,46
863293784,98.59,35,98.53,47
863354328,98.46,35,98.53,48
863369656,98.46,36,98.69,48
863445432,98.46,36,98.82,49
863521432,98.46,36,98.53,50
863529336,98.53,36,98.53,51
863597304,98.53,37,98.69,51
863673304,98.53,37,98.53,52
863704312,98.55,37,98.53,53
863749208,98.55,38,98.65,53
863824984,98.55,38,98.82,54
863879256,98.57,38,98.82,55
863901080,98.57,39,98.4,55
863976856,98.57,39,98.82,56
864052856,98.57,39,98.53,57
864054480,98.41,39,98.53,58
864128744,98.41,40,98.67,58
864204744,98.41,40,98.53,59
864229256,98.66,40,98.53,60
864280616,98.66,41,98.69,60
864356616,98.66,41,98.53,61
864404168,98.59,41,98.53,62
864432680,98.59,42,98.44,62
864508456,98.59,42,98.82,63
864579080,98.59,42,98.82,64
864584512,98.59,43,98.45,64
864660296,98.59,43,98.81,65
864736296,98.59,43,98.53,66
864754056,98.55,43,98.53,67
864812168,98.55,44,98.69,67
864888168,98.55,44,98.53,68
864929032,98.55,44,98.53,69
864964072,98.55,45,98.65,69
865040072,98.55,45,98.53,70
865103976,98.57,45,98.53,71
865115944,98.57,46,98.69,71
865191944,98.57,46,98.53,72
865267944,98.57,46,98.53,73
865279016,98.51,46,98.53,74
865343848,98.51,47,98.65,74
865419880,98.51,47,98.48,75
865453992,98.55,47,98.48,76
865495720,98.55,48,98.73,76
865571720,98.55,48,98.53,77
865629128,98.46,48,98.53,78
865648008,98.46,49,98.15,78
865724008,98.46,49,98.53,79
865800008,98.46,49,98.53,80
865804104,98.55,49,98.53,81
865876072,98.55,50,98.44,81
865952072,98.55,50,98.53,82
865979016,98.59,50,98.53,83
866027912,98.59,51,98.73,83
866103912,98.59,51,98.53,84
866153928,98.59,51,98.53,85
866179752,98.59,52,98.73,85
866255528,98.59,52,98.82,86
866329064,98.46,52,98.82,87
866331584,98.46,53,98.45,87
866407384,98.46,53,98.79,88
866483160,98.46,53,98.82,89
866503832,98.67,53,98.82,90
866559032,98.67,54,98.69,90
866635032,98.67,54,98.53,91
866679000,98.44,54,98.53,92
866710904,98.44,55,98.69,92
866786680,98.44,55,98.82,93
866853944,98.57,55,98.82,94
866862744,98.57,56,98.44,94
866938744,98.57,56,98.53,95
867014520,98.57,56,98.82,96
867028920,98.55,56,98.82,97
867090584,98.55,57,98.44,97
867166360,98.55,57,98.82,98
867203832,98.59,57,98.82,99
867242424,98.59,58,98.44,99
867318200,98.59,58,98.82,100
867378808,98.55,58,98.82,101
867394168,98.55,59,98.57,101
867470232,98.55,59,98.44,102
867546072,98.55,59,98.73,103
867553816,98.53,59,98.73,104
867622024,98.53,60,98.59,104
867698088,98.53,60,98.44,105
867728904,98.49,60,98.44,106
867774056,98.49,61,98.57,106
867849896,98.49,61,98.73,107
867903784,98.6,61,98.73,108
867925864,98.6,62,98.57,108
868002152,98.6,62,98.15,109
868077992,98.6,62,98.73,110
868079672,98.04,62,98.73,111
868153768,98.04,63,98.82,111
868229832,98.04,63,98.44,112
868253704,99.09,63,98.44,113
868305800,99.09,64,98.57,113
868381640,99.09,64,98.73,114
868428808,98.48,64,98.73,115
868457592,98.48,65,98.59,115
868533432,98.48,65,98.73,116
868603672,98.61,65,98.73,117
868609392,98.61,66,98.58,117
868685256,98.61,66,98.7,118
868761320,98.61,66,98.44,119
868778696,98.52,66,98.44,120
868837288,98.52,67,98.57,120
868913128,98.52,67,98.73,121
868953800,98.48,67,98.73,122
868989096,98.48,68,98.57,122
869064936,98.48,68,98.73,123
869128680,98.6,68,98.73,124
869140904,98.6,69,98.57,124
869216968,98.6,69,98.44,125
869292808,98.6,69,98.73,126
869303688,98.53,69,98.73,127
869368776,98.53,70,98.57,127
869444616,98.53,70,98.73,128
869478792,98.48,70,98.73,129
869520584,98.48,71,98.57,129
869596648,98.48,71,98.44,130
869653672,98.6,71,98.44,131
869672616,98.6,72,98.57,131
869748456,98.6,72,98.73,132
869824520,98.6,72,98.44,133
869828672,98.54,72,98.44,134
869900472,98.54,73,98.59,134
869976312,98.54,73,98.73,135
870003544,98.61,73,98.73,136
870052280,98.61,74,98.57,136
870128120,98.61,74,98.73,137
870178648,98.48,74,98.73,138
870204088,98.48,75,98.57,138
870280152,98.48,75,98.44,139
870353528,98.6,75,98.44,140
870356112,98.6,76,98.58,140
870431976,98.6,76,98.7,141
870508040,98.6,76,98.44,142
870528552,98.52,76,98.44,143
870583768,98.52,77,98.88,143
870659832,98.52,77,98.44,144
870703640,98.49,77,98.44,145
870735800,98.49,78,98.57,145
870811640,98.49,78,98.73,146
870878520,98.6,78,98.73,147
870887608,98.6,79,98.57,147
870963448,98.6,79,98.73,148
871039512,98.6,79,98.44,149
871053528,98.53,79,98.44,150
871115464,98.53,80,98.59,150
871191304,98.53,80,98.73,151
871228616,98.49,80,98.73,152
871267272,98.49,81,98.57,152
871343336,98.49,81,98.44,153
871403496,98.6,81,98.44,154
871419304,98.6,82,98.57,154
871495144,98.6,82,98.73,155
871570984,98.6,82,98.73,156
871578504,98.53,82,98.73,157
871646952,98.53,83,98.57,157
871723016,98.53,83,98.44,158
871753608,98.48,83,98.44,159
871798984,98.48,84,98.57,159
871874824,98.48,84,98.73,160
871928488,98.6,84,98.73,161
871950792,98.6,85,98.57,161
872026632,98.6,85,98.73,162
872102696,98.6,85,98.44,163
872104376,98.04,85,98.44,164
872178696,98.04,86,98.53,164
872254536,98.04,86,98.73,165
872278408,99.09,86,98.73,166
872330504,99.09,87,98.57,166
872406344,99.09,87,98.73,167
872453512,98.48,87,98.73,168
872482312,98.48,88,98.57,168
872558376,98.48,88,98.44,169
872628392,98.6,88,98.44,170
872634344,98.6,89,98.57,170
872710184,98.6,89,98.73,171
872786024,98.6,89,98.73,172
872803400,98.53,89,98.73,173
872861976,98.53,90,98.59,173
872938040,98.53,90,98.44,174
872978488,98.49,90,98.44,175
873014008,98.49,91,98.57,175
873089848,98.49,91,98.73,176
873153368,98.6,91,98.73,177
873165816,98.6,92,98.57,177
873241656,98.6,92,98.73,178
873317720,98.6,92,98.44,179
873328376,98.53,92,98.44,180
873393688,98.53,93,98.57,180
873469528,98.53,93,98.73,181
873503256,98.6,93,98.73,182
873545496,98.6,94,98.57,182
873621560,98.6,94,98.44,183
873678360,98.48,94,98.44,184
873697512,98.48,95,98.59,184
873773352,98.48,95,98.73,185
873849192,98.48,95,98.73,186
873853344,98.55,95,98.73,187
873925144,98.55,96,98.59,187
874001208,98.55,96,98.44,188
874028216,98.61,96,98.44,189
874077176,98.61,97,98.57,189
874153016,98.61,97,98.73,190
874203320,98.48,97,98.73,191
874228984,98.48,98,98.57,191
874304824,98.48,98,98.73,192
874378200,98.6,98,98.73,193
874380784,98.6,99,98.58,193
874456872,98.6,99,98.41,194
874532712,98.6,99,98.73,195
874553224,98.52,99,98.73,196
874608680,98.52,100,98.57,196
874684568,98.52,100,98.67,197
874728200,98.55,100,98.67,198
874760632,98.55,101,98.44,198
874836520,98.55,101,98.67,199
874903224,98.52,101,98.67,200
874912360,98.52,102,98.73,200
874988472,98.52,102,98.38,201
875064376,98.52,102,98.65,202
875078216,98.54,102,98.65,203
875140216,98.54,103,98.73,203
875216104,98.54,103,98.67,204
875253240,98.52,103,98.67,205
875292168,98.52,104,98.44,205
875368056,98.52,104,98.67,206
875428040,98.65,104,98.67,207
875444120,98.65,105,98.44,207
875520008,98.65,105,98.67,208
875595896,98.65,105,98.67,209
875603016,98.55,105,98.67,210
875671736,98.55,106,98.73,210
875747848,98.55,106,98.38,211
875778040,98.52,106,98.38,212
875823688,98.52,107,98.73,212
875899576,98.52,107,98.67,213
875953064,98.52,107,98.67,214
875975640,98.52,108,98.44,214
876051528,98.52,108,98.67,215
876127416,98.52,108,98.67,216
876129144,97.93,108,98.67,217
876203512,97.93,109,98.4,217
876279400,97.93,109,98.67,218
876303112,99.12,109,98.67,219
876355256,99.12,110,98.71,219
876431144,99.12,110,98.67,220
876477928,98.64,110,98.67,221
876507224,98.64,111,98.42,221
876583112,98.64,111,98.67,222
876652952,98.52,111,98.67,223
876659168,98.52,112,98.45,223
876735064,98.52,112,98.66,224
876810952,98.52,112,98.67,225
876827928,98.55,112,98.67,226
876886792,98.55,113,98.73,226
876962904,98.55,113,98.38,227
877002952,98.52,113,98.38,228
877038744,98.52,114,98.73,228
877114632,98.52,114,98.67,229
877177976,98.52,114,98.67,230
877190696,98.52,115,98.44,230
877266584,98.52,115,98.67,231
877342472,98.52,115,98.67,232
877352968,98.54,115,98.67,233
877418328,98.54,116,98.71,233
877494440,98.54,116,98.38,234
877527768,98.65,116,98.38,235
877570280,98.65,117,98.73,235
877646168,98.65,117,98.67,236
877702792,98.52,117,98.67,237
877722232,98.52,118,98.44,237
877798120,98.52,118,98.67,238
877874024,98.52,118,98.65,239
877877792,98.54,118,98.65,240
877950088,98.54,119,98.44,240
878025976,98.54,119,98.67,241
878052808,98.53,119,98.67,242
878101816,98.53,120,98.73,242
878177928,98.53,120,98.38,243
878227848,98.51,120,98.38,244
878253784,98.51,121,98.71,244
878329672,98.51,121,98.67,245
878402648,98.65,121,98.67,246
878405728,98.65,122,98.45,246
878481624,98.65,122,98.66,247
878557512,98.65,122,98.67,248
878577848,98.42,122,98.67,249
878633352,98.42,123,98.73,249
878709464,98.42,123,98.38,250
878752664,98.64,123,98.38,251
878785320,98.64,124,98.71,251
878861208,98.64,124,98.67,252
878927688,98.52,124,98.67,253
878937272,98.52,125,98.44,253
879013160,98.52,125,98.67,254
879089048,98.52,125,98.67,255
879102664,98.55,125,98.67,256
879165112,98.55,126,98.44,256
879241016,98.55,126,98.65,257
879277928,98.39,126,98.65,258
879317304,98.39,127,98.15,258
879393416,98.39,127,98.38,259
879453416,98.26,127,98.38,260
879469496,98.26,128,98.42,260
879545848,98.26,128,98.07,261
879622184,98.26,128,98.09,262
879629080,98.16,128,98.09,263
879698472,98.16,129,98.15,263
879775032,98.16,129,97.81,264
879805224,97.9,129,97.81,265
879851320,97.9,130,98.15,265
879927896,97.9,130,97.79,266
879981608,97.76,130,97.79,267
880004632,97.76,131,97.58,267
880081192,97.76,131,97.81,268
880157976,97.76,131,97.52,269
880159704,96.82,131,97.52,270
880234760,96.82,132,97.52,270
880311544,96.82,132,97.52,271
880335240,98.24,132,97.52,272
880388504,98.24,133,97.3,272
880465288,98.24,133,97.52,273
880512504,97.28,133,97.52,274
880542472,97.28,134,97.01,274
880619496,97.28,134,97.22,275
880690248,97.02,134,97.22,276
880696464,97.02,135,97.29,276
880773688,97.02,135,96.96,277
880850920,97.02,135,96.95,278
880868104,96.95,135,96.95,279
880928312,96.95,136,96.75,279
881005544,96.95,136,96.95,280
881046264,96.79,136,96.95,281
881082952,96.79,137,96.73,281
881160408,96.79,137,96.67,282
881224872,96.55,137,96.67,283
881238040,96.55,138,96.46,283
881315496,96.55,138,96.67,284
881393176,96.55,138,96.4,285
881403656,96.45,138,96.4,286
881471032,96.45,139,96.18,286
881548712,96.45,139,96.4,287
881582936,96.18,139,96.4,288
881626568,96.18,140,96.18,288
881704472,96.18,140,96.12,289
881762216,96.18,140,96.12,290
881782328,96.18,141,96.18,290
881860232,96.18,141,96.12,291
881938360,96.18,141,95.84,292
881942120,95.85,141,95.84,293
882016440,95.85,142,95.9,293
882094792,95.85,142,95.57,294
882122072,95.83,142,95.57,295
882172872,95.83,143,95.9,295
882251240,95.83,143,95.55,296
882302488,95.58,143,95.55,297
882329544,95.58,144,95.63,297
882407912,95.58,144,95.55,298
882483352,95.34,144,95.55,299
882486432,95.34,145,95.36,299
882565000,95.34,145,95.31,300
882643576,95.34,145,95.3,301
882664360,95.27,145,95.3,302
882722328,95.27,146,95.08,302
882800904,95.27,146,95.3,303
882845656,95.12,146,95.3,304
882879656,95.12,147,95.08,304
882958456,95.12,147,95.03,305
883027400,94.88,147,95.03,306
883037432,94.88,148,94.81,306
883116456,94.88,148,94.76,307
883195480,94.88,148,94.76,308
883209320,94.79,148,94.76,309
883274456,94.79,149,94.81,309
883353704,94.79,149,94.49,310
883391736,94.53,149,94.49,311
883432904,94.53,150,94.55,311
883512152,94.53,150,94.49,312
883574376,94.42,150,94.49,313
883591352,94.42,151,94.55,313
883670824,94.42,151,94.22,314
883750312,94.42,151,94.2,315
883757432,94.2,151,94.2,316
883829736,94.2,152,94.28,316
883909224,94.2,152,94.2,317
883940536,94.18,152,94.2,318
883988872,94.18,153,94.01,318
884068568,94.18,153,93.96,319
884124296,93.84,153,93.96,320
884148216,93.84,154,94.01,320
884228136,93.84,154,93.69,321
884308056,93.84,154,93.69,322
884309784,92.97,154,93.69,323
884387976,92.97,155,93.69,323
884467896,92.97,155,93.69,324
884492488,94.38,155,93.69,325
884547992,94.38,156,93.49,325
884628136,94.38,156,93.43,326
884677144,93.38,156,93.43,327
884708232,93.38,157,93.49,327
884788392,93.38,157,93.41,328
884862040,93.26,157,93.41,329
884868704,93.26,158,93.24,329
884949064,93.26,158,93.18,330
885029656,93.26,158,92.91,331
885047304,93.08,158,92.91,332
885109976,93.08,159,93.23,332
885190568,93.08,159,92.91,333
885232856,92.93,159,92.91,334
885271336,92.93,160,92.71,334
885351928,92.93,160,92.91,335
885418856,92.71,160,92.91,336
885432696,92.71,161,92.71,336
885513512,92.71,161,92.65,337
885594328,92.71,161,92.65,338
885605032,92.62,161,92.65,339
885675320,92.62,162,92.45,339
885756360,92.62,162,92.4,340
885791704,92.38,162,92.4,341
885837352,92.38,163,92.45,341
885918392,92.38,163,92.4,342
885978600,92.27,163,92.4,343
885999608,92.27,164,92.2,343
886080872,92.27,164,92.14,344
886162136,92.27,164,92.14,345
886165896,92.07,164,92.14,346
886243576,92.07,165,91.94,346
886325064,92.07,165,91.89,347
886353448,91.94,165,91.89,348
886406488,91.94,166,91.96,348
886487976,91.94,166,91.89,349
886541464,91.72,166,91.89,350
886569640,91.72,167,91.69,350
886651352,91.72,167,91.64,351
886729704,91.61,167,91.64,352
886733240,91.61,168,91.44,352
886814952,91.61,168,91.64,353
886896888,91.61,168,91.39,354
886918344,91.41,168,91.39,355
886978776,91.41,169,91.44,355
887060936,91.41,169,91.14,356
887107480,91.17,169,91.14,357
887143048,91.17,170,91.19,357
887224984,91.17,170,91.39,358
887296616,91.17,170,91.39,359
887307320,91.17,171,90.94,359
887389480,91.17,171,91.14,360
887471864,91.17,171,90.89,361
887486376,90.87,171,90.89,362
887554424,90.87,172,90.7,362
887636808,90.87,172,90.89,363
887676408,90.74,172,90.89,364
887719368,90.74,173,90.7,364
887801976,90.74,173,90.64,365
887866888,90.53,173,90.64,366
887884536,90.53,174,90.7,366
887967384,90.53,174,90.38,367
888050216,90.53,174,90.4,368
888057560,90.44,174,90.4,369
888133000,90.44,175,90.45,369
888216056,90.44,175,90.16,370
888248488,90.32,175,90.16,371
888299064,90.32,176,90.21,371
888382120,90.32,176,90.16,372
888440088,90,176,90.16,373
888465128,90,177,90.21,373
888548408,90,177,89.91,374
888631688,90,177,89.91,375
888633184,90,178,88.33,375
888714952,90,178,91.58,376
888798456,90,178,89.67,377
888823944,89.69,178,89.67,378
888881912,89.69,179,89.72,378
888965416,89.69,179,89.67,379
889016440,89.58,179,89.67,380
889049096,89.58,180,89.48,380
889132600,89.58,180,89.67,381
889209160,89.48,180,89.67,382
889216504,89.48,181,89.24,382
889300232,89.48,181,89.43,383
889384184,89.48,181,89.19,384
889402504,89.19,181,89.19,385
889468088,89.19,182,89.24,385
889552040,89.19,182,89.19,386
889595896,89.17,182,89.19,387
889636168,89.17,183,89.01,387
889720344,89.17,183,88.96,388
889789960,88.86,183,88.96,389
889804472,88.86,184,89.01,389
889888664,88.86,184,88.94,390
889973064,88.86,184,88.72,391
889984216,88.77,184,88.72,392
890057416,88.77,185,88.77,392
890142040,88.77,185,88.49,393
890178952,88.55,185,88.49,394
890226616,88.55,186,88.54,394
890311240,88.55,186,88.49,395
890373912,88.45,186,88.49,396
890395816,88.45,187,88.54,396
890480664,88.45,187,88.25,397
890565512,88.45,187,88.25,398
890569280,88.26,187,88.25,399
890650328,88.26,188,88.29,399
890735400,88.26,188,88.02,400
890764936,88.13,188,88.02,401
890820440,88.13,189,88.05,401
890905528,88.13,189,88,402
890961032,87.94,189,88,403
890990552,87.94,190,88.07,403
891075864,87.94,190,87.77,404
891157576,87.74,190,87.77,405
891161112,87.74,191,87.84,405
891246632,87.74,191,87.56,406
891331928,87.74,191,87.79,407
891354504,87.56,191,87.79,408
891417624,87.56,192,87.38,408
891503144,87.56,192,87.56,409
891551704,87.44,192,87.56,410
891588840,87.44,193,87.38,410
891674584,87.44,193,87.33,411
891749352,87.25,193,87.33,412
891760280,87.25,194,87.38,412
891846248,87.25,194,87.1,413
891932216,87.25,194,87.1,414
891947176,87.17,194,87.1,415
892018136,87.17,195,87.15,415
892104328,87.17,195,86.88,416
892145496,86.95,195,86.88,417
892190472,86.95,196,86.92,417
892276664,86.95,196,86.88,418
892344264,86.75,196,86.88,419
892363032,86.75,197,86.7,419
892449224,86.75,197,86.88,420
892535864,86.75,197,86.43,421
892543432,86.58,197,86.43,422
892622232,86.58,198,86.7,422
892708872,86.58,198,86.43,423
892742872,86.46,198,86.43,424
892795464,86.46,199,86.47,424
892882328,86.46,199,86.2,425
892942760,86.27,199,86.2,426
892969144,86.27,200,86.25,426
893056008,86.27,200,86.2,427
893142872,86.27,200,86.2,428
893144608,85.43,200,86.2,429
893229976,85.43,201,85.97,429
893317064,85.43,201,85.98,430
893343672,86.63,201,85.98,431
893404104,86.63,202,86.03,431
893491416,86.63,202,85.76,432
893544680,85.79,202,85.76,433
893578680,85.79,203,85.81,433
893666008,85.79,203,85.75,434
893746152,85.59,203,85.75,435
893753496,85.59,204,85.59,435
893841032,85.59,204,85.54,436
893928792,85.59,204,85.32,437
893948008,85.43,204,85.32,438
894016280,85.43,205,85.59,438
894104040,85.43,205,85.32,439
894150136,85.31,205,85.32,440
894191976,85.31,206,85.15,440
894279960,85.31,206,85.11,441
894352712,85.12,206,85.11,442
894367896,85.12,207,85.15,442
894455880,85.12,207,85.11,443
894544088,85.12,207,84.89,444
894555688,84.96,207,84.89,445
894632248,84.96,208,84.94,445
894720456,84.96,208,84.89,446
894758936,84.84,208,84.89,447
894808840,84.84,209,84.72,447
894897272,84.84,209,84.68,448
894962856,84.56,209,84.68,449
894985656,84.56,210,84.72,449
895074312,84.56,210,84.46,450
895162968,84.56,210,84.46,451
895166952,84.49,210,84.46,452
895251576,84.49,211,84.51,452
895340456,84.49,211,84.25,453
895371544,84.28,211,84.25,454
895429288,84.28,212,84.29,454
895518392,84.28,212,84.04,455
895576376,84.19,212,84.04,456
895607240,84.19,213,84.28,456
895696344,84.19,213,84.04,457
895781864,83.92,213,84.04,458
895785640,83.92,214,83.86,458
895874744,83.92,214,84.04,459
895964088,83.92,214,83.81,460
895987576,83.83,214,83.81,461
896053608,83.83,215,83.65,461
896142936,83.83,215,83.83,462
896193736,83.64,215,83.83,463
896232664,83.64,216,83.45,463
896322216,83.64,216,83.62,464
896400344,83.46,216,83.62,465
896411944,83.46,217,83.45,465
896501720,83.46,217,83.41,466
896591496,83.46,217,83.41,467
896607352,83.3,217,83.41,468
896681448,83.3,218,83.24,468
896771448,83.3,218,83.2,469
896814856,83.1,218,83.2,470
896861624,83.1,219,83.04,470
896951848,83.1,219,82.99,471
897022584,83.01,219,82.99,472
897042024,83.01,220,83.04,472
897132232,83.01,220,83.01,473
897222888,83.01,220,82.6,474
897230904,82.78,220,82.6,475
897313288,82.78,221,82.83,475
897403736,82.78,221,82.79,476
897439528,82.66,221,82.79,477
897494360,82.66,222,82.63,477
897585256,82.66,222,82.38,478
897648600,82.48,222,82.38,479
897675880,82.48,223,82.63,479
897766776,82.48,223,82.38,480
897857896,82.39,223,82.38,481
897859396,82.39,224,80.85,481
897948792,82.39,224,83.76,482
898039912,82.39,224,82.18,483
898067864,82.13,224,82.18,484
898131208,82.13,225,82.02,484
898222328,82.13,225,82.18,485
898278280,81.95,225,82.18,486
898313624,81.95,226,82.02,486
898405192,81.95,226,81.78,487
898488920,81.86,226,81.78,488
898496712,81.86,227,81.82,488
898588280,81.86,227,81.78,489
898680072,81.86,227,81.58,490
898700184,81.62,227,81.58,491
898771592,81.62,228,81.82,491
898863608,81.62,228,81.38,492
898911720,81.52,228,81.38,493
898955352,81.52,229,81.62,493
899047368,81.52,229,81.38,494
899123704,81.35,229,81.38,495
899139560,81.35,230,81.22,495
899231576,81.35,230,81.38,496
899323816,81.35,230,81.18,497
899336104,81.19,230,81.18,498
899416248,81.19,231,81.01,498
899508712,81.19,231,80.98,499
899548984,81,231,80.98,500
899601112,81,232,81.04,500
899693784,81,232,80.8,501
899762504,80.76,232,80.8,502
899786424,80.76,233,80.83,502
899879112,80.76,233,80.79,503
899971800,80.76,233,80.79,504
899976240,80.68,233,80.79,505
900064664,80.68,234,80.63,505
900157800,80.68,234,80.4,506
900190232,80.58,234,80.4,507
900250888,80.58,235,80.44,507
900344024,80.58,235,80.4,508
900404904,80.33,235,80.4,509
900437112,80.33,236,80.44,509
900530472,80.33,236,80.21,510
900620024,80.16,236,80.21,511
900623784,80.16,237,80.25,511
900717368,80.16,237,80.01,512
900810952,80.16,237,80.01,513
900835544,80.01,237,80.01,514
900904488,80.01,238,80.05,514
900998296,80.01,238,79.82,515
901051560,79.83,238,79.82,516
901092056,79.83,239,79.86,516
901185880,79.83,239,79.81,517
901268040,79.66,239,79.81,518
901279864,79.66,240,79.67,518
901373896,79.66,240,79.63,519
901468152,79.66,240,79.44,520
901484904,79.52,240,79.44,521
901562360,79.52,241,79.48,521
901656616,79.52,241,79.44,522
901702040,79.42,241,79.44,523
901751048,79.42,242,79.3,523
901845528,79.42,242,79.25,524
901919848,79.17,242,79.25,525
901940184,79.17,243,79.11,525
902034888,79.17,243,79.07,526
902129592,79.17,243,79.07,527
902138056,79.03,243,79.07,528
902224440,79.03,244,78.95,528
902319368,79.03,244,78.88,529
902356728,78.86,244,78.88,530
902414248,78.86,245,78.92,530
902509400,78.86,245,78.7,531
902575880,78.69,245,78.7,532
902604504,78.69,246,78.73,532
902699880,78.69,246,78.51,533
902795256,78.69,246,78.51,534
902796984,77.99,246,78.51,535
902890616,77.99,247,78.52,535
902986216,77.99,247,78.33,536
903015512,78.91,247,78.33,537
903081768,78.91,248,78.37,537
903177368,78.91,248,78.33,538
903236008,78.21,248,78.33,539
903273144,78.21,249,78.18,539
903368968,78.21,249,78.14,540
903456952,78.05,249,78.14,541
903464968,78.05,250,78,541
903560984,78.05,250,77.99,542
903657256,78.05,250,77.78,543
903678504,77.83,250,77.78,544
903753496,77.83,251,77.81,544
903849768,77.83,251,77.78,545
903900344,77.73,251,77.78,546
903946216,77.73,252,77.64,546
904042728,77.73,252,77.59,547
904122872,77.49,252,77.59,548
904139176,77.49,253,77.64,548
904235896,77.49,253,77.42,549
904332616,77.49,253,77.42,550
904345784,77.36,253,77.42,551
904429512,77.36,254,77.28,551
904526456,77.36,254,77.24,552
904568968,77.26,254,77.24,553
904623576,77.26,255,77.1,553
904720520,77.26,255,77.24,554
904792824,77.03,255,77.24,555
904817864,77.03,256,76.92,555
904915032,77.03,256,77.06,556
905012424,77.03,256,76.89,557
905017072,76.9,256,76.89,558
905109992,76.9,257,76.75,558
905207608,76.9,257,76.71,559
905241832,76.72,257,76.71,560
905305176,76.72,258,76.75,560
905403016,76.72,258,76.53,561
905467256,76.5,258,76.53,562
905500808,76.5,259,76.57,562
905598648,76.5,259,76.53,563
905692920,76.41,259,76.53,564
905696680,76.41,260,76.38,564
905794968,76.41,260,76.18,565
905893032,76.41,260,76.36,566
905919192,76.21,260,76.36,567
905991496,76.21,261,76.05,567
906089784,76.21,261,76.18,568
906145960,76.04,261,76.18,569
906188248,76.04,262,76.05,569
906286952,76.04,262,75.86,570
906373144,75.9,262,75.86,571
906385640,75.9,263,75.88,571
906484376,75.9,263,75.84,572
906583112,75.9,263,75.84,573
906600984,75.68,263,75.84,574
906682248,75.68,264,75.53,574
906781208,75.68,264,75.67,575
906829096,75.59,264,75.67,576
906880344,75.59,265,75.53,576
906979528,75.59,265,75.5,577
907057880,75.37,265,75.5,578
907078888,75.37,266,75.36,578
907178296,75.37,266,75.33,579
907277928,75.37,266,75.16,580
907287064,75.24,266,75.16,581
907377512,75.24,267,75.19,581
907477144,75.24,267,75.16,582
907516744,75.08,267,75.16,583
907576968,75.08,268,75.01,583
907676808,75.08,268,75,584
907747064,74.87,268,75,585
907776808,74.87,269,74.88,585
907876888,74.87,269,74.82,586
907977192,74.87,269,74.65,587
907978920,74.37,269,74.65,588
908077480,74.37,270,74.66,588
908177784,74.37,270,74.65,589
908209096,74.92,270,74.65,590
908278264,74.92,271,74.52,590
908378792,74.92,271,74.49,591
908440792,74.43,271,74.49,592
908479496,74.43,272,74.36,592
908580248,74.43,272,74.32,593
908673160,74.21,272,74.32,594
908681176,74.21,273,74.19,594
908782152,74.21,273,74.16,595
908883128,74.21,273,74.16,596
908905928,74.08,273,74.16,597
908984280,74.08,274,74.03,597
909085688,74.08,274,73.84,598
909139176,73.93,274,73.84,599
909187064,73.93,275,73.86,599
909288504,73.93,275,73.82,600
909372904,73.78,275,73.82,601
909389880,73.78,276,73.86,601
909491528,73.78,276,73.67,602
909593400,73.78,276,73.5,603
909607256,73.58,276,73.5,604
909695240,73.58,277,73.53,604
909797112,73.58,277,73.5,605
909842328,73.36,277,73.5,606
909899176,73.36,278,73.37,606
910001272,73.36,278,73.34,607
910077608,73.29,278,73.34,608
910103544,73.29,279,73.22,608
910205880,73.29,279,73.17,609
910308424,73.29,279,73.02,610
910313528,73.09,279,73.02,611
910410920,73.09,280,73.06,611
910513656,73.09,280,72.89,612
910550120,72.88,280,72.89,613
910616376,72.88,281,72.9,613
910719160,72.88,281,72.85,614
910787208,72.73,281,72.85,615
910822104,72.73,282,72.74,615
910925112,72.73,282,72.69,616
911024744,72.6,282,72.69,617
911028280,72.6,283,72.58,617
911131720,72.6,283,72.39,618
911234936,72.6,283,72.55,619
911262680,72.47,283,72.55,620
911338360,72.47,284,72.4,620
911442040,72.47,284,72.22,621
911501352,72.25,284,72.22,622
911545656,72.25,285,72.27,622
911649544,72.25,285,72.08,623
911740680,72.05,285,72.08,624
911753384,72.05,286,72.11,624
911857272,72.05,286,72.08,625
911961368,72.05,286,71.93,626
911980360,71.95,286,71.93,627
912065656,71.95,287,71.8,627
912169768,71.95,287,71.92,628
912220584,71.78,287,71.92,629
912274296,71.78,288,71.64,629
912378632,71.78,288,71.77,630
912461480,71.58,288,71.77,631
912483384,71.58,289,71.48,631
912587944,71.58,289,71.61,632
912692952,71.58,289,71.31,633
912702984,71.4,289,71.31,634
912797688,71.4,290,71.49,634
912902696,71.4,290,71.31,635
912944760,71.32,290,71.31,636
913007880,71.32,291,71.19,636
913113112,71.32,291,71.16,637
913187432,71.06,291,71.16,638
913218520,71.06,292,71.04,638
913323960,71.06,292,71.02,639
913429432,71.06,292,71,640
913431152,70.75,292,71,641
913535096,70.75,293,70.87,641
913641000,70.75,293,70.71,642
913674104,70.98,293,70.71,643
913746856,70.98,294,70.74,643
913852760,70.98,294,70.71,644
913918344,70.6,294,70.71,645
913958840,70.6,295,70.59,645
914064968,70.6,295,70.56,646
914163256,70.41,295,70.56,647
914171496,70.41,296,70.29,647
914277864,70.41,296,70.4,648
914384440,70.41,296,70.26,649
914408584,70.29,296,70.26,650
914490968,70.29,297,70.29,650
914597768,70.29,297,70.11,651
914654616,70.09,297,70.11,652
914704520,70.09,298,70.14,652
914811544,70.09,298,69.97,653
914901096,69.96,298,69.97,654
914918520,69.96,299,70,654
915025768,69.96,299,69.82,655
915133032,69.96,299,69.81,656
915148232,69.78,299,69.81,657
915240472,69.78,300,69.69,657
915347944,69.78,300,69.67,658
915396056,69.58,300,69.67,659
915455592,69.58,301,69.56,659
915563304,69.58,301,69.52,660
915644344,69.45,301,69.52,661
915671176,69.45,302,69.42,661
915779096,69.45,302,69.38,662
915887240,69.45,302,69.24,663
915893240,69.28,302,69.24,664
915995560,69.28,303,69.13,664
916103720,69.28,303,69.23,665
916142648,69.14,303,69.23,666
916212264,69.14,304,68.99,666
916320632,69.14,304,69.1,667
916392712,68.96,304,69.1,668
916429400,68.96,305,68.84,668
916538216,68.96,305,68.81,669
916643464,68.77,305,68.81,670
916647000,68.77,306,68.83,670
916756040,68.77,306,68.67,671
916865080,68.77,306,68.67,672
916894824,68.6,306,68.67,673
916974296,68.6,307,68.56,673
917083576,68.6,307,68.52,674
917146712,68.46,307,68.52,675
917193032,68.46,308,68.41,675
917302520,68.46,308,68.39,676
917399240,68.29,308,68.39,677
917412200,68.29,309,68.27,677
917522136,68.29,309,68.11,678
917632072,68.29,309,68.11,679
917652408,68.11,309,68.11,680
917741960,68.11,310,68.14,680
917852120,68.11,310,67.97,681
917906296,67.92,310,67.97,682
917962472,67.92,311,67.86,682
918072856,67.92,311,67.84,683
918160616,67.8,311,67.84,684
918183192,67.8,312,67.87,684
918293800,67.8,312,67.7,685
918404632,67.8,312,67.56,686
918415784,67.58,312,67.56,687
918515416,67.58,313,67.59,687
918626472,67.58,313,67.43,688
918671448,67.45,313,67.43,689
918737480,67.45,314,67.45,689
918848760,67.45,314,67.29,690
918927560,67.33,314,67.29,691
918959992,67.33,315,67.32,691
919071512,67.33,315,67.14,692
919183032,67.33,315,67.14,693
919184768,67.04,315,67.14,694
919294744,67.04,316,67.03,694
919406680,67.04,316,66.9,695
919442248,66.97,316,66.9,696
919518584,66.97,317,66.91,696
919630536,66.97,317,66.89,697
919700392,66.8,317,66.89,698
919742680,66.8,318,66.77,698
919855080,66.8,318,66.62,699
919959208,66.63,318,66.62,700
919967448,66.63,319,66.64,700
920080088,66.63,319,66.48,701
920192712,66.63,319,66.49,702
920218872,66.41,319,66.49,703
920305512,66.41,320,66.38,703
920418376,66.41,320,66.35,704
920479032,66.28,320,66.35,705
920531400,66.28,321,66.25,705
920644472,66.28,321,66.22,706
920739848,66.12,321,66.22,707
920757720,66.12,322,66.12,707
920871240,66.12,322,65.96,708
920984760,66.12,322,65.96,709
921001288,65.96,322,65.96,710
921098456,65.96,323,65.86,710
921212200,65.96,323,65.83,711
921263448,65.78,323,65.83,712
921326120,65.78,324,65.73,712
921440088,65.78,324,65.7,713
921526280,65.61,324,65.7,714
921554232,65.61,325,65.6,714
921668648,65.61,325,65.45,715
921783064,65.61,325,65.45,716
921789736,65.45,325,65.45,717
921897432,65.45,326,65.47,717
922012072,65.45,326,65.32,718
922053912,65.27,326,65.32,719
922126888,65.27,327,65.22,719
922241976,65.27,327,65.06,720
922318760,65.11,327,65.06,721
922357016,65.11,328,65.09,721
922472104,65.11,328,65.06,722
922584280,64.94,328,65.06,723
922587368,64.94,329,64.96,723
922702904,64.94,329,64.81,724
922818440,64.94,329,64.81,725
922850424,64.79,329,64.81,726
922934152,64.79,330,64.71,726
923049912,64.79,330,64.69,727
923117288,64.62,330,64.69,728
923165848,64.62,331,64.59,728
923282056,64.62,331,64.44,729
923385048,64.4,331,64.44,730
923398216,64.4,332,64.46,730
923514648,64.4,332,64.31,731
923631080,64.4,332,64.31,732
923653208,64.3,332,64.31,733
923747688,64.3,333,64.22,733
923864344,64.3,333,64.19,734
923922312,64.08,333,64.19,735
923981176,64.08,334,64.09,735
924098248,64.08,334,63.96,736
924192040,63.93,334,63.96,737
924215512,63.93,335,63.86,737
924332616,63.93,335,63.94,738
924450168,63.93,335,63.7,739
924462440,63.77,335,63.7,740
924567672,63.77,336,63.73,740
924685224,63.77,336,63.7,741
924733560,63.6,336,63.7,742
924803176,63.6,337,63.48,742
924921176,63.6,337,63.46,743
925005352,63.45,337,63.46,744
925039128,63.45,338,63.48,744
925157352,63.45,338,63.34,745
925275816,63.45,338,63.21,746
925278008,63.24,338,63.21,747
925394280,63.24,339,63.21,747
925512952,63.24,339,63.1,748
925551208,63.12,339,63.1,749
925631800,63.12,340,63,749
925750696,63.12,340,62.98,750
925825240,62.93,340,62.98,751
925869544,62.93,341,63,751
925988888,62.93,341,62.74,752
926100168,62.72,341,62.74,753
926108184,62.72,342,62.77,753
926227752,62.72,342,62.63,754
926347320,62.72,342,62.63,755
926375496,62.63,342,62.63,756
926467064,62.63,343,62.53,756
926586856,62.63,343,62.51,757
926651784,62.41,343,62.51,758
926706840,62.41,344,62.41,758
926827080,62.41,344,62.28,759
926928952,62.21,344,62.28,760
926947496,62.21,345,62.18,760
927067960,62.21,345,62.16,761
927188440,62.21,345,62.15,762
927206536,62.12,345,62.15,763
927309304,62.12,346,61.95,763
927429992,62.12,346,62.04,764
927485048,61.91,346,62.04,765
927551080,61.91,347,61.84,765
927672232,61.91,347,61.81,766
927764472,61.71,347,61.81,767
927793544,61.71,348,61.73,767
927915128,61.71,348,61.59,768
928036712,61.71,348,61.59,769
928044504,61.58,348,61.59,770
928158472,61.58,349,61.5,770
928280280,61.58,349,61.47,771
928325256,61.42,349,61.47,772
928402264,61.42,350,61.39,772
928524520,61.42,350,61.25,773
928606904,61.23,350,61.25,774
928646728,61.23,351,61.27,774
928769208,61.23,351,61.14,775
928889224,61.08,351,61.14,776
928891860,61.08,352,61.05,776
929014792,61.08,352,60.91,777
929137720,61.08,352,60.91,778
929172392,60.9,352,60.91,779
929260824,60.9,353,60.83,779
929383976,60.9,353,60.8,780
929456280,60.74,353,60.8,781
929507304,60.74,354,60.72,781
929630904,60.74,354,60.58,782
929741080,60.55,354,60.58,783
929754472,60.55,355,60.6,783
929878296,60.55,355,60.47,784
930002344,60.55,355,60.36,785
930026712,60.37,355,60.36,786
930126568,60.37,356,60.28,786
930250840,60.37,356,60.25,787
930313064,60.22,356,60.25,788
930375064,60.22,357,60.28,788
930499784,60.22,357,60.04,789
930600312,60.03,357,60.04,790
930624456,60.03,358,60.06,790
930749384,60.03,358,59.94,791
930874552,60.03,358,59.82,792
930888168,59.9,358,59.82,793
930999672,59.9,359,59.85,793
931125064,59.9,359,59.72,794
931176984,59.71,359,59.72,795
931250632,59.71,360,59.63,795
931376248,59.71,360,59.61,796
931466696,59.52,360,59.61,797
931502040,59.52,361,59.53,797
931627896,59.52,361,59.5,798
931754184,59.52,361,59.29,799
931757048,59.39,361,59.29,800
931880440,59.39,362,59.31,800
932006952,59.39,362,59.19,801
932048344,59.2,362,59.19,802
932133640,59.2,363,59.11,802
932260376,59.2,363,59.08,803
932340520,59.02,363,59.08,804
932387272,59.02,364,59.01,804
932514232,59.02,364,58.98,805
932633592,58.84,364,58.98,806
932641608,58.84,365,58.79,806
932769016,58.84,365,58.77,807
932896648,58.84,365,58.67,808
932927512,58.67,365,58.67,809
933024456,58.67,366,58.59,809
933152312,58.67,366,58.57,810
933222152,58.53,366,58.57,811
933280360,58.53,367,58.48,811
933408440,58.53,367,58.46,812
933517704,58.35,367,58.46,813
933536920,58.35,368,58.28,813
933665448,58.35,368,58.26,814
933794200,58.35,368,58.16,815
933814312,58.14,368,58.16,816
933923128,58.14,369,58.08,816
934052328,58.14,369,57.96,817
934111640,58,369,57.96,818
934181480,58,370,57.98,818
934310904,58,370,57.86,819
934409864,57.82,370,57.86,820
934440280,57.82,371,57.88,820
934569928,57.82,371,57.76,821
934700024,57.82,371,57.56,822
934708936,57.66,371,57.56,823
934830072,57.66,372,57.58,823
934960184,57.66,372,57.55,824
935008968,57.47,372,57.55,825
935090680,57.47,373,57.38,825
935221224,57.47,373,57.36,826
935309880,57.31,373,57.36,827
935351944,57.31,374,57.28,827
935482952,57.31,374,57.16,828
935611704,57.13,374,57.16,829
935613880,57.13,375,57.19,829
935745160,57.13,375,57.04,830
935876600,57.13,375,56.97,831
935914408,56.97,375,56.97,832
936008216,56.97,376,56.89,832
936140104,56.97,376,56.78,833
936218232,56.76,376,56.78,834
936272168,56.76,377,56.7,834
936404056,56.76,377,56.78,835
936522728,56.63,377,56.78,836
936536344,56.63,378,56.6,836
936668904,56.63,378,56.49,837
936801464,56.63,378,56.49,838
936828296,56.43,378,56.49,839
936934424,56.43,379,56.32,839
937067432,56.43,379,56.3,840
937134600,56.3,379,56.3,841
937200632,56.3,380,56.22,841
937333880,56.3,380,56.2,842
937442024,56.09,380,56.2,843
937467512,56.09,381,56.03,843
937601176,56.09,381,56.02,844
937735048,56.09,381,55.93,845
937750456,55.91,381,55.93,846
937869128,55.91,382,55.85,846
938003480,55.91,382,55.73,847
938059656,55.77,382,55.73,848
938137784,55.77,383,55.75,848
938272584,55.77,383,55.55,849
938369976,55.57,383,55.55,850
938407336,55.57,384,55.57,850
938542360,55.57,384,55.46,851
938677384,55.57,384,55.46,852
938681368,55.38,384,55.46,853
938812808,55.38,385,55.29,853
938948280,55.38,385,55.27,854
938993496,55.25,385,55.27,855
939084168,55.25,386,55.1,855
939220088,55.25,386,55.09,856
939306728,55.05,386,55.09,857
939356168,55.05,387,55.03,857
939492312,55.05,387,55,858
939621048,54.86,387,55,859
939628840,54.86,388,54.85,859
939765432,54.86,388,54.82,860
939902264,54.86,388,54.72,861
939936040,54.74,388,54.72,862
940039480,54.74,389,54.57,862
940176520,54.74,389,54.64,863
940252408,54.51,389,54.64,864
940313960,54.51,390,54.48,864
940451672,54.51,390,54.37,865
940569672,54.35,390,54.37,866
940589560,54.35,391,54.3,866
940727496,54.35,391,54.29,867
940865656,54.35,391,54.2,868
940887784,54.21,391,54.2,869
941003992,54.21,392,54.13,869
941142600,54.21,392,54.02,870
941207064,54.01,392,54.02,871
941281384,54.01,393,53.95,871
941420440,54.01,393,53.85,872
941527480,53.82,393,53.85,873
941559464,53.82,394,53.86,873
941698760,53.82,394,53.76,874
941838488,53.82,394,53.59,875
941848744,53.68,394,53.59,876
941978168,53.68,395,53.61,876
942118120,53.68,395,53.5,877
942171384,53.45,395,53.5,878
942258248,53.45,396,53.44,878
942398648,53.45,396,53.33,879
942494696,53.34,396,53.33,880
942539224,53.34,397,53.27,880
942679848,53.34,397,53.25,881
942819352,53.11,397,53.25,882
942821080,53.11,398,53.02,882
942961992,53.11,398,53.14,883
943103512,53.11,398,52.91,884
943144904,52.97,398,52.91,885
943244984,52.97,399,52.93,885
943386744,52.97,399,52.82,886
943471816,52.75,399,52.82,887
943528888,52.75,400,52.68,887
943671080,52.75,400,52.66,888
943799624,52.6,400,52.66,889
943813464,52.6,401,52.59,889
943956104,52.6,401,52.5,890
944098744,52.6,401,52.5,891
944128488,52.44,401,52.5,892
944241784,52.44,402,52.35,892
944385096,52.44,402,52.25,893
944458520,52.25,402,52.25,894
944528584,52.25,403,52.19,894
944672120,52.25,403,52.17,895
944789672,52.07,403,52.17,896
944816056,52.07,404,52.02,896
944960248,52.07,404,51.93,897
945104440,52.07,404,51.93,898
945121864,51.91,404,51.93,899
945249048,51.91,405,51.78,899
945393704,51.91,405,51.76,900
945455480,51.69,405,51.76,901
945538760,51.69,406,51.62,901
945683864,51.69,406,51.6,902
945789992,51.55,406,51.6,903
945829144,51.55,407,51.54,903
945974920,51.55,407,51.37,904
946120696,51.55,407,51.37,905
946125800,51.35,407,51.37,906
946266648,51.35,408,51.3,906
946412872,51.35,408,51.21,907
946462552,51.21,408,51.21,908
946559496,51.21,409,51.07,908
946706168,51.21,409,51.05,909
946800872,50.97,409,51.05,910
946853016,50.97,410,50.99,910
947000136,50.97,410,50.9,911
947140088,50.83,410,50.9,912
947147656,50.83,411,50.76,912
947295240,50.83,411,50.74,913
947443032,50.83,411,50.67,914
947480392,50.67,411,50.67,915
947591224,50.67,412,50.53,915
947739464,50.67,412,50.51,916
947822296,50.44,412,50.51,917
947887880,50.44,413,50.45,917
948036792,50.44,413,50.28,918
948165096,50.3,413,50.28,919
948185656,50.3,414,50.3,919
948335016,50.3,414,50.13,920
948484376,50.3,414,50.13,921
948509192,50.11,414,50.13,922
948634136,50.11,415,50,922
948783944,50.11,415,49.98,923
948854696,49.91,415,49.98,924
948934168,49.91,416,49.85,924
949084648,49.91,416,49.76,925
949201304,49.75,416,49.76,926
949235304,49.75,417,49.7,926
949386008,49.75,417,49.69,927
949537160,49.75,417,49.54,928
949549208,49.57,417,49.54,929
949688488,49.57,418,49.48,929
949840088,49.57,418,49.39,930
949898280,49.4,418,49.39,931
949991864,49.4,419,49.34,931
950143928,49.4,419,49.24,932
950248728,49.21,419,49.24,933
950296392,49.21,420,49.11,933
950448888,49.21,420,49.1,934
950600488,49.02,420,49.1,935
950602216,49.02,421,48.84,935
950754760,49.02,421,49.09,936
950908120,49.02,421,48.83,937
950953544,48.84,421,48.83,938
951061464,48.84,422,48.83,938
951215304,48.84,422,48.67,939
951307992,48.65,422,48.67,940
951369320,48.65,423,48.62,940
951523608,48.65,423,48.53,941
951663784,48.47,423,48.53,942
951678296,48.47,424,48.41,942
951833032,48.47,424,48.39,943
951987992,48.47,424,48.32,944
952020872,48.29,424,48.32,945
952143352,48.29,425,48.2,945
952298760,48.29,425,48.18,946
952379128,48.13,425,48.18,947
952454568,48.13,426,48.06,947
952610648,48.13,426,47.98,948
952738952,47.92,426,47.98,949
952766904,47.92,427,47.92,949
952923656,47.92,427,47.77,950
953080408,47.92,427,47.77,951
953100072,47.75,427,47.77,952
953237560,47.75,428,47.65,952
953394760,47.75,428,47.63,953
953462584,47.57,428,47.63,954
953552584,47.57,429,47.45,954
953710456,47.57,429,47.43,955
953826440,47.39,429,47.43,956
953868504,47.39,430,47.38,956
954026824,47.39,430,47.3,957
954185608,47.39,430,47.16,958
954191832,47.19,430,47.16,959
954344568,47.19,431,47.11,959
954503784,47.19,431,47.03,960
954558616,47.01,431,47.03,961
954663176,47.01,432,46.98,961
954823064,47.01,432,46.83,962
954926728,46.84,432,46.83,963
954983128,46.84,433,46.78,963
955143240,46.84,433,46.77,964
955296408,46.65,433,46.77,965
955303976,46.65,434,46.59,965
955464760,46.65,434,46.57,966
955625992,46.65,434,46.44,967
955667608,46.45,434,46.44,968
955787400,46.45,435,46.39,968
955949080,46.45,435,46.31,969
956040200,46.28,435,46.31,970
956110936,46.28,436,46.26,970
956273288,46.28,436,46.12,971
956414360,46.09,436,46.12,972
956435816,46.09,437,46.07,972
956598600,46.09,437,46,973
956761816,46.09,437,45.88,974
956790008,45.9,437,45.88,975
956925256,45.9,438,45.81,975
957088728,45.9,438,45.81,976
957167080,45.73,438,45.81,977
957252824,45.73,439,45.63,977
957416968,45.73,439,45.62,978
957545720,45.54,439,45.62,979
957581736,45.54,440,45.45,979
957746552,45.54,440,45.43,980
957911592,45.54,440,45.37,981
957926104,45.33,440,45.37,982
958077032,45.33,441,45.26,982
958242744,45.33,441,45.19,983
958307880,45.17,441,45.19,984
958408856,45.17,442,45.08,984
958575240,45.17,442,45,985
958691224,44.98,442,45,986
958741784,44.98,443,44.96,986
958908840,44.98,443,44.82,987
959075896,44.98,443,44.82,988
959077624,44.63,443,44.82,989
959243624,44.63,444,44.64,989
959411352,44.63,444,44.64,990
959462824,44.77,444,44.64,991
959579480,44.77,445,44.54,991
959748104,44.77,445,44.41,992
959851096,44.41,445,44.41,993
959916904,44.41,446,44.36,993
960085768,44.41,446,44.34,994
960240952,44.23,446,44.34,995
960255240,44.23,447,44.18,995
960424984,44.23,447,44.11,996
960594952,44.23,447,44.06,997
960632536,44.04,447,44.06,998
960765304,44.04,448,43.96,998
960935944,44.04,448,43.88,999
961025720,43.86,448,43.88,1000
961107016,43.86,449,43.77,1000
961278392,43.86,449,43.69,1001
961420872,43.64,449,43.69,1002
961449992,43.64,450,43.64,1002
961622024,43.64,450,43.53,1003
961794296,43.64,450,43.47,1004
961817592,43.47,450,43.47,1005
961966792,43.47,451,43.41,1005
962139736,43.47,451,43.3,1006
962215912,43.29,451,43.3,1007
962313144,43.29,452,43.18,1007
962486760,43.29,452,43.13,1008
962616024,43.1,452,43.13,1009
962660616,43.1,453,43.07,1009
962834872,43.1,453,42.97,1010
963009384,43.1,453,42.91,1011
963018136,42.88,453,42.91,1012
963184344,42.88,454,42.8,1012
963359752,42.88,454,42.69,1013
963421816,42.72,454,42.69,1014
963535400,42.72,455,42.63,1014
963711240,42.72,455,42.58,1015
963827496,42.51,455,42.58,1016
963887544,42.51,456,42.47,1016
964064296,42.51,456,42.36,1017
964234760,42.34,456,42.36,1018
964241256,42.34,457,42.31,1018
964418680,42.34,457,42.2,1019
964596312,42.34,457,42.15,1020
964644040,42.13,457,42.15,1021
964774408,42.13,458,42.04,1021
964952712,42.13,458,42,1022
965055320,41.93,458,42,1023
965131688,41.93,459,41.84,1023
965310664,41.93,459,41.84,1024
965468376,41.75,459,41.84,1025
965490328,41.75,460,41.68,1025
965669992,41.75,460,41.68,1026
965850328,41.75,460,41.52,1027
965883256,41.56,460,41.52,1028
966030872,41.56,461,41.47,1028
966211864,41.56,461,41.37,1029
966300136,41.36,461,41.37,1030
966393096,41.36,462,41.32,1030
966574776,41.36,462,41.22,1031
966719048,41.16,462,41.22,1032
966756904,41.16,463,41.11,1032
966939480,41.16,463,41.01,1033
967122280,41.16,463,40.96,1034
967139976,40.97,463,40.96,1035
967305304,40.97,464,40.91,1035
967489000,40.97,464,40.76,1036
967562920,40.77,464,40.76,1037
967672920,40.77,465,40.71,1037
967857288,40.77,465,40.61,1038
967987880,40.58,465,40.61,1039
968042104,40.58,466,40.52,1039
968227144,40.58,466,40.47,1040
968412632,40.58,466,40.37,1041
968414864,40.39,466,40.37,1042
968598584,40.39,467,40.27,1042
968784968,40.39,467,40.18,1043
968843880,40.19,467,40.18,1044
968971576,40.19,468,40.13,1044
969158616,40.19,468,40.03,1045
969275080,39.99,468,40.03,1046
969346296,39.99,469,39.9,1046
969534024,39.99,469,39.89,1047
969708536,39.78,469,39.89,1048
969722440,39.78,470,39.74,1048
969911064,39.78,470,39.7,1049
970100360,39.78,470,39.56,1050
970144056,39.59,470,39.56,1051
970289880,39.59,471,39.51,1051
970479848,39.59,471,39.42,1052
970581768,39.4,471,39.42,1053
970670264,39.4,472,39.32,1053
970861128,39.4,472,39.23,1054
971021752,39.19,472,39.23,1055
971052216,39.19,473,39.19,1055
971243752,39.19,473,39.09,1056
971435928,39.19,473,38.96,1057
971463944,39,473,38.96,1058
971628584,39,474,38.87,1058
971821432,39,474,38.83,1059
971908360,38.8,474,38.83,1060
972014760,38.8,475,38.73,1060
972208744,38.8,475,38.6,1061
972355032,38.61,475,38.6,1062
972402968,38.61,476,38.55,1062
972597640,38.61,476,38.46,1063
972792744,38.61,476,38.38,1064
972804184,38.39,476,38.38,1065
972988312,38.39,477,38.29,1065
973184328,38.39,477,38.2,1066
973255784,38.18,477,38.2,1067
973380776,38.18,478,38.12,1067
973577896,38.18,478,37.99,1068
973709624,38,478,37.99,1069
973775240,38,479,37.94,1069
973973048,38,479,37.85,1070
974166136,37.77,479,37.85,1071
974171512,37.77,480,37.73,1071
974370216,37.77,480,37.68,1072
974569368,37.77,480,37.6,1073
974624936,37.59,480,37.6,1074
974769192,37.59,481,37.47,1074
974969240,37.59,481,37.43,1075
975086184,37.39,481,37.43,1076
975169976,37.39,482,37.3,1076
975371144,37.39,482,37.22,1077
975550136,37.17,482,37.22,1078
975572776,37.17,483,37.14,1078
975774840,37.17,483,37.06,1079
975977576,37.17,483,36.93,1080
976016568,36.97,483,36.93,1081
976180536,36.97,484,36.89,1081
976384152,36.97,484,36.78,1082
976485624,36.76,484,36.78,1083
976588216,36.76,485,36.69,1083
976792952,36.76,485,36.57,1084
976957384,36.55,485,36.57,1085
976997944,36.55,486,36.53,1085
977203592,36.55,486,36.41,1086
977409672,36.55,486,36.34,1087
977431864,36.34,486,36.34,1088
977616216,36.34,487,36.25,1088
977823416,36.34,487,36.14,1089
977909000,36.14,487,36.14,1090
978031080,36.14,488,36.06,1090
978239176,36.14,488,35.98,1091
978388824,35.94,488,35.98,1092
978447976,35.94,489,35.86,1092
978657208,35.94,489,35.79,1093
978866888,35.94,489,35.71,1094
978871600,35.72,489,35.71,1095
979077240,35.72,490,35.6,1095
979288024,35.72,490,35.52,1096
979357032,35.52,490,35.52,1097
979499496,35.52,491,35.41,1097
979711416,35.52,491,35.33,1098
979845608,35.29,491,35.33,1099
979924008,35.29,492,35.22,1099
980137048,35.29,492,35.15,1100
980336872,35.1,492,35.15,1101
980350536,35.1,493,35.07,1101
980564696,35.1,493,34.96,1102
980779528,35.1,493,34.86,1103
980831288,34.88,493,34.86,1104
980994808,34.88,494,34.78,1104
981210728,34.88,494,34.68,1105
981328792,34.66,494,34.68,1106
981427144,34.66,495,34.6,1106
981643992,34.66,495,34.53,1107
981829256,34.46,495,34.53,1108
981861752,34.46,496,34.39,1108
982079944,34.46,496,34.32,1109
982298584,34.46,496,34.25,1110
982332648,34.26,496,34.25,1111
982517912,34.26,497,34.14,1111
982737896,34.26,497,34.04,1112
982839608,34.01,497,34.04,1113
982958536,34.01,498,33.94,1113
983179864,34.01,498,33.83,1114
983349432,33.82,498,33.83,1115
983401624,33.82,499,33.77,1115
983624056,33.82,499,33.66,1116
983847160,33.82,499,33.56,1117
983862840,33.59,499,33.56,1118
984070712,33.59,500,33.5,1118
984294936,33.59,500,33.4,1119
984379384,33.38,500,33.4,1120
984520072,33.38,501,33.26,1120
984745640,33.38,501,33.2,1121
984899320,33.17,501,33.2,1122
984971688,33.17,502,33.13,1122
985198600,33.17,502,33,1123
985422824,32.94,502,33,1124
985426168,32.94,503,32.9,1124
985654440,32.94,503,32.8,1125
985883144,32.94,503,32.74,1126
985949672,32.73,503,32.74,1127
986112744,32.73,504,32.61,1127
986343032,32.73,504,32.52,1128
986480136,32.51,504,32.52,1129
986573768,32.51,505,32.45,1129
986805400,32.51,505,32.33,1130
987014408,32.28,505,32.33,1131
987037704,32.28,506,32.23,1131
987270664,32.28,506,32.14,1132
987504296,32.28,506,32.05,1133
987552216,32.06,506,32.05,1134
987738568,32.06,507,31.96,1134
987973752,32.06,507,31.84,1135
988093800,31.84,507,31.84,1136
988209608,31.84,508,31.75,1136
988445928,31.84,508,31.69,1137
988639256,31.61,508,31.69,1138
988683176,31.61,509,31.56,1138
988921304,31.61,509,31.45,1139
989159880,31.61,509,31.39,1140
989188568,31.39,509,31.39,1141
989399352,31.39,510,31.27,1141
989639496,31.39,510,31.18,1142
989741880,31.17,510,31.18,1143
989880552,31.17,511,31.06,1143
990122248,31.17,511,30.98,1144
990299224,30.94,511,30.98,1145
990364856,30.94,512,30.86,1145
990608136,30.94,512,30.78,1146
990852312,30.94,512,30.67,1147
990860616,30.72,512,30.67,1148
991097176,30.72,513,30.58,1148
991342696,30.72,513,30.5,1149
991426264,30.49,513,30.5,1150
991589352,30.49,514,30.36,1150
991836440,30.49,514,30.3,1151
991996392,30.25,514,30.3,1152
992084664,30.25,515,30.17,1152
992333544,30.25,515,30.09,1153
992570520,30.04,515,30.09,1154
992583272,30.04,516,29.98,1154
992833912,30.04,516,29.88,1155
993085448,30.04,516,29.77,1156
993149528,29.78,516,29.77,1157
993337688,29.78,517,29.69,1157
993590808,29.78,517,29.58,1158
993732824,29.56,517,29.58,1159
993845048,29.56,518,29.45,1159
994099976,29.56,518,29.37,1160
994320856,29.32,518,29.37,1161
994355800,29.32,519,29.27,1161
994612520,29.32,519,29.17,1162
994870136,29.32,519,29.07,1163
994913608,29.09,519,29.07,1164
995128632,29.09,520,28.97,1164
995388008,29.09,520,28.87,1165
995511416,28.85,520,28.87,1166
995648504,28.85,521,28.75,1166
995909704,28.85,521,28.67,1167
996114008,28.62,521,28.67,1168
996172024,28.62,522,28.55,1168
996435224,28.62,522,28.45,1169
996699560,28.62,522,28.33,1170
996721736,28.37,522,28.33,1171
996964776,28.37,523,28.23,1171
997230904,28.37,523,28.14,1172
997334632,28.14,523,28.14,1173
997498168,28.14,524,28.02,1173
997766088,28.14,524,27.95,1174
997952920,27.89,524,27.95,1175
998035352,27.89,525,27.81,1175
998305512,27.89,525,27.72,1176
998576568,27.65,525,27.72,1177
998578352,27.65,526,27.44,1177
998849208,27.65,526,27.65,1178
999122504,27.65,526,27.4,1179
999205608,27.41,526,27.4,1180
999396920,27.41,527,27.29,1180
999672456,27.41,527,27.18,1181
999840472,27.16,527,27.18,1182
999948904,27.16,528,27.09,1182
1000226648,27.16,528,26.96,1183
1000481384,26.91,528,26.96,1184
1000505400,26.91,529,26.86,1184
1000785448,26.91,529,26.74,1185
1001066392,26.91,529,26.65,1186
1001128040,26.67,529,26.65,1187
1001348728,26.67,530,26.52,1187
1001632136,26.67,530,26.42,1188
1001780920,26.41,530,26.42,1189
1001916712,26.41,531,26.31,1189
1002202360,26.41,531,26.21,1190
1002439848,26.17,531,26.21,1191
1002489400,26.17,532,26.09,1191
1002777512,26.17,532,25.99,1192
1003066968,26.17,532,25.87,1193
1003105544,25.9,532,25.87,1194
1003357816,25.9,533,25.75,1194
1003649736,25.9,533,25.65,1195
1003777912,25.65,533,25.65,1196
1003943048,25.65,534,25.53,1196
1004237432,25.65,534,25.44,1197
1004456776,25.4,534,25.44,1198
1004533432,25.4,535,25.3,1198
1004830504,25.4,535,25.21,1199
1005129144,25.4,535,25.07,1200
1005143080,25.13,535,25.07,1201
1005429176,25.13,536,24.96,1201
1005730504,25.13,536,24.85,1202
1005836504,24.87,536,24.85,1203
1006033224,24.87,537,24.74,1203
1006337464,24.87,537,24.61,1204
1006537544,24.6,537,24.61,1205
1006643096,24.6,538,24.5,1205
1006950248,24.6,538,24.38,1206
1007246424,24.33,538,24.38,1207
1007259016,24.33,539,24.25,1207
1007569080,24.33,539,24.15,1208
1007880712,24.33,539,24.03,1209
1007962968,24.07,539,24.03,1210
1008193736,24.07,540,23.92,1210
1008508280,24.07,540,23.81,1211
1008687752,23.79,540,23.81,1212
1008824440,23.79,541,23.68,1212
1009142120,23.79,541,23.57,1213
1009421048,23.52,541,23.57,1214
1009461416,23.52,542,23.45,1214
1009782456,23.52,542,23.32,1215
1010105064,23.52,542,23.21,1216
1010162680,23.25,542,23.21,1217
1010429288,23.25,543,23.1,1217
1010755256,23.25,543,22.97,1218
1010913448,22.97,543,22.97,1219
1011082840,22.97,544,22.86,1219
1011412392,22.97,544,22.72,1220
1011673400,22.69,544,22.72,1221
1011743560,22.69,545,22.61,1221
1012076472,22.69,545,22.49,1222
1012411400,22.69,545,22.36,1223
1012442584,22.42,545,22.36,1224
1012747944,22.42,546,22.25,1224
1013086456,22.42,546,22.12,1225
1013221800,22.13,546,22.12,1226
1013426808,22.13,547,22,1226
1013769128,22.13,547,21.87,1227
1014011096,21.85,547,21.87,1228
1014113512,21.85,548,21.74,1228
1014459640,21.85,548,21.63,1229
1014808008,21.85,548,21.49,1230
1014810968,21.56,548,21.49,1231
1015158456,21.56,549,21.37,1231
1015510856,21.56,549,21.25,1232
1015621784,21.27,549,21.25,1233
1015865544,21.27,550,21.11,1233
1016222200,21.27,550,21,1234
1016444008,20.97,550,21,1235
1016581144,20.97,551,20.86,1235
1016942280,20.97,551,20.73,1236
1017277880,20.68,551,20.73,1237
1017305704,20.68,552,20.6,1237
1017671320,20.68,552,20.48,1238
1018039400,20.68,552,20.34,1239
1018123896,20.38,552,20.34,1240
1018409992,20.38,553,20.21,1240
1018782776,20.38,553,20.09,1241
1018982856,20.08,553,20.09,1242
1019158264,20.08,554,19.94,1242
1019535976,20.08,554,19.82,1243
1019855000,19.77,554,19.82,1244
1019916648,19.77,555,19.67,1244
1020299512,19.77,555,19.56,1245
1020685288,19.77,555,19.41,1246
1020740888,19.47,555,19.41,1247
1021073800,19.47,556,19.27,1247
1021464952,19.47,556,19.14,1248
1021641512,19.15,556,19.14,1249
1021859288,19.15,557,18.99,1249
1022256264,19.15,557,18.86,1250
1022557368,18.83,557,18.86,1251
1022656200,18.83,558,18.72,1251
1023059224,18.83,558,18.58,1252
1023465160,18.83,558,18.45,1253
1023488952,18.51,558,18.45,1254
1023874280,18.51,559,18.3,1254
1024286712,18.51,559,18.16,1255
1024437512,18.18,559,18.16,1256
1024702328,18.18,560,18.02,1256
1025121480,18.18,560,17.86,1257
1025403544,17.85,560,17.86,1258
1025543816,17.85,561,17.73,1258
1025969912,17.85,561,17.57,1259
1026388168,17.51,561,17.57,1260
1026399416,17.51,562,17.43,1260
1026832680,17.51,562,17.28,1261
1027269752,17.51,562,17.13,1262
1027392328,17.17,562,17.13,1263
1027710680,17.17,563,16.98,1263
1028155816,17.17,563,16.82,1264
1028417272,16.82,563,16.82,1265
1028604808,16.82,564,16.68,1265
1029058232,16.82,564,16.51,1266
1029464392,16.47,564,16.51,1267
1029515960,16.47,565,16.36,1267
1029978120,16.47,565,16.2,1268
1030444984,16.47,565,16.04,1269
1030535080,16.11,565,16.04,1270
1030916152,16.11,566,15.89,1270
1031392200,16.11,566,15.73,1271
1031630584,15.74,566,15.73,1272
1031873000,15.74,567,15.57,1272
1032359128,15.74,567,15.4,1273
1032752520,15.37,567,15.4,1274
1032850232,15.37,568,15.25,1274
1033346440,15.37,568,15.09,1275
1033848472,15.37,568,14.92,1276
1033902728,14.99,568,14.92,1277
1034356152,14.99,569,14.75,1277
1034869608,14.99,569,14.58,1278
1035082904,14.61,569,14.58,1279
1035389160,14.61,570,14.41,1279
1035914936,14.61,570,14.24,1280
1036296008,14.21,570,14.24,1281
1036447256,14.21,571,14.07,1281
1036986024,14.21,571,13.9,1282
1037532184,14.21,571,13.71,1283
1037544328,13.81,571,13.71,1284
1038085336,13.81,572,13.54,1284
1038646056,13.81,572,13.35,1285
1038831128,13.4,572,13.35,1286
1039214440,13.4,573,13.17,1286
1039791064,13.4,573,12.99,1287
1040160040,12.98,573,12.99,1288
1040376248,12.98,574,12.8,1288
1040970120,12.98,574,12.61,1289
1041534872,12.54,574,12.61,1290
1041573224,12.54,575,12.42,1290
1042185912,12.54,575,12.22,1291
1042808904,12.54,575,12.02,1292
1042961496,12.09,575,12.02,1293
1043442440,12.09,576,11.82,1293
1044086936,12.09,576,11.62,1294
1044444264,11.63,576,11.62,1295
1044742904,11.63,577,11.42,1295
1045411144,11.63,577,11.21,1296
1045990680,11.15,577,11.21,1297
1046092424,11.15,578,10.99,1297
1046786872,11.15,578,10.78,1298
1047496328,11.15,578,10.55,1299
1047608824,10.66,578,10.55,1300
1048220616,10.66,579,10.34,1300
1048961880,10.66,579,10.1,1301
1049310248,10.14,579,10.1,1302
1049720440,10.14,580,9.87,1302
1050498168,10.14,580,9.63,1303
1051108104,9.59,580,9.63,1304
1051296008,9.59,581,9.39,1304
1052114888,9.59,581,9.14,1305
1052957288,9.59,581,8.89,1306
1053018600,9.03,581,8.89,1307
1053824264,9.03,582,8.64,1307
1054719976,9.03,582,8.36,1308
1055065112,8.43,582,8.36,1309
1055645672,8.43,583,8.09,1309
1056605000,8.43,583,7.81,1310
1057279848,7.79,583,7.81,1311
1057601448,7.79,584,7.51,1311
1058639208,7.79,584,7.22,1312
1059709640,7.1,584,7.22,1313
1059724584,7.1,585,6.9,1313
1060862664,7.1,585,6.58,1314
1062064584,7.1,585,6.23,1315
1062427640,6.34,585,6.23,1316
1063337496,6.34,586,5.88,1316
1064699800,6.34,586,5.5,1317
1065561688,5.5,586,5.5,1318
1066168472,5.5,587,5.1,1318
1067773144,5.5,587,4.67,1319
1069375352,4.52,587,4.67,1320
1069561208,4.52,588,4.19,1320
1071601336,4.52,588,3.67,1321
1074061240,4.52,588,3.04,1322
1074643800,3.27,588,3.04,1323
1077304408,3.27,589,2.31,1323
